"WIDDIM_REGION"|"WIDDIM_REGION_PPTO"|"ORIG_ID"|"ID_TRANS"|"CODIGO_RPT"|"AGRUPADOR_BI"|"REGION"|"REGION_OPERATIVA"|"SUBREGION"|"SUBREGION_OPERATIVA"|"ENTIDAD_FEDERATIVA"|"HUB_CM"|"RPT"|"PLAZA"|"FLG_EVALUACION_TC"|"FLG_PPTO_UNICO"|"OFERTA_PLAZA"|"RPT_OPERATIVO"|"PLAZA_WR"|"TIPO_PLAZA"
5856||5|"MTE"|"759"|"CABLEMAS"|"NORTE"|"NORESTE"|"NORESTE"|"NORESTE"|"TAMAULIPAS"|"PMG VALLES"|"TAMAULIPAS"|"MANTE"|||"WIZZ"||"SIN PLAZA WR"|"On Net"
5855||3|"CDS"|"601"|"CABLEMAS"|"METRO"|"METROPOLITANA"|"METROPOLITANA"|"METROPOLITANA"|"HIDALGO"|"PMM TULA"|"PACHUCA"|"SAHAGUN"|||"WIZZ"|"PACHUCA"|"SIN PLAZA WR"|"Off Net"
5854||3|"MTE"|"759"|"CABLEMAS"|"NORTE"|"NORESTE"|"NORESTE"|"NORESTE"|"TAMAULIPAS"|"PMG VALLES"|"TAMAULIPAS"|"MANTE"|||"WIZZ"|"OFFNET"|"SIN PLAZA WR"|"On Net"
5857||5|"CDS"|"601"|"CABLEMAS"|"METRO"|"METROPOLITANA"|"METROPOLITANA"|"METROPOLITANA"|"HIDALGO"|"PMM TULA"|"PACHUCA"|"SAHAGUN"|||"WIZZ"||"SIN PLAZA WR"|"Off Net"
2487||3|"1"|"759"|"SKY"|"NORTE"|"NORTE"|"PACIFICO"|"PACIFICO"|"Sonora"|"HUB NAVOJOA"|"NO IDENTIFICADA"|"ALAMOS"|"N"||"ND"|"OFFNET"|"SIN PLAZA WR"|"OFF RED"
2491||3|"1"|"759"|"SKY"|"SUR"|"INTERIOR"|"SURESTE"|"SURESTE"|"Chiapas"|"HUB OCOSINGO"|"NO IDENTIFICADA"|"LAS MARGARITAS"|"N"||"ND"|"OFFNET"|"SIN PLAZA WR"|"OFF RED"
2806||3|"1"|"759"|"SKY"|"SUR"|"INTERIOR"|"OCCIDENTE"|"OCCIDENTE"|"Michoacán de Ocampo"|"HUB TACAMBARO"|"NO IDENTIFICADA"|"TURICATO"|"N"||"ND"|"OFFNET"|"SIN PLAZA WR"|"OFF RED"
2116|"787D41D9C35C57EF9E4ABA799BACEFAC312149A4"|30||"0"|"SKY"|"SUR"|"SUR"|"OCCIDENTE"|"SURESTE"|"OAXACA"|"SKY - OAXACA"|"SKY - OAXACA"|"SKY - OAXACA"|||||"SIN PLAZA WR"|"NO IDENTIFICADA"
2503||3|"1"|"759"|"SKY"|"SUR"|"INTERIOR"|"SURESTE"|"SURESTE"|"Chiapas"|"HUB TAPACHULA"|"NO IDENTIFICADA"|"MAZATAN"|"N"||"ND"|"OFFNET"|"SIN PLAZA WR"|"OFF RED"
2507||3|"1"|"759"|"SKY"|"METRO"|"METRO"|"METROPOLITANA"|"MXNORTE"|"México"|"HUB IXTLAHUACA"|"NO IDENTIFICADA"|"ATLACOMULCO"|"N"||"ND"|"OFFNET"|"SIN PLAZA WR"|"OFF NET"
2511||3|"1"|"759"|"SKY"|"SUR"|"INTERIOR"|"SURESTE"|"GOLFO"|"Puebla"|"HUB TEHUACAN"|"NO IDENTIFICADA"|"TEHUACAN"|"N"||"ND"|"OFFNET"|"SIN PLAZA WR"|"ON NET"
2266||3|"1"|"759"|"SKY"|"SUR"|"INTERIOR"|"OCCIDENTE"|"SURESTE"|"Oaxaca"|"HUB PINOTEPA"|"NO IDENTIFICADA"|"MESONES HIDALGO"|"N"||"ND"|"OFFNET"|"SIN PLAZA WR"|"OFF NET"
2320||3|"1"|"759"|"SKY"|"SUR"|"INTERIOR"|"OCCIDENTE"|"SURESTE"|"Oaxaca"|"HUB SALINA CRUZ"|"NO IDENTIFICADA"|"SAN MATEO DEL MAR"|"N"||"ND"|"OFFNET"|"SIN PLAZA WR"|"OFF RED"
2523||3|"1"|"759"|"SKY"|"SUR"|"INTERIOR"|"SURESTE"|"GOLFO"|"Veracruz de Ignacio de la Llave"|"HUB VERACRUZ"|"NO IDENTIFICADA"|"MARIANO ESCOBEDO"|"N"||"ND"|"OFFNET"|"SIN PLAZA WR"|"OFF NET"
2527||3|"1"|"759"|"SKY"|"METRO"|"METRO"|"METROPOLITANA"|"MXNORTE"|"Hidalgo"|"HUB TULA"|"NO IDENTIFICADA"|"TULA HGO"|"N"||"ND"|"OFFNET"|"SIN PLAZA WR"|"ON NET"
2531||3|"1"|"759"|"SKY"|"NORTE"|"NORTE"|"PACIFICO"|"PACIFICO"|"Sonora"|"HUB NOGALES"|"NO IDENTIFICADA"|"NACOZARI DE GARCIA"|"N"||"ND"|"OFFNET"|"SIN PLAZA WR"|"OFF NET"
2535||3|"1"|"759"|"SKY"|"SUR"|"INTERIOR"|"SURESTE"|"GOLFO"|"Tlaxcala"|"HUB ATLTZAYANCA"|"NO IDENTIFICADA"|"ATLTZAYANCA"|"N"||"ND"|"OFFNET"|"SIN PLAZA WR"|"OFF RED"
2539||3|"1"|"759"|"SKY"|"SUR"|"INTERIOR"|"SURESTE"|"SURESTE"|"Chiapas"|"HUB REFORMA"|"NO IDENTIFICADA"|"OSUMACINTA"|"N"||"ND"|"OFFNET"|"SIN PLAZA WR"|"OFF NET"
2203||3|"1"|"759"|"SKY"|"SUR"|"INTERIOR"|"OCCIDENTE"|"SURESTE"|"Oaxaca"|"HUB HUAJUAPAN"|"NO IDENTIFICADA"|"COSOLAPA"|"N"||"ND"|"OFFNET"|"SIN PLAZA WR"|"OFF NET"
2705||3|"1"|"759"|"SKY"|"SUR"|"INTERIOR"|"OCCIDENTE"|"SURESTE"|"Oaxaca"|"HUB OAXACA"|"NO IDENTIFICADA"|"AYOQUEZCO"|"N"||"ND"|"OFFNET"|"SIN PLAZA WR"|"OFF RED"
2723||3|"1"|"759"|"SKY"|"SUR"|"INTERIOR"|"OCCIDENTE"|"SURESTE"|"Oaxaca"|"HUB SALINA CRUZ"|"NO IDENTIFICADA"|"ASUNCION IXTALTEPEC"|"N"||"ND"|"OFFNET"|"SIN PLAZA WR"|"OFF RED"
2744||3|"1"|"759"|"SKY"|"SUR"|"INTERIOR"|"OCCIDENTE"|"SURESTE"|"Oaxaca"|"HUB HUAJUAPAN"|"NO IDENTIFICADA"|"TEOTITLAN"|"N"||"ND"|"OFFNET"|"SIN PLAZA WR"|"OFF NET"
2559||3|"1"|"759"|"SKY"|"SUR"|"INTERIOR"|"SURESTE"|"GOLFO"|"Veracruz de Ignacio de la Llave"|"HUB SAN ANDRES TUXTLA"|"NO IDENTIFICADA"|"ISLA"|"N"||"ND"|"OFFNET"|"SIN PLAZA WR"|"OFF NET"
2344||3|"1"|"759"|"SKY"|"SUR"|"INTERIOR"|"OCCIDENTE"|"SURESTE"|"Oaxaca"|"HUB HUATULCO"|"NO IDENTIFICADA"|"SANTOS REYES NOPALA"|"N"||"ND"|"OFFNET"|"SIN PLAZA WR"|"OFF RED"
2371||3|"1"|"759"|"SKY"|"SUR"|"INTERIOR"|"OCCIDENTE"|"SURESTE"|"Oaxaca"|"HUB HUAJUAPAN"|"NO IDENTIFICADA"|"SAN JOSE TENANGO"|"N"||"ND"|"OFFNET"|"SIN PLAZA WR"|"OFF RED"
2571||3|"1"|"759"|"SKY"|"SUR"|"INTERIOR"|"SURESTE"|"GOLFO"|"Puebla"|"HUB TEZIUTLAN"|"NO IDENTIFICADA"|"IXTEPEC"|"N"||"ND"|"OFFNET"|"SIN PLAZA WR"|"OFF RED"
2575||3|"1"|"759"|"SKY"|"NORTE"|"INTERIOR"|"NORESTE"|"GOLFO"|"San Luis Potosí"|"HUB RIOVERDE"|"NO IDENTIFICADA"|"RAYON"|"N"||"ND"|"OFFNET"|"SIN PLAZA WR"|"OFF RED"
2380||3|"1"|"759"|"SKY"|"SUR"|"INTERIOR"|"OCCIDENTE"|"SURESTE"|"Oaxaca"|"HUB JUXTLAHUACA"|"NO IDENTIFICADA"|"PERAS"|"N"||"ND"|"OFFNET"|"SIN PLAZA WR"|"OFF NET"
2583||3|"1"|"759"|"SKY"|"NORTE"|"INTERIOR"|"PACIFICO"|"CENTRO"|"Durango"|"HUB GOMEZ PALACIO"|"NO IDENTIFICADA"|"NAZAS"|"N"||"ND"|"OFFNET"|"SIN PLAZA WR"|"OFF NET"
2587||3|"1"|"759"|"SKY"|"METRO"|"METRO"|"METROPOLITANA"|"MXNORTE"|"México"|"HUB IXTLAHUACA"|"NO IDENTIFICADA"|"MORELOS MEX"|"N"||"ND"|"OFFNET"|"SIN PLAZA WR"|"OFF RED"
2591||3|"1"|"759"|"SKY"|"NORTE"|"NORTE"|"PACIFICO"|"PACIFICO"|"Chihuahua"|"HUB PARRAL"|"NO IDENTIFICADA"|"SAN FCO DEL ORO"|"N"||"ND"|"OFFNET"|"SIN PLAZA WR"|"OFF NET"
2595||3|"1"|"759"|"SKY"|"SUR"|"INTERIOR"|"SURESTE"|"GOLFO"|"Puebla"|"HUB TEHUACAN"|"NO IDENTIFICADA"|"SANTIAGO MIHUATLAN"|"N"||"ND"|"OFFNET"|"SIN PLAZA WR"|"OFF NET"
2393||3|"1"|"759"|"SKY"|"SUR"|"INTERIOR"|"OCCIDENTE"|"SURESTE"|"Oaxaca"|"HUB PINOTEPA"|"NO IDENTIFICADA"|"HUAXPALTEPEC"|"N"||"ND"|"OFFNET"|"SIN PLAZA WR"|"OFF NET"
2603||3|"1"|"759"|"SKY"|"SUR"|"INTERIOR"|"SURESTE"|"GOLFO"|"Veracruz de Ignacio de la Llave"|"HUB VERACRUZ"|"NO IDENTIFICADA"|"TEZONAPA"|"N"||"ND"|"OFFNET"|"SIN PLAZA WR"|"OFF RED"
2433||3|"1"|"759"|"SKY"|"SUR"|"INTERIOR"|"OCCIDENTE"|"SURESTE"|"Oaxaca"|"HUB HUAJUAPAN"|"NO IDENTIFICADA"|"CUYAMECALCO"|"N"||"ND"|"OFFNET"|"SIN PLAZA WR"|"OFF RED"
2611||3|"1"|"759"|"SKY"|"NORTE"|"NORTE"|"PACIFICO"|"PACIFICO"|"Sonora"|"HUB NOGALES"|"NO IDENTIFICADA"|"NOGALES"|"N"||"ND"|"OFFNET"|"SIN PLAZA WR"|"ON NET"
2461||3|"1"|"759"|"SKY"|"SUR"|"INTERIOR"|"OCCIDENTE"|"SURESTE"|"Oaxaca"|"HUB OAXACA"|"NO IDENTIFICADA"|"SANTA CRUZ MIXTEPEC"|"N"||"ND"|"OFFNET"|"SIN PLAZA WR"|"OFF NET"
2619||3|"1"|"759"|"SKY"|"NORTE"|"INTERIOR"|"PACIFICO"|"CENTRO"|"Nayarit"|"HUB TECUALA"|"NO IDENTIFICADA"|"HUAJICORI"|"N"||"ND"|"OFFNET"|"SIN PLAZA WR"|"OFF RED"
2623||3|"1"|"759"|"SKY"|"SUR"|"INTERIOR"|"SURESTE"|"GOLFO"|"Tlaxcala"|"HUB YAHUQUEMEHCAN"|"NO IDENTIFICADA"|"YAUHQUEMEHCAN"|"N"||"ND"|"OFFNET"|"SIN PLAZA WR"|"ON NET"
2627||3|"1"|"759"|"SKY"|"SUR"|"INTERIOR"|"SURESTE"|"GOLFO"|"Tlaxcala"|"HUB SAN PABLO DEL MONTE"|"NO IDENTIFICADA"|"XICOHZINCO"|"N"||"ND"|"OFFNET"|"SIN PLAZA WR"|"OFF NET"
2631||3|"1"|"759"|"SKY"|"NORTE"|"NORTE"|"NORESTE"|"NORESTE"|"Coahuila de Zaragoza"|"HUB TORREON"|"NO IDENTIFICADA"|"VIESCA"|"N"||"ND"|"OFFNET"|"SIN PLAZA WR"|"OFF RED"
2635||3|"1"|"759"|"SKY"|"SUR"|"INTERIOR"|"SURESTE"|"SURESTE"|"Chiapas"|"HUB TUXTLA GUTIERREZ"|"NO IDENTIFICADA"|"VILLAFLORES"|"N"||"ND"|"OFFNET"|"SIN PLAZA WR"|"OFF NET"
2639||3|"1"|"759"|"SKY"|"METRO"|"METRO"|"METROPOLITANA"|"MXSUR"|"México"|"HUB CHALCO"|"NO IDENTIFICADA"|"ATLAUTLA"|"N"||"ND"|"OFFNET"|"SIN PLAZA WR"|"OFF NET"
2643||3|"1"|"759"|"SKY"|"NORTE"|"INTERIOR"|"PACIFICO"|"CENTRO"|"Sinaloa"|"HUB AHOME"|"NO IDENTIFICADA"|"AHOME"|"N"||"ND"|"OFFNET"|"SIN PLAZA WR"|"OFF NET"
2647||3|"1"|"759"|"SKY"|"METRO"|"METRO"|"METROPOLITANA"|"MXNORTE"|"México"|"HUB TOLUCA"|"NO IDENTIFICADA"|"CALPUHUAC"|"N"||"ND"|"OFFNET"|"SIN PLAZA WR"|"ON NET"
2651||3|"1"|"759"|"SKY"|"SUR"|"INTERIOR"|"SURESTE"|"SURESTE"|"Yucatán"|"HUB MERIDA"|"NO IDENTIFICADA"|"IXIL"|"N"||"ND"|"OFFNET"|"SIN PLAZA WR"|"OFF RED"
2655||3|"1"|"759"|"SKY"|"SUR"|"INTERIOR"|"SURESTE"|"GOLFO"|"Puebla"|"HUB AMOZOC"|"NO IDENTIFICADA"|"LIBRES"|"N"||"ND"|"OFFNET"|"SIN PLAZA WR"|"OFF NET"
2659||3|"1"|"759"|"SKY"|"SUR"|"INTERIOR"|"SURESTE"|"GOLFO"|"Tlaxcala"|"HUB HUAMANTLA"|"NO IDENTIFICADA"|"TZOMPANTEPEC"|"N"||"ND"|"OFFNET"|"SIN PLAZA WR"|"OFF NET"
2663||3|"1"|"759"|"SKY"|"NORTE"|"INTERIOR"|"NORESTE"|"CENTRO"|"Guanajuato"|"HUB IRAPUATO"|"NO IDENTIFICADA"|"CORTAZAR"|"N"||"ND"|"OFFNET"|"SIN PLAZA WR"|"OFF NET"
2667||3|"1"|"759"|"SKY"|"SUR"|"INTERIOR"|"SURESTE"|"GOLFO"|"Puebla"|"HUB AMOZOC"|"NO IDENTIFICADA"|"TLACHICHUCA"|"N"||"ND"|"OFFNET"|"SIN PLAZA WR"|"OFF RED"
2783||3|"1"|"759"|"SKY"|"METRO"|"METRO"|"METROPOLITANA"|"MXNORTE"|"México"|"HUB IXTLAHUACA"|"NO IDENTIFICADA"|"SOYANIQUILPAN"|"N"||"ND"|"OFFNET"|"SIN PLAZA WR"|"OFF RED"
2787||3|"1"|"759"|"SKY"|"SUR"|"INTERIOR"|"SURESTE"|"GOLFO"|"Veracruz de Ignacio de la Llave"|"HUB VERACRUZ"|"NO IDENTIFICADA"|"VERACRUZ"|"N"||"ND"|"OFFNET"|"SIN PLAZA WR"|"OFF NET"
2554||3|"1"|"759"|"SKY"|"SUR"|"INTERIOR"|"OCCIDENTE"|"SURESTE"|"Oaxaca"|"HUB JUXTLAHUACA"|"NO IDENTIFICADA"|"SAN MIGUEL TLACOTEPEC"|"N"||"ND"|"OFFNET"|"SIN PLAZA WR"|"OFF NET"
2795||3|"1"|"759"|"SKY"|"SUR"|"INTERIOR"|"SURESTE"|"SURESTE"|"Yucatán"|"HUB UMAN"|"NO IDENTIFICADA"|"TETIZ"|"N"||"ND"|"OFFNET"|"SIN PLAZA WR"|"OFF RED"
2799||3|"1"|"759"|"SKY"|"SUR"|"INTERIOR"|"SURESTE"|"SURESTE"|"Yucatán"|"HUB IZAMAL"|"NO IDENTIFICADA"|"CENOTILLO"|"N"||"ND"|"OFFNET"|"SIN PLAZA WR"|"OFF NET"
2564||3|"1"|"759"|"SKY"|"SUR"|"INTERIOR"|"OCCIDENTE"|"SURESTE"|"Oaxaca"|"HUB TUXTEPEC"|"NO IDENTIFICADA"|"COTZOCON"|"N"||"ND"|"OFFNET"|"SIN PLAZA WR"|"OFF RED"
2589||3|"1"|"759"|"SKY"|"SUR"|"INTERIOR"|"OCCIDENTE"|"SURESTE"|"Oaxaca"|"HUB SALINA CRUZ"|"NO IDENTIFICADA"|"JUCHITAN"|"N"||"ND"|"OFFNET"|"SIN PLAZA WR"|"OFF NET"
2811||3|"1"|"759"|"SKY"|"NORTE"|"INTERIOR"|"NORESTE"|"GOLFO"|"San Luis Potosí"|"HUB VALLES"|"NO IDENTIFICADA"|"SAN VICENTE TANCUAYALAB"|"N"||"ND"|"OFFNET"|"SIN PLAZA WR"|"OFF NET"
2815||3|"1"|"759"|"SKY"|"SUR"|"INTERIOR"|"SURESTE"|"SURESTE"|"Campeche"|"HUB CAMPECHE"|"NO IDENTIFICADA"|"CALKINI"|"N"||"ND"|"OFFNET"|"SIN PLAZA WR"|"OFF NET"
2599||3|"1"|"759"|"SKY"|"SUR"|"INTERIOR"|"OCCIDENTE"|"SURESTE"|"Oaxaca"|"HUB TUXTEPEC"|"NO IDENTIFICADA"|"IXTLAN DE JUAREZ"|"N"||"ND"|"OFFNET"|"SIN PLAZA WR"|"OFF RED"
2640||3|"1"|"759"|"SKY"|"SUR"|"INTERIOR"|"OCCIDENTE"|"SURESTE"|"Oaxaca"|"HUB TUXTEPEC"|"NO IDENTIFICADA"|"TUXTEPEC"|"N"||"ND"|"OFFNET"|"SIN PLAZA WR"|"OFF NET"
712|"3C1612ACBD3E1F3DAE77AB7D284AB8C6CC673E92"|5|"TEP"|"408"|"TELECABLE"|"SUR"|"NORTE"|"OCCIDENTE"|"CENTRO"|"JALISCO"|"PMC TEPATITLAN"|"TEPATITLAN"|"TEPATITLAN"||"Y"|"WIZZ"||"TEPATITLAN"|"NO IDENTIFICADA"
190|"DED7444DC06DEE8697F4AC51BFCDA4043051FAD7"|7|"TC40"|"0"|"TELECABLE"|"SUR"|"NORTE"|"OCCIDENTE"|"OCCIDENTE"|"JALISCO"|"ZAPOPAN"|"TESISTAN"|"TESISTAN"||"Y"|||"ND"|"NO IDENTIFICADA"
2748||3|"1"|"759"|"SKY"|"NORTE"|"NORTE"|"PACIFICO"|"PACIFICO"|"Chihuahua"|"HUB CHIHUAHUA"|"NO IDENTIFICADA"|"OJINAGA"|"N"||"ND"|"OFFNET"|"SIN PLAZA WR"|"OFF NET"
2752||3|"1"|"759"|"SKY"|"NORTE"|"INTERIOR"|"PACIFICO"|"CENTRO"|"Zacatecas"|"HUB NOCHISTLAN"|"NO IDENTIFICADA"|"APULPO"|"N"||"ND"|"OFFNET"|"SIN PLAZA WR"|"OFF NET"
2756||3|"1"|"759"|"SKY"|"SUR"|"INTERIOR"|"SURESTE"|"GOLFO"|"Veracruz de Ignacio de la Llave"|"HUB XALAPA"|"NO IDENTIFICADA"|"ACTOPAN VER"|"N"||"ND"|"OFFNET"|"SIN PLAZA WR"|"OFF RED"
775|"34A5699A9E6EFB817FCF02198B3D955B1068A774"|5|"PUR"|"557"|"CABLECOM"|"SUR"|"NORTE"|"OCCIDENTE"|"OCCIDENTE"|"MICHOACAN"|"PMO LOS REYES HIGUERITA"|"PUREPERO"|"PUREPERO"||"Y"|"WIZZ"||"TEOCALTICHE"|"NO IDENTIFICADA"
2764||3|"1"|"759"|"SKY"|"SUR"|"INTERIOR"|"SURESTE"|"GOLFO"|"Veracruz de Ignacio de la Llave"|"HUB TIERRA BLANCA"|"NO IDENTIFICADA"|"TIERRA BLANCA"|"N"||"ND"|"OFFNET"|"SIN PLAZA WR"|"OFF NET"
2768||3|"1"|"759"|"SKY"|"METRO"|"METRO"|"METROPOLITANA"|"MXNORTE"|"México"|"HUB TOLUCA"|"NO IDENTIFICADA"|"TENANCINGO"|"N"||"ND"|"OFFNET"|"SIN PLAZA WR"|"OFF NET"
2772||3|"1"|"759"|"SKY"|"NORTE"|"INTERIOR"|"NORESTE"|"GOLFO"|"San Luis Potosí"|"HUB RIOVERDE"|"NO IDENTIFICADA"|"ALAQUINES"|"N"||"ND"|"OFFNET"|"SIN PLAZA WR"|"OFF NET"
2776||3|"1"|"759"|"SKY"|"SUR"|"INTERIOR"|"SURESTE"|"SURESTE"|"Chiapas"|"HUB SAN CRISTOBAL"|"NO IDENTIFICADA"|"SIMOJOVEL"|"N"||"ND"|"OFFNET"|"SIN PLAZA WR"|"OFF RED"
2780||3|"1"|"759"|"SKY"|"METRO"|"METRO"|"METROPOLITANA"|"MXSUR"|"Ciudad de México"|"HUB TLAHUAC"|"NO IDENTIFICADA"|"TLAHUAC"|"N"||"ND"|"OFFNET"|"SIN PLAZA WR"|"ON NET"
2337||3|"1"|"759"|"SKY"|"NORTE"|"NORTE"|"PACIFICO"|"PACIFICO"|"Chihuahua"|"HUB GUACHOCHI"|"NO IDENTIFICADA"|"BALLEZA"|"N"||"ND"|"OFFNET"|"SIN PLAZA WR"|"OFF RED"
2341||3|"1"|"759"|"SKY"|"METRO"|"METRO"|"METROPOLITANA"|"MXNORTE"|"Hidalgo"|"HUB TULANCINGO"|"NO IDENTIFICADA"|"ALMOLOYA"|"N"||"ND"|"OFFNET"|"SIN PLAZA WR"|"OFF NET"
2345||3|"1"|"759"|"SKY"|"SUR"|"INTERIOR"|"SURESTE"|"GOLFO"|"Veracruz de Ignacio de la Llave"|"HUB COATZACOALCOS"|"NO IDENTIFICADA"|"JESUS CARRANZA"|"N"||"ND"|"OFFNET"|"SIN PLAZA WR"|"OFF RED"
2349||3|"1"|"759"|"SKY"|"NORTE"|"INTERIOR"|"PACIFICO"|"CENTRO"|"Durango"|"HUB DURANGO"|"NO IDENTIFICADA"|"CANATLAN"|"N"||"ND"|"OFFNET"|"SIN PLAZA WR"|"OFF RED"
2353||3|"1"|"759"|"SKY"|"NORTE"|"INTERIOR"|"NORESTE"|"GOLFO"|"San Luis Potosí"|"HUB MATEHUALA"|"NO IDENTIFICADA"|"VILLA DE RAMOS"|"N"||"ND"|"OFFNET"|"SIN PLAZA WR"|"OFF NET"
65|"612A93EFE48C9D0DFCA2FB974581783944318E4F"|7|"TC10"|"0"|"TELECABLE"|"SUR"|"NORTE"|"OCCIDENTE"|"OCCIDENTE"|"MICHOACAN"|"PMO LOS REYES HIGUERITA"|"LOS REYES"|"LOS REYES HIGUERITA"||"Y"|||"TEOCALTICHE"|"NO IDENTIFICADA"
2361||3|"1"|"759"|"SKY"|"SUR"|"INTERIOR"|"SURESTE"|"GOLFO"|"Tlaxcala"|"HUB SAN PABLO DEL MONTE"|"NO IDENTIFICADA"|"SANTA CRUZ QUILEHTLA"|"N"||"ND"|"OFFNET"|"SIN PLAZA WR"|"OFF NET"
2365||3|"1"|"759"|"SKY"|"NORTE"|"NORTE"|"PACIFICO"|"PACIFICO"|"Chihuahua"|"HUB CHIHUAHUA"|"NO IDENTIFICADA"|"AGUILES SERDAN"|"N"||"ND"|"OFFNET"|"SIN PLAZA WR"|"OFF NET"
2369||3|"1"|"759"|"SKY"|"METRO"|"METRO"|"METROPOLITANA"|"MXSUR"|"Morelos"|"HUB PUENTE DE IXTLA"|"NO IDENTIFICADA"|"MIACATLAN"|"N"||"ND"|"OFFNET"|"SIN PLAZA WR"|"OFF NET"
772|"9D7EA58287F3EE5D6D8C9FC35EA887F6456578EA"|3|"ZCP"|"556"|"CABLECOM"|"SUR"|"INTERIOR"|"OCCIDENTE"|"OCCIDENTE"|"MICHOACAN"|"PMO LOS REYES HIGUERITA"|"ZACAPU"|"ZACAPU"||"Y"|"WIZZ"|"ZACAPU"|"TEOCALTICHE"|"OFF NET"
2377||3|"1"|"759"|"SKY"|"SUR"|"INTERIOR"|"SURESTE"|"GOLFO"|"Veracruz de Ignacio de la Llave"|"HUB PANUCO"|"NO IDENTIFICADA"|"TANTOYUCA"|"N"||"ND"|"OFFNET"|"SIN PLAZA WR"|"OFF RED"
723|"C2F59790A17FDB325EA50F7E2274275E398762AC"|3|"PUR"|"557"|"CABLECOM"|"SUR"|"INTERIOR"|"OCCIDENTE"|"OCCIDENTE"|"MICHOACAN"|"PMO LOS REYES HIGUERITA"|"PUREPERO"|"PUREPERO"||"Y"|"WIZZ"|"PUREPERO"|"TEOCALTICHE"|"NO IDENTIFICADA"
2126|"787D41D9C35C57EF9E4ABA799BACEFAC312149A4"|30||"0"|"SKY"|"NORTE"|"NORTE"|"PACIFICO"|"CENTRO"|"DURANGO"|"SKY - DURANGO"|"SKY - DURANGO"|"SKY - DURANGO"|||||"SIN PLAZA WR"|"NO IDENTIFICADA"
936|"F5FF7F7055DD034D9F0078EE742FBB754A30C0A1"|16|"TU"|"039"|"CABLEMAS"|"SUR"|"METROSUR"|"SURESTE"|"SURESTE"|"QUINTANA ROO"|"PMS RIVIERA MAYA"|"TULUM"|"TULUM"|"N"|"Y"|"IZZI"|"TULUM"|"RIVIERA MAYA"|"NO IDENTIFICADA"
940|"EA97781B0AE006E9CA032A1E4ADCA521B2BDDF8A"|16|"CAD"|"300"|"TVI"|"NORTE"|"NORTE"|"NORESTE"|"NORESTE"|"NUEVO LEON"|"MONTERREY"|"CADEREYTA"|"CADEREYTA"|"Y"|"Y"|"IZZI"|"MONTERREY"|"MTY - JUAREZ"|"NO IDENTIFICADA"
632|"33BAF4164E0472CA6620871E139EE0F14EEF006F"|5|"TLA"|"026"|"CABLEMAS"|"METRO"|"METROSUR"|"METROPOLITANA"|"MXNORTE"|"HIDALGO"|"PMM TULA"|"TULA"|"TULA"||"Y"|"WIZZ"||"TULA"|"NO IDENTIFICADA"
949|"0F74493033D2799E07A94E0BEA0E09304B2FC4B0"|16|"MAT"|"300"|"TVI"|"NORTE"|"NORTE"|"NORESTE"|"NORESTE"|"NUEVO LEON"|"MONTERREY"|"MATRIZ"|"MATRIZ"|"Y"|"Y"|"IZZI"|"MONTERREY"|"MTY - REVOLUCION"|"NO IDENTIFICADA"
953|"8A6762446C2F1165093191BA250473E70EA89059"|16|"VFU"|"300"|"TVI"|"NORTE"|"NORTE"|"NORESTE"|"NORESTE"|"NUEVO LEON"|"MONTERREY"|"VILLA LAS FUENTES"|"VILLA LAS FUENTES"|"Y"|"Y"|"IZZI"|"MONTERREY"|"MTY - REVOLUCION"|"NO IDENTIFICADA"
957|"97CA25F0BD1DFCE1ED411B7BD70BF3A798BC5319"|16|"EC"|"000"|"CABLEVISIÓN"|"METRO"|"METROSUR"|"METROPOLITANA"|"MXNORTE"|"MEXICO"|"ECATEPEC"|"METROPOLITANA"|"ECATEPEC CV"|"Y"|"Y"|"IZZI"|"METROPOLITANA"|"ECATEPEC"|"NO IDENTIFICADA"
1400|"9BB73CACDD80C09E0D3E4F991F6EDE4D440BB7FC"|16|"MOVL"|"000"|"IZZI MOVIL BESTEL"|"OTROS"||"IZZI MOVIL BESTEL"||"ND"|"IZZI MOVIL BESTEL"|"IZZI MOVIL BESTEL"|"IZZI MOVIL BESTEL"|"N"|"Y"|"IZZI MOVIL"||"SIN PLAZA WR"|"NO IDENTIFICADA"
666|"D3121A4034C5C8D0FF11DE7834FD9CDBE482CE2A"|5|"CHP"|"403"|"TELECABLE"|"SUR"|"NORTE"|"OCCIDENTE"|"OCCIDENTE"|"JALISCO"|"PMO LA BARCA"|"CHAPALA"|"CHAPALA"||"Y"|"WIZZ"||"TEOCALTICHE"|"NO IDENTIFICADA"
2100|"787D41D9C35C57EF9E4ABA799BACEFAC312149A4"|30||"0"|"SKY"|"SUR"|"SUR"|"SURESTE"|"SURESTE"|"CAMPECHE"|"SKY - CAMPECHE"|"SKY - CAMPECHE"|"SKY - CAMPECHE"|||||"SIN PLAZA WR"|"NO IDENTIFICADA"
2104|"787D41D9C35C57EF9E4ABA799BACEFAC312149A4"|30||"0"|"SKY"|"NORTE"|"NORTE"|"PACIFICO"|"CENTRO"|"NAYARIT"|"SKY - NAYARIT"|"SKY - NAYARIT"|"SKY - NAYARIT"|||||"SIN PLAZA WR"|"NO IDENTIFICADA"
2108|"787D41D9C35C57EF9E4ABA799BACEFAC312149A4"|30||"0"|"SKY"|"METRO"|"METRO"|"METROPOLITANA"|"MXSUR"|"MEXICO"|"SKY - MEXICO"|"SKY - MEXICO"|"SKY - MEXICO"|||||"SIN PLAZA WR"|"NO IDENTIFICADA"
2112|"787D41D9C35C57EF9E4ABA799BACEFAC312149A4"|30||"0"|"SKY"|"NORTE"|"NORTE"|"PACIFICO"|"PACIFICO"|"BAJA CALIFORNIA SUR"|"SKY - BAJA CALIFORNIA SUR"|"SKY - BAJA CALIFORNIA SUR"|"SKY - BAJA CALIFORNIA SUR"|||||"SIN PLAZA WR"|"NO IDENTIFICADA"
672|"7616BC22A72AED89F3DB165D9097DE37A8233443"|5|"AMC"|"404"|"TELECABLE"|"SUR"|"NORTE"|"OCCIDENTE"|"OCCIDENTE"|"JALISCO"|"PMO TEQUILA"|"AMECA"|"AMECA"||"Y"|"WIZZ"||"TEPATITLAN"|"NO IDENTIFICADA"
2120|"787D41D9C35C57EF9E4ABA799BACEFAC312149A4"|30||"0"|"SKY"|"SUR"|"SUR"|"SURESTE"|"SURESTE"|"YUCATAN"|"SKY - YUCATAN"|"SKY - YUCATAN"|"SKY - YUCATAN"|||||"SIN PLAZA WR"|"NO IDENTIFICADA"
2793||3|"1"|"759"|"SKY"|"SUR"|"INTERIOR"|"OCCIDENTE"|"OCCIDENTE"|"Michoacán de Ocampo"|"HUB URUAPAN"|"NO IDENTIFICADA"|"TANCITARO"|"N"||"ND"|"OFFNET"|"SIN PLAZA WR"|"OFF RED"
2803||3|"1"|"759"|"SKY"|"SUR"|"INTERIOR"|"OCCIDENTE"|"OCCIDENTE"|"Michoacán de Ocampo"|"HUB ZITACUARO"|"NO IDENTIFICADA"|"MICH OCAMPO"|"N"||"ND"|"OFFNET"|"SIN PLAZA WR"|"OFF RED"
2484||3|"1"|"759"|"SKY"|"NORTE"|"INTERIOR"|"NORESTE"|"GOLFO"|"San Luis Potosí"|"HUB MEXQUITIC"|"NO IDENTIFICADA"|"VILLA DE GUADALUPE"|"N"||"ND"|"OFFNET"|"SIN PLAZA WR"|"OFF RED"
1059|"15EFC59D3B207166FD9AEDAEBCD8453452CFBA1C"|16|"PPG"|"700"|"IZZI FLEX"|"OTROS"||"PREPAGO"||"ND"|"PREPAGO"|"PREPAGO"|"PREPAGO"||"Y"|"FLEX"|"PREPAGO"|"ND"|"NO IDENTIFICADA"
1063|"A61EDC62B063E35D8D4F4132E863CD0B3129321B"|16|"TAP"|"438"|"TELECABLE"|"SUR"|"METROSUR"|"SURESTE"|"SURESTE"|"CHIAPAS"|"PMS TAPACHULA"|"TAPACHULA"|"TAPACHULA"||"Y"|"WIZZ"|"TAPACHULA"|"TAPACHULA"|"NO IDENTIFICADA"
1067|"5F34280242750C2B67E84796C64DB0845035FC8A"|16|"CLA"|"452"|"TELECABLE"|"NORTE"|"NORTE"|"PACIFICO"|"CENTRO"|"ZACATECAS"|"PMC CALERA"|"CALERA"|"CALERA"||"Y"|"WIZZ"|"CALERA"|"CALERA"|"NO IDENTIFICADA"
216|"C73CA9FC3659F61F895784D407FA17D2537DBF74"|2|"47"|"047"|"CABLEMAS"|"SUR"|"NORTE"|"OCCIDENTE"|"OCCIDENTE"|"GUERRERO"|"TIERRA COLORADA"|"TIERRA COLORADA"|"TIERRA COLORADA"||"Y"|||"ND"|"NO IDENTIFICADA"
968|"DF5BCEE1097818DD0D084E8A3C9889C2E3692B36"|16|"ZR"|"049"|"CABLEMAS"|"SUR"|"NORTE"|"OCCIDENTE"|"OCCIDENTE"|"GUERRERO"|"CHILPANCINGO"|"ZUMPANGO DEL RIO"|"ZUMPANGO DEL RIO"|"N"|"Y"|"IZZI"|"ZUMPANGO DEL RIO"|"CHILPANCINGO"|"NO IDENTIFICADA"
201|"1E19C6DED386E1D1552FE51F3EA511A87AB81DEE"|6|"CC43"|"0"|"CABLECOM"|"SUR"|"NORTE"|"OCCIDENTE"|"OCCIDENTE"|"GUERRERO"|"PMO IGUALA"|"TAXCO"|"TAXCO"||"Y"|||"IGUALA"|"NO IDENTIFICADA"
1083|"99C084CCE1F1A78FCBA9FF880758BE84942C168D"|16|"RUI"|"443"|"TELECABLE"|"NORTE"|"NORTE"|"PACIFICO"|"CENTRO"|"NAYARIT"|"PMC SANTIAGO"|"RUIZ"|"RUIZ"||"Y"|"WIZZ"|"RUIZ"|"SANTIAGO"|"NO IDENTIFICADA"
1087|"5FF6CC733328F9050465C963C58725B5159BE8A5"|16|"IXN"|"413"|"TELECABLE"|"NORTE"|"NORTE"|"PACIFICO"|"OCCIDENTE"|"NAYARIT"|"PMO TEQUILA"|"IXTLAN"|"IXTLAN"||"Y"|"WIZZ"|"IXTLAN"|"TEPATITLAN"|"NO IDENTIFICADA"
932|"F26D5C04B0755AABC8D919B992660BADB0BA90E7"|16|"AC"|"043"|"CABLEMAS"|"SUR"|"NORTE"|"OCCIDENTE"|"OCCIDENTE"|"GUERRERO"|"ACAPULCO"|"ACAPULCO"|"ACAPULCO"|"Y"|"Y"|"IZZI"|"ACAPULCO"|"ACAPULCO"|"NO IDENTIFICADA"
397|"7FB711E9D229AA2719DF853762D25DA390605B27"|3|"AC"|"043"|"CABLEMAS"|"SUR"|"INTERIOR"|"OCCIDENTE"|"OCCIDENTE"|"GUERRERO"|"ACAPULCO"|"ACAPULCO"|"ACAPULCO"|"Y"|"Y"|"IZZI"|"ACAPULCO"|"ACAPULCO"|"ON NET"
1099|"E40EAAE408C07CE261F7A30BF01FF46A9954B3AF"|16|"PAR"|"536"|"CABLECOM"|"SUR"|"METROSUR"|"SURESTE"|"SURESTE"|"TABASCO"|"PMS CÁRDENAS"|"PARAISO"|"PARAISO"||"Y"|"WIZZ"|"PARAISO"|"CARDENAS"|"NO IDENTIFICADA"
1103|"6A5ABD5435DBA28795EC67B4DE98ED34827E0E44"|16|"IZM"|"568"|"CABLECOM"|"SUR"|"METROSUR"|"SURESTE"|"GOLFO"|"PUEBLA"|"PMG ATLIXCO"|"IZUCAR DE MATAMOROS"|"IZUCAR DE MATAMOROS"||"Y"|"WIZZ"|"IZUCAR DE MATAMOROS"|"IGUALA"|"NO IDENTIFICADA"
983|"7696BECA3EDE8329F3CD031FFDB0BEF07CF93A0E"|16|"IX"|"595"|"CABLEMAS"|"METRO"|"METROSUR"|"METROPOLITANA"|"MXSUR"|"MEXICO"|"IXTAPALUCA"|"IXTAPALUCA"|"IXTAPALUCA LOS REYES"|"Y"|"N"|"IZZI"|"AMECAMECA"|"IXTAPALUCA"|"NO IDENTIFICADA"
471|"05A28D845C30EA45EC10350EC68718C3DDC5FD78"|3|"CG"|"046"|"CABLEMAS"|"SUR"|"INTERIOR"|"OCCIDENTE"|"OCCIDENTE"|"GUERRERO"|"CHILPANCINGO"|"CHILPANCINGO"|"CHILPANCINGO"|"N"|"Y"|"IZZI"|"CHILPANCINGO"|"CHILPANCINGO"|"ON NET"
2129|"787D41D9C35C57EF9E4ABA799BACEFAC312149A4"|30||"0"|"SKY"|"METRO"|"METRO"|"METROPOLITANA"|"MXNORTE"|"DISTRITO FEDERAL"|"SKY - CIUDAD DE MEXICO"|"SKY - CIUDAD DE MEXICO"|"SKY - CIUDAD DE MEXICO"|||||"SIN PLAZA WR"|"NO IDENTIFICADA"
680|"1672069300D9D32BE7E1DCE084E818723FE30B04"|5|"CAC"|"436"|"TELECABLE"|"SUR"|"NORTE"|"OCCIDENTE"|"OCCIDENTE"|"JALISCO"|"PMO TECOMAN"|"CASIMIRO CASTILLO"|"CASIMIRO CASTILLO"||"Y"|"WIZZ"||"SANTIAGO"|"NO IDENTIFICADA"
2137|"787D41D9C35C57EF9E4ABA799BACEFAC312149A4"|30||"0"|"SKY"|"NICARAGUA"|"NICARAGUA"|"NICARAGUA"|"NICARAGUA"|"NICARAGUA"|"SKY - NICARAGUA"|"SKY - NICARAGUA"|"SKY - NICARAGUA"|||||"SIN PLAZA WR"|"NO IDENTIFICADA"
2141|"787D41D9C35C57EF9E4ABA799BACEFAC312149A4"|30||"0"|"SKY"|"HONDURAS"|"HONDURAS"|"HONDURAS"|"HONDURAS"|"HONDURAS"|"SKY - HONDURAS"|"SKY - HONDURAS"|"SKY - HONDURAS"|||||"SIN PLAZA WR"|"NO IDENTIFICADA"
497|"FAC051F48842D571B8EFAAD5F75CBBCCA52BCE8F"|3|"IX"|"582"|"CABLEMAS"|"METRO"|"METRO"|"METROPOLITANA"|"MXSUR"|"MEXICO"|"IXTAPALUCA"|"IXTAPALUCA"|"IXTAPALUCA LOS REYES"|"Y"|"N"|"IZZI"|"CHALCO"|"IXTAPALUCA"|"ON NET"
505|"583ECA6F47DAFEC2F8AA0EFCC45B60E5F123F579"|3|"MEO"|"587"|"CABLEMAS"|"METRO"|"METRO"|"METROPOLITANA"|"MXNORTE"|"MEXICO"|"MELCHOR OCAMPO"|"MELCHOR"|"MELCHOR OCAMPO"|"Y"|"N"|"IZZI"|"MELCHOR OCAMPO"|"MELCHOR OCAMPO"|"NO IDENTIFICADA"
513|"EF02ACEC89B4B88489ABBC3C219BCC67BEB8B865"|3|"ORI"|"544"|"CABLEMAS"|"SUR"|"INTERIOR"|"SURESTE"|"SURESTE"|"VERACRUZ"|"ORIZABA"|"ORIZABA"|"ORIZABA"|"Y"|"Y"|"IZZI"|"ORIZABA"|"ORIZABA"|"ON NET"
521|"583ECA6F47DAFEC2F8AA0EFCC45B60E5F123F579"|3|"MEC"|"587"|"CABLEMAS"|"METRO"|"METRO"|"METROPOLITANA"|"MXNORTE"|"MEXICO"|"MELCHOR OCAMPO"|"MELCHOR"|"MELCHOR OCAMPO"|"Y"|"Y"|"IZZI"|"MELCHOR OCAMPO"|"MELCHOR OCAMPO"|"NO IDENTIFICADA"
529|"229F72123826318F5A8B34080E2BF73CA90FAD28"|3|"MEO"|"590"|"CABLEMAS"|"METRO"|"METRO"|"METROPOLITANA"|"MXNORTE"|"MEXICO"|"MELCHOR OCAMPO"|"MELCHOR"|"TEPOTZOTLAN"|"Y"|"Y"|"IZZI"|"TEPOZOTLAN"|"MELCHOR OCAMPO"|"OFF NET"
537|"41A8E4C53EEF5C679A72D64267CAA05382ED0126"|3|"SJR"|"430"|"TELECABLE"|"NORTE"|"INTERIOR"|"NORESTE"|"CENTRO"|"QUERETARO"|"SAN JUAN DEL RIO"|"SAN JUAN DEL RIO"|"SAN JUAN DEL RIO"|"N"|"Y"|"IZZI"|"SAN JUAN DEL RIO"|"SAN JUAN DEL RIO"|"ON NET"
545|"E0C70277B37F2B1D09552FC1AFCAD515ABAF0DBF"|3|"PAS"|"304"|"TVI"|"NORTE"|"INTERIOR"|"NORESTE"|"GOLFO"|"TAMAULIPAS"|"REYNOSA TVI"|"REYNOSA"|"PALMA SOLA"|"Y"|"Y"|"IZZI"|"REYNOSA"|"REYNOSA"|"NO IDENTIFICADA"
553|"0E2AD0C9F3C3366853CD03E60ABA51920AC66299"|3|"ORI"|"546"|"CABLEMAS"|"SUR"|"INTERIOR"|"SURESTE"|"SURESTE"|"VERACRUZ"|"ORIZABA"|"RIO BLANCO"|"RIO BLANCO"|"Y"|"Y"|"IZZI"|"RIO BLANCO"|"ORIZABA"|"NO IDENTIFICADA"
561|"B20A3BE42E7CFA991E7E97D51364E0654D649CC5"|3|"CM"|"087"|"CABLEMAS"|"METRO"|"METRO"|"METROPOLITANA"|"MXSUR"|"MEXICO"|"CHIMALHUACAN"|"SAN VICENTE CHICOLOAPAN"|"SAN VICENTE CHICOLOAPAN"|"Y"|"Y"|"IZZI"|"SAN VICENTE CHICOLOAPAN"|"CHIMALHUACAN"|"NO IDENTIFICADA"
569|"77246A10B5C900F84BCF24FAA71A118DE4D6DB04"|3|"ECT"|"574"|"CABLEMAS"|"METRO"|"METRO"|"METROPOLITANA"|"MXNORTE"|"MEXICO"|"ECATEPEC"|"LOS REYES"|"LOS REYES ACOZAC"|"Y"|"Y"|"IZZI"|"LOS REYES ACOZAC"|"ECATEPEC"|"NO IDENTIFICADA"
599|"3102FE1322AF0D2E9C7A3E0B0900792DBBE1EE3F"|3|"CDC"|"550"|"CABLECOM"|"SUR"|"INTERIOR"|"SURESTE"|"SURESTE"|"CAMPECHE"|"CIUDAD DEL CARMEN"|"CD. DEL CARMEN"|"CIUDAD DEL CARMEN"|"Y"|"Y"|"IZZI"|"CD DEL CARMEN"|"CIUDAD DEL CARMEN"|"ON NET"
625|"0A8D95F061334F9B47699282784A9B828E704D6D"|3|"MTE"|"021"|"CABLEMAS"|"NORTE"|"INTERIOR"|"NORESTE"|"GOLFO"|"TAMAULIPAS"|"PMG VALLES"|"MANTE"|"MANTE"|"N"|"Y"|"WIZZ"|"MANTE"|"VALLES"|"ON NET"
2302||3|"1"|"759"|"SKY"|"SUR"|"INTERIOR"|"SURESTE"|"SURESTE"|"Tabasco"|"HUB CENTLA"|"NO IDENTIFICADA"|"CENTLA"|"N"||"ND"|"OFFNET"|"SIN PLAZA WR"|"OFF RED"
2306||3|"1"|"759"|"SKY"|"NORTE"|"INTERIOR"|"PACIFICO"|"CENTRO"|"Sinaloa"|"HUB MAZATLAN"|"NO IDENTIFICADA"|"MAZATLAN"|"N"||"ND"|"OFFNET"|"SIN PLAZA WR"|"ON NET"
2310||3|"1"|"759"|"SKY"|"METRO"|"METRO"|"METROPOLITANA"|"MXNORTE"|"México"|"HUB TLALNEPANTLA"|"NO IDENTIFICADA"|"TLALNEPANTLA"|"N"||"ND"|"OFFNET"|"SIN PLAZA WR"|"ON NET"
2314||3|"1"|"759"|"SKY"|"SUR"|"INTERIOR"|"SURESTE"|"SURESTE"|"Yucatán"|"HUB MERIDA"|"NO IDENTIFICADA"|"ACANCEH"|"N"||"ND"|"OFFNET"|"SIN PLAZA WR"|"OFF NET"
2318||3|"1"|"759"|"SKY"|"SUR"|"INTERIOR"|"SURESTE"|"GOLFO"|"Veracruz de Ignacio de la Llave"|"HUB XALAPA"|"NO IDENTIFICADA"|"ALTO LUCERO"|"N"||"ND"|"OFFNET"|"SIN PLAZA WR"|"OFF RED"
2322||3|"1"|"759"|"SKY"|"METRO"|"METRO"|"METROPOLITANA"|"MXNORTE"|"México"|"HUB ZUMPANGO"|"NO IDENTIFICADA"|"NEXTLALPAN"|"N"||"ND"|"OFFNET"|"SIN PLAZA WR"|"ON NET"
2326||3|"1"|"759"|"SKY"|"NORTE"|"NORTE"|"PACIFICO"|"PACIFICO"|"Sonora"|"HUB CUMPAS"|"NO IDENTIFICADA"|"SAHUARIPA"|"N"||"ND"|"OFFNET"|"SIN PLAZA WR"|"OFF NET"
757|"2CDC88575865AABA00450C5D9352823F29A0F958"|3|"HUM"|"540"|"CABLECOM"|"SUR"|"INTERIOR"|"SURESTE"|"SURESTE"|"TABASCO"|"PMS CÁRDENAS"|"HUIMANGUILLO"|"HUIMANGUILLO"||"Y"|"WIZZ"|"HUIMANGUILLO"|"CARDENAS"|"OFF NET"
767|"9C926AA07313D843824AF21BFD2395E26AF88524"|3|"HMA"|"566"|"CABLEMAS"|"SUR"|"INTERIOR"|"SURESTE"|"GOLFO"|"TLAXCALA"|"PMG APIZACO"|"HUAMANTLA"|"HUAMANTLA"||"Y"|"WIZZ"|"HUAMANTLA"|"APIZACO"|"ON NET"
776|"C0E8AE8B8B51460D483D9F32080D2563325E5316"|3|"CMA"|"534"|"CABLECOM"|"SUR"|"INTERIOR"|"SURESTE"|"SURESTE"|"TABASCO"|"PMS CÁRDENAS"|"COMALCALCO"|"COMALCALCO"||"Y"|"WIZZ"|"COMALCALCO"|"CARDENAS"|"OFF NET"
629|"82E8C31851FD01570BC92CA5D6BE55BD7AC205E1"|3|"TPR"|"027"|"CABLEMAS"|"METRO"|"METRO"|"METROPOLITANA"|"MXNORTE"|"HIDALGO"|"PMM TULA"|"TEPEJI DEL RIO"|"TEPEJI DEL RIO"|"N"|"Y"|"WIZZ"|"TEPEJI DEL RIO"|"TULA"|"OFF NET"
641|"CC680EF2BEBD071784E36CD78C8C98A575E01BD4"|3|"SAB"|"306"|"TVI"|"NORTE"|"NORTE"|"NORESTE"|"NORESTE"|"NUEVO LEON"|"PMN SABINAS"|"SABINAS"|"SABINAS"|"N"|"Y"|"WIZZ"|"SABINAS"|"SABINAS"|"ON NET"
649|"8F1D44CFA3BC7DE4F392C499340CA56B5BEFFC79"|3|"VHE"|"310"|"TVI"|"NORTE"|"INTERIOR"|"NORESTE"|"GOLFO"|"TAMAULIPAS"|"MATAMOROS"|"VALLE HERMOSO"|"VALLE HERMOSO"|"Y"|"Y"|"WIZZ"|"VALLE HERMOSO"|"MATAMOROS"|"NO IDENTIFICADA"
315|"EDF3BE141E40F4B39E1A532302B4528AB880C6B0"|3|"IZ"|"000"|"CABLEVISIÓN"|"METRO"|"METRO"|"METROPOLITANA"|"MXSUR"|"CIUDAD DE MEXICO"|"IZTAPALAPA"|"METROPOLITANA"|"IZTAPALAPA"|"Y"|"Y"|"IZZI"|"METROPOLITANA"|"IZTAPALAPA"|"ON NET"
325|"49B2043868BC483D7DDED179042CB27235B2AAD5"|3|"TL"|"000"|"CABLEVISIÓN"|"METRO"|"METRO"|"METROPOLITANA"|"MXSUR"|"CIUDAD DE MEXICO"|"TLALPAN"|"METROPOLITANA"|"TLALPAN"|"Y"|"Y"|"IZZI"|"METROPOLITANA"|"TLALPAN"|"ON NET"
333|"BBBEF7709D0E4539BBC2948C77E4B577FCBC5F50"|3|"EN"|"012"|"CABLEMAS"|"NORTE"|"NORTE"|"PACIFICO"|"PACIFICO"|"BAJA CALIFORNIA"|"ENSENADA"|"ENSENADA"|"ENSENADA"|"Y"|"Y"|"IZZI"|"ENSENADA"|"ENSENADA"|"ON NET"
341|"68662B192E764B55D898ADDA17C2A808D1DC8FC2"|3|"RS"|"015"|"CABLEMAS"|"NORTE"|"NORTE"|"PACIFICO"|"PACIFICO"|"BAJA CALIFORNIA"|"TIJUANA"|"ROSARITO"|"ROSARITO"|"Y"|"Y"|"IZZI"|"ROSARITO"|"TIJUANA"|"ON NET"
735|"64FDC4992284FFAA1F137F586EE55246479481B6"|3|"ACY"|"608"|"CABLECOM"|"SUR"|"INTERIOR"|"SURESTE"|"SURESTE"|"VERACRUZ"|"PMS ACAYUCAN"|"ACAYUCAN"|"ACAYUCAN"||"Y"|"WIZZ"|"ACAYUCAN"|"VERACRUZ"|"OFF NET"
3|"6E3945F69D5112D27872F4060419BD6947EF27BF"|3|"-3"|"0"|"CABLECOM"|"NO IDENTIFICADA"|"NO IDENTIFICADA"|"NO IDENTIFICADA"|"NO IDENTIFICADA"|"ND"|"NO IDENTIFICADA"|"NO IDENTIFICADA"|"NO IDENTIFICADA"|"N"|"N"|"ND"|"Sin RPT"|"ND"|"NO IDENTIFICADA"
19|"6E3945F69D5112D27872F4060419BD6947EF27BF"|3|"1"|"0"|"NO IDENTIFICADA"|"NO IDENTIFICADA"|"NO IDENTIFICADA"|"NO IDENTIFICADA"|"NO IDENTIFICADA"|"ND"|"NO IDENTIFICADA"|"NO IDENTIFICADA"|"NO IDENTIFICADA"|"N"|"Y"|"ND"|"Sin RPT"|"ND"|"NO IDENTIFICADA"
449|"56D8332D66794DDBAAADFB801CFA708349E6290D"|3|"SI"|"000"|"CABLEVISIÓN"|"METRO"|"METRO"|"METROPOLITANA"|"MXNORTE"|"CIUDAD DE MEXICO"|"SANTA ANITA"|"METROPOLITANA"|"SANTA ANITA"|"Y"|"Y"|"IZZI"|"METROPOLITANA"|"SANTA ANITA"|"NO IDENTIFICADA"
663|"66AFF77BBCC9BE3D8C4176B51F899884EE9DD91A"|3|"CDG"|"407"|"TELECABLE"|"SUR"|"INTERIOR"|"OCCIDENTE"|"OCCIDENTE"|"JALISCO"|"CIUDAD GUZMAN"|"CD. GUZMAN"|"CIUDAD GUZMAN"||"Y"|"WIZZ"|"CD GUZMAN"|"CIUDAD GUZMAN"|"ON NET"
788|"AE6B9B109A61AE91A6CE449995A6FDF9F82E0675"|3|"LET"|"548"|"CABLEMAS"|"SUR"|"INTERIOR"|"SURESTE"|"SURESTE"|"VERACRUZ"|"PMS LOS TUXTLAS"|"LERDO"|"LERDO DE TEJADA"||"Y"|"WIZZ"|"LERDO DE TEJADA"|"VERACRUZ"|"NO IDENTIFICADA"
797|"802C4E4C702C7CC7966C89CA92991481A971A7A5"|3|"MAC"|"532"|"CABLECOM"|"SUR"|"INTERIOR"|"SURESTE"|"SURESTE"|"TABASCO"|"PMS CÁRDENAS"|"MACUSPANA"|"MACUSPANA"||"Y"|"WIZZ"|"MACUSPANA"|"CARDENAS"|"OFF NET"
687|"42FE476B3A0CC2B4D80373AF17DE605C28747CBF"|3|"COM"|"414"|"TELECABLE"|"NORTE"|"INTERIOR"|"PACIFICO"|"CENTRO"|"NAYARIT"|"PMC SANTIAGO"|"COMPOSTELA"|"COMPOSTELA"||"Y"|"WIZZ"|"COMPOSTELA"|"SANTIAGO"|"OFF NET"
655|"54FA03543D526B59C6270234BC103D106DDBDA7E"|3|"TLX"|"565"|"CABLEMAS"|"SUR"|"INTERIOR"|"SURESTE"|"GOLFO"|"PUEBLA"|"TLAXCALA"|"SAN MARTIN"|"SAN MARTIN TEXMELUCAN"||"Y"|"IZZI"|"SAN MARTIN TEXMELUCAN"|"TLAXCALA"|"ON NET"
2880|"D0480491B65527252CA508853B0F7F91425830EF"|3|"MOVL"|"000"|"IZZI MOVIL BESTEL"|"OTROS"|"OTROS"|"IZZI MOVIL BESTEL"|"IZZI MOVIL BESTEL"||"IZZI MOVIL BESTEL"|"IZZI MOVIL BESTEL"|"IZZI MOVIL BESTEL"|"N"|"Y"|"IZZI MOVIL"|"METROPOLITANA"||"NO IDENTIFICADA"
740|"D484DE1C6A37E7ECE86F1E7CCAF3D8DD851327AE"|5|"RHI"|"412"|"TELECABLE"|"SUR"|"NORTE"|"OCCIDENTE"|"OCCIDENTE"|"MICHOACAN"|"PMO LOS REYES HIGUERITA"|"LOS REYES"|"LOS REYES HIGUERITA"||"Y"|"WIZZ"||"TEOCALTICHE"|"NO IDENTIFICADA"
479|"253EFBCF0315ED6F2DF6DAFBB4FFA3E5B99EFC49"|3|"IRA"|"429"|"TELECABLE"|"NORTE"|"INTERIOR"|"NORESTE"|"CENTRO"|"GUANAJUATO"|"IRAPUATO"|"IRAPUATO"|"IRAPUATO"|"Y"|"Y"|"IZZI"|"IRAPUATO"|"IRAPUATO"|"ON NET"
487|"878F08A8673D47C00193A197B67B2B7C628E4C1F"|3|"GRL"|"301"|"CABLECOM"|"NORTE"|"NORTE"|"NORESTE"|"NORESTE"|"COAHUILA"|"COAHUILA"|"SALTILLO"|"SALTILLO"|"Y"|"Y"|"IZZI"|"SALTILLO"|"SALTILLO"|"ON NET"
573|"072152A1E8AFB94698DD099D6CB7F07C97E605F6"|3|"ECT"|"581"|"CABLEMAS"|"METRO"|"METRO"|"METROPOLITANA"|"MXNORTE"|"MEXICO"|"ECATEPEC"|"SAN JUAN"|"SAN JUAN TEOTIHUACAN"|"Y"|"Y"|"IZZI"|"TEOTIHUACAN"|"ECATEPEC"|"NO IDENTIFICADA"
581|"6CAB224529CC0306E4A8054809EAE9FA3D3F689D"|3|"CMM"|"081"|"CABLEMAS"|"METRO"|"METRO"|"METROPOLITANA"|"MXSUR"|"MEXICO"|"CHIMALHUACAN"|"LOS REYES ACAQUILPAN"|"LOS REYES ACAQUILPAN"|"Y"|"N"|"IZZI"|"IXTAPALUCA"|"CHIMALHUACAN"|"NO IDENTIFICADA"
589|"619E279A7E88595407F8BA6620CB8AC7A30FB765"|3|"VHA"|"541"|"CABLECOM"|"SUR"|"INTERIOR"|"SURESTE"|"SURESTE"|"TABASCO"|"VILLAHERMOSA"|"PARRILLA"|"PARRILLA"|"Y"|"Y"|"IZZI"|"PARRILLA"|"VILLA HERMOSA"|"NO IDENTIFICADA"
307|"4D8AC45761DCCB612B96287F824F3F37B6427F8C"|3|"AR"|"000"|"CABLEVISIÓN"|"METRO"|"METRO"|"METROPOLITANA"|"MXSUR"|"CIUDAD DE MEXICO"|"ARAGON"|"METROPOLITANA"|"ARAGON"|"Y"|"Y"|"IZZI"|"METROPOLITANA"|"ARAGON"|"NO IDENTIFICADA"
5712|"035851E581CCF2AC04DF8478A3CE6932769F40BB"|3|"KIR"|"000"|"CABLEVISIÓN"|"METRO"|"METRO"|"METROPOLITANA"|"MXNORTE"|"CIUDAD DE MEXICO"|"SANTA FE"|"METROPOLITANA"|"SANTA FE"||"Y"||"METROPOLITANA"||"NO IDENTIFICADA"
5724|"FE590AA0BB9EF398B6608922E295384E486CA030"|3|"TLXR"|"565"|"CABLEMAS"|"SUR"|"INTERIOR"|"SURESTE"|"GOLFO"|"PUEBLA"|"TLAXCALA"|"SAN MARTIN TEXMELUCAN"|"SAN MARTIN TEXMELUCAN"||"Y"||"SAN MARTIN TEXMELUCAN"||"ON NET"
5703|"C952F29ADCBF418A1E02DAEE713BC7D4DEE1397D"|3|"ECAR"|"086"|"CABLEMAS"|"METRO"|"METRO"|"METROPOLITANA"|"MXNORTE"|"MEXICO"|"ECATEPEC"|"TECAMAC"|"TECAMAC"||"Y"||"TECAMAC"||"ON NET"
5752|"1B07B2A3863A30400BEF6FEFEF5FD29B91AB55BE"|5|"PLRL"|"000"|"CABLEVISIÓN"|"METRO"||"METROPOLITANA"||"CIUDAD DE MEXICO"|"POLANCO"|"METROPOLITANA"|"POLANCO"||"Y"||||"NO IDENTIFICADA"
5762|"A21FA1C25ECBA3F850682F1B5262B7B700932CBE"|5|"VFR"|"300"|"TVI"|"NORTE"||"NORESTE"||"NUEVO LEON"|"MONTERREY"|"MONTERREY"|"VILLA LAS FUENTES"||"Y"||||"NO IDENTIFICADA"
5741|"310EC2254BFD4D4922DE61E80141484DA59B8541"|5|"ENR"|"012"|"CABLEMAS"|"NORTE"||"PACIFICO"||"BAJA CALIFORNIA"|"ENSENADA"|"ENSENADA"|"ENSENADA"||"Y"||||"ON NET"
5731|"692E3FA5F60AF1B92FEAD1A16DBA51ED61C050B6"|5|"CMGR"|"300"|"TVI"|"NORTE"||"NORESTE"||"NUEVO LEON"|"MONTERREY"|"MONTERREY"|"CUMBRES"||"Y"||||"NO IDENTIFICADA"
5732|"0C74992242C9A0C03DFF277CBD444AEBA82B3F20"|5|"CMR"|"081"|"CABLEMAS"|"METRO"||"METROPOLITANA"||"MEXICO"|"CHIMALHUACAN"|"IXTAPALUCA"|"LOS REYES ACAQUILPAN"||"Y"||||"NO IDENTIFICADA"
5711|"4B1B2959D094FA7D66E9588127AB3E1CE3DB9ABC"|3|"JUAR"|"300"|"TVI"|"NORTE"|"NORTE"|"NORESTE"|"NORESTE"|"NUEVO LEON"|"MONTERREY"|"MONTERREY"|"JUAREZ"||"Y"||"MONTERREY"||"NO IDENTIFICADA"
5713|"EA4A33A8D13A84855183AAAF296978EEFD7C1A57"|3|"LNGR"|"300"|"TVI"|"NORTE"|"NORTE"|"NORESTE"|"NORESTE"|"NUEVO LEON"|"MONTERREY"|"MONTERREY"|"LINCOLN"||"Y"||"MONTERREY"||"NO IDENTIFICADA"
5719|"902139571E095C9268719C442D4842D970815C4C"|3|"SBGR"|"300"|"TVI"|"NORTE"|"NORTE"|"NORESTE"|"NORESTE"|"NUEVO LEON"|"MONTERREY"|"MONTERREY"|"SANTA BARBARA"||"Y"||"MONTERREY"||"NO IDENTIFICADA"
5747|"3B6FC02164C60B0E55FF014DF102BB4C6A0BB345"|5|"KIR"|"000"|"CABLEVISIÓN"|"METRO"||"METROPOLITANA"||"CIUDAD DE MEXICO"|"SANTA FE"|"METROPOLITANA"|"SANTA FE"||"Y"||||"NO IDENTIFICADA"
5721|"BDCBFA50166B82EE39BDB448FBBDBBF60E5B4ABF"|3|"SCGR"|"300"|"TVI"|"NORTE"|"NORTE"|"NORESTE"|"NORESTE"|"NUEVO LEON"|"MONTERREY"|"MONTERREY"|"SANTA CATARINA"||"Y"||"MONTERREY"||"ON NET"
5698|"B2241DA02D92E1B855D65CD2A938F79C39AFFDF7"|3|"CMR"|"083"|"CABLEMAS"|"METRO"|"METRO"|"METROPOLITANA"|"MXSUR"|"MEXICO"|"CHIMALHUACAN"|"CHIMALHUACAN"|"CHIMALHUACAN"||"Y"||"CHIMALHUACAN"||"ON NET"
5737|"3809A3399C425C4CAD0DB035473B6381BB61E2AC"|5|"CVR"|"040"|"CABLEMAS"|"METRO"||"METROPOLITANA"||"MORELOS"|"CUERNAVACA"|"CUERNAVACA"|"CUERNAVACA"||"Y"||||"ON NET"
5715|"DD484B922B8CA9CDD6FC5612A38C5BF091F067A9"|3|"MAGR"|"300"|"TVI"|"NORTE"|"NORTE"|"NORESTE"|"NORESTE"|"NUEVO LEON"|"MONTERREY"|"MONTERREY"|"MATRIZ"||"Y"||"MONTERREY"||"NO IDENTIFICADA"
5710|"8497572A81C66CA93D1D6DE06C42C6B763FCEFFB"|3|"IRAR"|"429"|"TELECABLE"|"NORTE"|"INTERIOR"|"NORESTE"|"CENTRO"|"GUANAJUATO"|"IRAPUATO"|"IRAPUATO"|"IRAPUATO"||"Y"||"IRAPUATO"||"ON NET"
5735|"A8D45422EDB7B808CB03EB791E0F3CA09973C4C2"|5|"CPR"|"030"|"CABLEMAS"|"SUR"||"SURESTE"||"CAMPECHE"|"CAMPECHE"|"CAMPECHE"|"CAMPECHE"||"Y"||||"ON NET"
5700|"B1E215C529E6C347DA23571091AADECF893700DA"|3|"CPR"|"030"|"CABLEMAS"|"SUR"|"INTERIOR"|"SURESTE"|"SURESTE"|"CAMPECHE"|"CAMPECHE"|"CAMPECHE"|"CAMPECHE"||"Y"||"CAMPECHE"||"ON NET"
5759|"91DB00E44FF141FA9A1ED36339B086C2E63FDAE7"|5|"TLXR"|"565"|"CABLEMAS"|"SUR"||"SURESTE"||"PUEBLA"|"TLAXCALA"|"SAN MARTIN TEXMELUCAN"|"SAN MARTIN TEXMELUCAN"||"Y"||||"ON NET"
5699|"964FFD3D55DCAE97E7A94B014BA8207F65361347"|3|"CMR"|"583"|"CABLEMAS"|"METRO"|"METRO"|"METROPOLITANA"|"MXSUR"|"MEXICO"|"CHIMALHUACAN"|"NEZA"|"NEZAHUALCOYOTL"||"Y"||"NEZA"||"ON NET"
5696|"0A1CB7CC6E8D33747079A59001D7491453F58519"|3|"CMGR"|"300"|"TVI"|"NORTE"|"NORTE"|"NORESTE"|"NORESTE"|"NUEVO LEON"|"MONTERREY"|"MONTERREY"|"CUMBRES"||"Y"||"MONTERREY"||"NO IDENTIFICADA"
5708|"7077C0522A045F6F456359514CEA339F745B7081"|3|"GPGR"|"300"|"TVI"|"NORTE"|"NORTE"|"NORESTE"|"NORESTE"|"NUEVO LEON"|"MONTERREY"|"MONTERREY"|"GUADALUPE"||"Y"||"MONTERREY"||"NO IDENTIFICADA"
5707|"04355505C5FC9432E6A0200502F4684E0001EBC3"|3|"ESGR"|"300"|"TVI"|"NORTE"|"NORTE"|"NORESTE"|"NORESTE"|"NUEVO LEON"|"MONTERREY"|"MONTERREY"|"ESCOBEDO"||"Y"||"MONTERREY"||"NO IDENTIFICADA"
5697|"99A2D93B08492DC6D9C10FE48E658BF8DC92B860"|3|"CMR"|"081"|"CABLEMAS"|"METRO"|"METRO"|"METROPOLITANA"|"MXSUR"|"MEXICO"|"CHIMALHUACAN"|"IXTAPALUCA"|"LOS REYES ACAQUILPAN"||"Y"||"IXTAPALUCA"||"NO IDENTIFICADA"
5705|"225E0A993830F1B53CA8E9081B9E4B5D33497CFF"|3|"ECAR"|"575"|"CABLEMAS"|"METRO"|"METRO"|"METROPOLITANA"|"MXNORTE"|"MEXICO"|"ECATEPEC"|"OJO DE AGUA"|"OJO DE AGUA"||"Y"||"OJO DE AGUA"||"NO IDENTIFICADA"
5704|"BF92509006999C564DF036CA754946E75069B445"|3|"ECAR"|"574"|"CABLEMAS"|"METRO"|"METRO"|"METROPOLITANA"|"MXNORTE"|"MEXICO"|"ECATEPEC"|"LOS REYES ACOZAC"|"LOS REYES ACOZAC"||"Y"||"LOS REYES ACOZAC"||"NO IDENTIFICADA"
5722|"0F87465C72D578ED859C3C69773B96E3FE89C70B"|3|"TLXR"|"563"|"CABLECOM"|"SUR"|"INTERIOR"|"SURESTE"|"GOLFO"|"TLAXCALA"|"TLAXCALA"|"TLAXCALA"|"TLAXCALA"||"Y"||"TLAXCALA"||"ON NET"
5754|"3F0ACA9C4AF63A3FF7E4D9FBBC2D2D70788BFCB1"|5|"SBGR"|"300"|"TVI"|"NORTE"||"NORESTE"||"NUEVO LEON"|"MONTERREY"|"MONTERREY"|"SANTA BARBARA"||"Y"||||"NO IDENTIFICADA"
5733|"8D97D2C22FBE0D47ECA885473C39BC6C86228FBE"|5|"CMR"|"083"|"CABLEMAS"|"METRO"||"METROPOLITANA"||"MEXICO"|"CHIMALHUACAN"|"CHIMALHUACAN"|"CHIMALHUACAN"||"Y"||||"ON NET"
5727|"065E6924FEE3892FFEF2A13F42AD85AB2F9F7273"|3|"VFR"|"300"|"TVI"|"NORTE"|"NORTE"|"NORESTE"|"NORESTE"|"NUEVO LEON"|"MONTERREY"|"MONTERREY"|"VILLA LAS FUENTES"||"Y"||"MONTERREY"||"NO IDENTIFICADA"
5751|"1B07B2A3863A30400BEF6FEFEF5FD29B91AB55BE"|5|"PLR"|"000"|"CABLEVISIÓN"|"METRO"||"METROPOLITANA"||"CIUDAD DE MEXICO"|"POLANCO"|"METROPOLITANA"|"POLANCO"||"Y"||||"NO IDENTIFICADA"
5760|"A21FA1C25ECBA3F850682F1B5262B7B700932CBE"|5|"VFG"|"300"|"TVI"|"NORTE"||"NORESTE"||"NUEVO LEON"|"MONTERREY"|"MONTERREY"|"VILLA LAS FUENTES"||"Y"||||"NO IDENTIFICADA"
5717|"3F44A89D02EFBDF003548EBCD833390A13A3D518"|3|"PLRL"|"000"|"CABLEVISIÓN"|"METRO"|"METRO"|"METROPOLITANA"|"MXNORTE"|"CIUDAD DE MEXICO"|"POLANCO"|"METROPOLITANA"|"POLANCO"||"Y"||"METROPOLITANA"||"NO IDENTIFICADA"
5736|"692E3FA5F60AF1B92FEAD1A16DBA51ED61C050B6"|5|"CUGR"|"300"|"TVI"|"NORTE"||"NORESTE"||"NUEVO LEON"|"MONTERREY"|"MONTERREY"|"CUMBRES"||"Y"||||"NO IDENTIFICADA"
5718|"902139571E095C9268719C442D4842D970815C4C"|3|"SBG"|"300"|"TVI"|"NORTE"|"NORTE"|"NORESTE"|"NORESTE"|"NUEVO LEON"|"MONTERREY"|"MONTERREY"|"SANTA BARBARA"||"Y"||"MONTERREY"||"NO IDENTIFICADA"
5742|"1BBB9420B5BE6A1D7EA0ACF0B2524FEE3DCA2FCF"|5|"ESGR"|"300"|"TVI"|"NORTE"||"NORESTE"||"NUEVO LEON"|"MONTERREY"|"MONTERREY"|"ESCOBEDO"||"Y"||||"NO IDENTIFICADA"
5748|"4ADA0B174DA3BE58AEB06FC2D2FCE3A71E3FADCD"|5|"LNGR"|"300"|"TVI"|"NORTE"||"NORESTE"||"NUEVO LEON"|"MONTERREY"|"MONTERREY"|"LINCOLN"||"Y"||||"NO IDENTIFICADA"
5716|"3F44A89D02EFBDF003548EBCD833390A13A3D518"|3|"PLR"|"000"|"CABLEVISIÓN"|"METRO"|"METRO"|"METROPOLITANA"|"MXNORTE"|"CIUDAD DE MEXICO"|"POLANCO"|"METROPOLITANA"|"POLANCO"||"Y"||"METROPOLITANA"||"NO IDENTIFICADA"
5757|"71E2435BC7A02524D02AC78B6CAF6EC4E734656E"|5|"TLXR"|"563"|"CABLECOM"|"SUR"||"SURESTE"||"TLAXCALA"|"TLAXCALA"|"TLAXCALA"|"TLAXCALA"||"Y"||||"ON NET"
5746|"24B792E5DBA311BDB0471BDFCA94D9254E0BE409"|5|"JUAR"|"300"|"TVI"|"NORTE"||"NORESTE"||"NUEVO LEON"|"MONTERREY"|"MONTERREY"|"JUAREZ"||"Y"||||"NO IDENTIFICADA"
5749|"0720245E86FC3F87C02F6638552253BDE357A5D4"|5|"LVGR"|"300"|"TVI"|"NORTE"||"NORESTE"||"NUEVO LEON"|"MONTERREY"|"MONTERREY"|"LINDA VISTA"||"Y"||||"NO IDENTIFICADA"
5744|"22C8D8A2DC8AFAFACC2EC20DA884E3FDB27220F3"|5|"GRR"|"300"|"TVI"|"NORTE"||"NORESTE"||"NUEVO LEON"|"MONTERREY"|"MONTERREY"|"GARCIA"||"Y"||||"ON NET"
5763|"D4A6661DA3B34F69869CAEFC561A731D757C053E"|5|"ZAR"|"400"|"TELECABLE"|"SUR"||"OCCIDENTE"||"JALISCO"|"ZAPOPAN"|"ZAPOPAN"|"ZAPOPAN"||"Y"||||"ON NET"
5706|"FACD1C7088E0E7DA292CFE87B439B16A8EBD38DB"|3|"ENR"|"012"|"CABLEMAS"|"NORTE"|"NORTE"|"PACIFICO"|"PACIFICO"|"BAJA CALIFORNIA"|"ENSENADA"|"ENSENADA"|"ENSENADA"||"Y"||"ENSENADA"||"ON NET"
5761|"A21FA1C25ECBA3F850682F1B5262B7B700932CBE"|5|"VFGR"|"300"|"TVI"|"NORTE"||"NORESTE"||"NUEVO LEON"|"MONTERREY"|"MONTERREY"|"VILLA LAS FUENTES"||"Y"||||"NO IDENTIFICADA"
5750|"97E6B8B4CD7D5A3F4A9856ED847AF841A6480180"|5|"MAGR"|"300"|"TVI"|"NORTE"||"NORESTE"||"NUEVO LEON"|"MONTERREY"|"MONTERREY"|"MATRIZ"||"Y"||||"NO IDENTIFICADA"
5695|"7C96DFBA0EF5D2D2B353CF82D38DCEB64D9FB56B"|3|"CGR"|"046"|"CABLEMAS"|"SUR"|"INTERIOR"|"OCCIDENTE"|"OCCIDENTE"|"GUERRERO"|"CHILPANCINGO"|"CHILPANCINGO"|"CHILPANCINGO"||"Y"||"CHILPANCINGO"||"ON NET"
5702|"9C9C2B781017155401B786C4EED796C538C7E8DB"|3|"CVR"|"040"|"CABLEMAS"|"METRO"|"METRO"|"METROPOLITANA"|"MXSUR"|"MORELOS"|"CUERNAVACA"|"CUERNAVACA"|"CUERNAVACA"||"Y"||"CUERNAVACA"||"ON NET"
5738|"29D7C62139C46CE9349A1060383E0DD19480E693"|5|"ECAR"|"086"|"CABLEMAS"|"METRO"||"METROPOLITANA"||"MEXICO"|"ECATEPEC"|"TECAMAC"|"TECAMAC"||"Y"||||"ON NET"
5734|"B952BD1D9EAD8586B81AFE70592083648961B505"|5|"CMR"|"583"|"CABLEMAS"|"METRO"||"METROPOLITANA"||"MEXICO"|"CHIMALHUACAN"|"NEZA"|"NEZAHUALCOYOTL"||"Y"||||"ON NET"
5745|"F9C023AB8CAABE3001436979E7D8E4E15EBF155E"|5|"IRAR"|"429"|"TELECABLE"|"NORTE"||"NORESTE"||"GUANAJUATO"|"IRAPUATO"|"IRAPUATO"|"IRAPUATO"||"Y"||||"ON NET"
5755|"A0E115DBA7DBEDCFAB7A91502D5828809F91F70E"|5|"SCAR"|"300"|"TVI"|"NORTE"||"NORESTE"||"NUEVO LEON"|"MONTERREY"|"MONTERREY"|"SANTA CATARINA"||"Y"||||"ON NET"
5726|"065E6924FEE3892FFEF2A13F42AD85AB2F9F7273"|3|"VFGR"|"300"|"TVI"|"NORTE"|"NORTE"|"NORESTE"|"NORESTE"|"NUEVO LEON"|"MONTERREY"|"MONTERREY"|"VILLA LAS FUENTES"||"Y"||"MONTERREY"||"NO IDENTIFICADA"
5729|"86BDF16462AFC17D3FBA0CDDD64D027E03EACB28"|5|"CCR"|"071"|"CABLEMAS"|"SUR"||"SURESTE"||"VERACRUZ"|"COATZACOALCOS"|"COATZACOALCOS"|"COATZACOALCOS"||"Y"||||"ON NET"
5739|"EDE9B12737753E290917775F71C45BA10E88E2DF"|5|"ECAR"|"574"|"CABLEMAS"|"METRO"||"METROPOLITANA"||"MEXICO"|"ECATEPEC"|"LOS REYES ACOZAC"|"LOS REYES ACOZAC"||"Y"||||"NO IDENTIFICADA"
5701|"0A1CB7CC6E8D33747079A59001D7491453F58519"|3|"CUGR"|"300"|"TVI"|"NORTE"|"NORTE"|"NORESTE"|"NORESTE"|"NUEVO LEON"|"MONTERREY"|"MONTERREY"|"CUMBRES"||"Y"||"MONTERREY"||"NO IDENTIFICADA"
5758|"BAD5955CBE53EA8C9DC0C413E77D56E8508ADCB0"|5|"TLXR"|"564"|"CABLECOM"|"SUR"||"SURESTE"||"TLAXCALA"|"TLAXCALA"|"TEOLOCHOLCO"|"TEOLOCHOLCO"||"Y"||||"NO IDENTIFICADA"
5728|"A7EE57393137D7A986AE0DBCAA21D7BC9291C9B0"|3|"ZAR"|"400"|"TELECABLE"|"SUR"|"INTERIOR"|"OCCIDENTE"|"OCCIDENTE"|"JALISCO"|"ZAPOPAN"|"ZAPOPAN"|"ZAPOPAN"||"Y"||"ZAPOPAN"||"ON NET"
5730|"BB1A42DE7163B1343B1F36BECF21673BF00E2161"|5|"CGR"|"046"|"CABLEMAS"|"SUR"||"OCCIDENTE"||"GUERRERO"|"CHILPANCINGO"|"CHILPANCINGO"|"CHILPANCINGO"||"Y"||||"ON NET"
5756|"A0E115DBA7DBEDCFAB7A91502D5828809F91F70E"|5|"SCGR"|"300"|"TVI"|"NORTE"||"NORESTE"||"NUEVO LEON"|"MONTERREY"|"MONTERREY"|"SANTA CATARINA"||"Y"||||"ON NET"
5725|"065E6924FEE3892FFEF2A13F42AD85AB2F9F7273"|3|"VFG"|"300"|"TVI"|"NORTE"|"NORTE"|"NORESTE"|"NORESTE"|"NUEVO LEON"|"MONTERREY"|"MONTERREY"|"VILLA LAS FUENTES"||"Y"||"MONTERREY"||"NO IDENTIFICADA"
5694|"8E1B3E248B41BDED1B2963962BD827A4B0C47402"|3|"CCR"|"071"|"CABLEMAS"|"SUR"|"INTERIOR"|"SURESTE"|"SURESTE"|"VERACRUZ"|"COATZACOALCOS"|"COATZACOALCOS"|"COATZACOALCOS"||"Y"||"COATZACOALCOS"||"ON NET"
5723|"BCD430365393D4E9F2F4CBF6C5A5BFA4B378B24A"|3|"TLXR"|"564"|"CABLECOM"|"SUR"|"INTERIOR"|"SURESTE"|"GOLFO"|"TLAXCALA"|"TLAXCALA"|"TEOLOCHOLCO"|"TEOLOCHOLCO"||"Y"||"TEOLOCHOLCO"||"NO IDENTIFICADA"
5740|"093A0789174386F94C231AFD2CF0433897DF97B6"|5|"ECAR"|"575"|"CABLEMAS"|"METRO"||"METROPOLITANA"||"MEXICO"|"ECATEPEC"|"OJO DE AGUA"|"OJO DE AGUA"||"Y"||||"NO IDENTIFICADA"
5709|"5716D2B5027599CCF857AC1ADE9928248E423DFD"|3|"GRR"|"300"|"TVI"|"NORTE"|"NORTE"|"NORESTE"|"NORESTE"|"NUEVO LEON"|"MONTERREY"|"MONTERREY"|"GARCIA"||"Y"||"MONTERREY"||"ON NET"
5720|"BDCBFA50166B82EE39BDB448FBBDBBF60E5B4ABF"|3|"SCAR"|"300"|"TVI"|"NORTE"|"NORTE"|"NORESTE"|"NORESTE"|"NUEVO LEON"|"MONTERREY"|"MONTERREY"|"SANTA CATARINA"||"Y"||"MONTERREY"||"ON NET"
5753|"3F0ACA9C4AF63A3FF7E4D9FBBC2D2D70788BFCB1"|5|"SBG"|"300"|"TVI"|"NORTE"||"NORESTE"||"NUEVO LEON"|"MONTERREY"|"MONTERREY"|"SANTA BARBARA"||"Y"||||"NO IDENTIFICADA"
5743|"B10D52902FEB6A7CD702A6BCA5A00E9956133A95"|5|"GPGR"|"300"|"TVI"|"NORTE"||"NORESTE"||"NUEVO LEON"|"MONTERREY"|"MONTERREY"|"GUADALUPE"||"Y"||||"NO IDENTIFICADA"
5714|"755BC04FB15CC3CCF8B326669BC89C8151833924"|3|"LVGR"|"300"|"TVI"|"NORTE"|"NORTE"|"NORESTE"|"NORESTE"|"NUEVO LEON"|"MONTERREY"|"MONTERREY"|"LINDA VISTA"||"Y"||"MONTERREY"||"NO IDENTIFICADA"
1891|"53832B65512CE92052D2645B3F1FFC0D69FE1C68"|16|"IXTR"|"582"|"CABLEMAS"|"METRO"|"METROSUR"|"METROPOLITANA"|"MXSUR"|"MEXICO"|"IXTAPALUCA"|"CHALCO"|"CHALCO"||"Y"|"IZZI"||"SIN PLAZA WR"|"NO IDENTIFICADA"
1906|"FDD624CFA3145B71771BCCFD0FBD5D9EE0D151FE"|16|"REPR"|"301"|"CABLECOM"|"NORTE"|"NORTE"|"NORESTE"|"NORESTE"|"COAHUILA"|"COAHUILA"|"SALTILLO"|"SALTILLO"||"Y"|"IZZI"||"SIN PLAZA WR"|"NO IDENTIFICADA"
1912|"900B205E78DB6D5C30F52F47E580FB6FC0E9134C"|16|"TEZR"|"567"|"CABLEMAS"|"SUR"|"METROSUR"|"SURESTE"|"GOLFO"|"PUEBLA"|"PMG TEZIUTLAN"|"TEZIUTLAN"|"TEZIUTLAN"||"Y"|"IZZI"||"SIN PLAZA WR"|"NO IDENTIFICADA"
1918|"D0E87FC1E7F59A0B62773B6D86EE6F382C38FB25"|16|"SLAR"|"455"|"TELECABLE"|"NORTE"|"NORTE"|"NORESTE"|"CENTRO"|"GUANAJUATO"|"SALAMANCA"|"SALAMANCA"|"SALAMANCA"||"Y"|"IZZI"|"SALAMANCA"|"SIN PLAZA WR"|"NO IDENTIFICADA"
1921|"5A8DE2DE1BC417BEB42ABD104AE73FFE98C6F15E"|16|"SLRR"|"097"|"CABLEMAS"|"NORTE"|"NORTE"|"PACIFICO"|"PACIFICO"|"SONORA"|"SAN LUIS RIO COLORADO"|"SAN LUIS RIO COLORADO"|"SAN LUIS RIO COLORADO"|||"IZZI"||"SIN PLAZA WR"|"NO IDENTIFICADA"
1535|"C3E9F7159CD4C54EFB744AB458968C352E441C46"|16|"ELSR"|"453"|"TELECABLE"|"SUR"|"NORTE"|"OCCIDENTE"|"OCCIDENTE"|"JALISCO"|"GUADALAJARA"|"GUADALAJARA"|"EL SALTO"|"Y"|"Y"|"IZZI"|"EL SALTO"|"SIN PLAZA WR"|"NO IDENTIFICADA"
2041||16|"TLR"|"000"|"CABLEVISIÓN"|"METRO"|"METROSUR"|"METROPOLITANA"|"MXSUR"|"CIUDAD DE MEXICO"|"TLALPAN"|"METROPOLITANA"|"TLALPAN"|||||"SIN PLAZA WR"|"NO IDENTIFICADA"
1307|"5F77D57F434C2D3E5D3D142D1DDEB174AF574620"|5|"FMCA000"|"000"|"CABLEVISIÓN"|"METRO"|"METROSUR"|"METROPOLITANA"|"MXSUR"|"CIUDAD DE MEXICO"|"CENTRO DE ACOPIO"|"METROPOLITANA"|"CENTRO DE ACOPIO"||"Y"|"IZZI"||"ND"|"NO IDENTIFICADA"
1311|"6FA64F1DD672182F5C91EBD2A37DFA7BBC1C6BF4"|5|"FMCU000"|"000"|"CABLEVISIÓN"|"METRO"|"METROSUR"|"METROPOLITANA"|"MXNORTE"|"MEXICO"|"CUAUTITLAN"|"METROPOLITANA"|"CUAUTITLAN"||"Y"|"IZZI"||"ND"|"NO IDENTIFICADA"
1315|"1C24FB8B59D4C2F53BCB404519F24BB3118E51CC"|5|"FMIXT582"|"582"|"CABLEMAS"|"METRO"|"METROSUR"|"METROPOLITANA"|"MXSUR"|"MEXICO"|"IXTAPALUCA"|"IXTAPALUCA"|"CHALCO"||"Y"|"IZZI"||"ND"|"NO IDENTIFICADA"
863|"E16751F17A6C32EFD898F0867D77DAF53D5CBDA6"|5|"MINR"|"300"|"TVI"|"NORTE"|"NORTE"|"NORESTE"|"NORESTE"|"NUEVO LEON"|"MONTERREY"|"MTY INDUSTRIAL"|"INDUSTRIAL"||"Y"|"IZZI"||"MTY INDUSTRIAL"|"NO IDENTIFICADA"
871|"9F5CD3292E9DBB8D276E2902CE203C4C63440094"|5|"VAOR"|"300"|"TVI"|"NORTE"|"NORTE"|"NORESTE"|"NORESTE"|"NUEVO LEON"|"MONTERREY"|"MTY VALLE ORIENTE"|"VALLE ORIENTE"||"Y"|"IZZI"||"MTY VALLE ORIENTE"|"NO IDENTIFICADA"
1568|"BE2057556953BAB89598E1EE162464FBE21241D5"|16|"TLJ"|"453"|"TELECABLE"|"SUR"|"NORTE"|"OCCIDENTE"|"OCCIDENTE"|"JALISCO"|"GUADALAJARA"|"TLAJOMULCO"|"TLAJOMULCO"||"Y"|"IZZI"|"TLAJOMULCO"|"TLAJOMULCO"|"NO IDENTIFICADA"
1574|"465824CCF3A99EFAAA42F0418F7775677122AEAC"|16|"TLQ"|"453"|"TELECABLE"|"SUR"|"NORTE"|"OCCIDENTE"|"OCCIDENTE"|"JALISCO"|"GUADALAJARA"|"TLAQUEPAQUE"|"TLAQUEPAQUE"||"Y"|"IZZI"|"TLAQUEPAQUE"|"TLAQUEPAQUE"|"NO IDENTIFICADA"
1144|"B9E38748F987FCCD001ED4880965CD086BFEB5BE"|3|"FGDL"|"400"|"TELECABLE"|"SUR"|"INTERIOR"|"OCCIDENTE"|"OCCIDENTE"|"JALISCO"|"ZAPOPAN"|"ZAPOPAN"|"ZAPOPAN"||"Y"|"IZZI"|"ZAPOPAN"|"ZAPOPAN FTTH_AX"|"NO IDENTIFICADA"
1146|"83F05B36D177037973C9BC27F0E4A548B8F29846"|3|"FSLP"|"572"|"CABLECOM"|"NORTE"|"INTERIOR"|"NORESTE"|"GOLFO"|"SAN LUIS POTOSI"|"SAN LUIS POTOSI"|"SAN LUIS POTOSI"|"SAN LUIS POTOSI"||"Y"|"IZZI"|"SAN LUIS POTOSI"|"SAN LUIS POTOSI FTTH"|"NO IDENTIFICADA"
1940|"5ADBD0C6AB90C8837D24C9CEEECA2BDF818F24D0"|3|"SLR"|"097"|"CABLEMAS"|"NORTE"|"NORTE"|"PACIFICO"|"PACIFICO"|"SONORA"|"SAN LUIS RIO COLORADO"|"SAN LUIS RIO COLORADO"|"SAN LUIS RIO COLORADO"|||"IZZI"|"SAN LUIS RIO COLORADO"|"SIN PLAZA WR"|"NO IDENTIFICADA"
1526|"85A62D5C470FF490E849F120BD2A110B2EBEC0E6"|3|"MXR"|"014"|"CABLEMAS"|"NORTE"|"NORTE"|"PACIFICO"|"PACIFICO"|"BAJA CALIFORNIA"|"MEXICALI"|"MEXICALI"|"MEXICALI"|"Y"|"Y"|"IZZI"|"MEXICALI"|"SIN PLAZA WR"|"NO IDENTIFICADA"
1539|"D5BF0E26A15D5B6F9F2CA6846FF2E6AE795505BE"|3|"MEOR"|"589"|"CABLEMAS"|"METRO"|"METRO"|"METROPOLITANA"|"MXNORTE"|"MEXICO"|"MELCHOR OCAMPO"|"MELCHOR"|"TEOLOYUCAN"|"Y"|"Y"|"IZZI"|"TEOLOYUCAN"|"SIN PLAZA WR"|"NO IDENTIFICADA"
1569|"CCA3191CD92EE38386640E5D6CD0D35A0052D7AB"|3|"TNL"|"453"|"TELECABLE"|"SUR"|"INTERIOR"|"OCCIDENTE"|"OCCIDENTE"|"JALISCO"|"GUADALAJARA"|"TONALA"|"TONALA"||"Y"|"IZZI"|"GUADALAJARA"|"TONALA"|"NO IDENTIFICADA"
1660|"4F368170CBD6802C07A8F832814FF18977F93348"|3|"TLJR"|"453"|"TELECABLE"|"SUR"|"INTERIOR"|"OCCIDENTE"|"OCCIDENTE"|"JALISCO"|"GUADALAJARA"|"TLAJOMULCO"|"TLAJOMULCO"|||"IZZI"|"GUADALAJARA"|"TLAJOMULCO"|"NO IDENTIFICADA"
1898|"4A56E1EA3C7806923FA185C43AD316C9895940BF"|3|"PUVR"|"406"|"TELECABLE"|"SUR"|"INTERIOR"|"OCCIDENTE"|"OCCIDENTE"|"JALISCO"|"PUERTO VALLARTA"|"PUERTO VALLARTA"|"PUERTO VALLARTA"||"Y"|"IZZI"|"PUERTO VALLARTA"|"SIN PLAZA WR"|"NO IDENTIFICADA"
1727|"80F8F4AC908136F6FDD0769741EBDAAD86346FD5"|5|"TLQR"|"453"|"TELECABLE"|"SUR"|"NORTE"|"OCCIDENTE"|"OCCIDENTE"|"JALISCO"|"GUADALAJARA"|"TLAQUEPAQUE"|"TLAQUEPAQUE"|"Y"|"Y"|"IZZI"|"TLAQUEPAQUE"|"SIN PLAZA WR"|"NO IDENTIFICADA"
2021|"3174616E85E3B23497C79C6BA0DD476FA89119CF"|5|"TAL"|"456"|"TELECABLE"|"SUR"|"NORTE"|"OCCIDENTE"|"OCCIDENTE"|"JALISCO"|"ZAPOPAN"|"TALA"|"TALA"||"Y"|"IZZI"||"SIN PLAZA WR"|"NO IDENTIFICADA"
751|"2FC7018949E4F795D96B12851CFB92E0BE97DD08"|3|"SLV"|"559"|"CABLEMAS"|"NORTE"|"INTERIOR"|"NORESTE"|"CENTRO"|"GUANAJUATO"|"PMC MOROLEON"|"SALVATIERRA"|"SALVATIERRA"||"Y"|"WIZZ"|"SALVATIERRA"|"MOROLEON"|"OFF NET"
2222||3|"1"|"759"|"SKY"|"SUR"|"INTERIOR"|"SURESTE"|"SURESTE"|"Yucatán"|"HUB UMAN"|"NO IDENTIFICADA"|"TICUL"|"N"||"ND"|"OFFNET"|"SIN PLAZA WR"|"OFF NET"
2226||3|"1"|"759"|"SKY"|"SUR"|"INTERIOR"|"SURESTE"|"GOLFO"|"Veracruz de Ignacio de la Llave"|"HUB VERACRUZ"|"NO IDENTIFICADA"|"CALCAHUALCO"|"N"||"ND"|"OFFNET"|"SIN PLAZA WR"|"OFF RED"
2230||3|"1"|"759"|"SKY"|"SUR"|"INTERIOR"|"SURESTE"|"GOLFO"|"Puebla"|"HUB TECAMACHALCO"|"NO IDENTIFICADA"|"TECAMACHALCO"|"N"||"ND"|"OFFNET"|"SIN PLAZA WR"|"OFF NET"
2234||3|"1"|"759"|"SKY"|"NORTE"|"NORTE"|"PACIFICO"|"PACIFICO"|"Sonora"|"HUB CAJEME"|"NO IDENTIFICADA"|"GUAYMAS"|"N"||"ND"|"OFFNET"|"SIN PLAZA WR"|"OFF NET"
2238||3|"1"|"759"|"SKY"|"SUR"|"INTERIOR"|"SURESTE"|"SURESTE"|"Campeche"|"HUB CARMEN"|"NO IDENTIFICADA"|"ESCARCEGA"|"N"||"ND"|"OFFNET"|"SIN PLAZA WR"|"OFF NET"
2246||3|"1"|"759"|"SKY"|"METRO"|"METRO"|"METROPOLITANA"|"MXNORTE"|"México"|"HUB VILLA VICTORIA"|"NO IDENTIFICADA"|"VALLE DE BRAVO"|"N"||"ND"|"OFFNET"|"SIN PLAZA WR"|"OFF NET"
2250||3|"1"|"759"|"SKY"|"NORTE"|"NORTE"|"PACIFICO"|"PACIFICO"|"Chihuahua"|"HUB CUAUHTEMOC CHIH"|"NO IDENTIFICADA"|"NAMIQUIPA"|"N"||"ND"|"OFFNET"|"SIN PLAZA WR"|"OFF RED"
2254||3|"1"|"759"|"SKY"|"SUR"|"INTERIOR"|"SURESTE"|"GOLFO"|"Puebla"|"HUB AMOZOC"|"NO IDENTIFICADA"|"CHALCHICOMULA"|"N"||"ND"|"OFFNET"|"SIN PLAZA WR"|"OFF NET"
2258||3|"1"|"759"|"SKY"|"METRO"|"METRO"|"METROPOLITANA"|"MXNORTE"|"México"|"HUB VILLA VICTORIA"|"NO IDENTIFICADA"|"TEJUPILCO"|"N"||"ND"|"OFFNET"|"SIN PLAZA WR"|"OFF NET"
613|"2F428FA0184201E9DFF7F5C19711DCE6041A5B83"|3|"TEO"|"093"|"CABLEMAS"|"SUR"|"INTERIOR"|"OCCIDENTE"|"CENTRO"|"JALISCO"|"PMC TEOCALTICHE"|"TEOCALTICHE"|"TEOCALTICHE"|"N"|"Y"|"WIZZ"|"TEOCALTICHE"|"TEOCALTICHE"|"ON NET"
990|"A9AC9528B957EC6BB24D9B90C71D762B9FE04B26"|16|"ORI"|"544"|"CABLEMAS"|"SUR"|"METROSUR"|"SURESTE"|"SURESTE"|"VERACRUZ"|"ORIZABA"|"ORIZABA"|"ORIZABA"|"Y"|"Y"|"IZZI"|"ORIZABA"|"ORIZABA"|"NO IDENTIFICADA"
994|"FE413B9A2B1186B430C66EC4E723D7F49FFB804A"|16|"MEC"|"587"|"CABLEMAS"|"METRO"|"METROSUR"|"METROPOLITANA"|"MXNORTE"|"MEXICO"|"MELCHOR OCAMPO"|"MELCHOR"|"MELCHOR OCAMPO"|"Y"|"Y"|"IZZI"|"MELCHOR OCAMPO"|"MELCHOR OCAMPO"|"NO IDENTIFICADA"
349|"41A21C67474B3485B9E9E36391C5173A57119C75"|3|"ML"|"066"|"CABLEMAS"|"SUR"|"INTERIOR"|"SURESTE"|"SURESTE"|"YUCATAN"|"VALLADOLID"|"MOTUL"|"MOTUL"|"Y"|"Y"|"IZZI"|"MOTUL"|"MERIDA"|"OFF NET"
357|"8A9394111CD224A59C860431184201BE14507849"|3|"PR"|"029"|"CABLEMAS"|"SUR"|"INTERIOR"|"SURESTE"|"SURESTE"|"YUCATAN"|"MERIDA"|"PROGRESO"|"PUERTO PROGRESO"|"Y"|"Y"|"IZZI"|"PROGRESO"|"MERIDA"|"NO IDENTIFICADA"
365|"4ED49C7189F3F809D78F488495C3A63DB2B55852"|3|"IL"|"065"|"CABLEMAS"|"SUR"|"INTERIOR"|"SURESTE"|"SURESTE"|"YUCATAN"|"VALLADOLID"|"IZAMAL"|"IZAMAL"|"Y"|"Y"|"IZZI"|"IZAMAL"|"MERIDA"|"ON NET"
373|"06B0F2AC43FA32F3B2082DE3D52A022D54DBC0FD"|3|"CO"|"053"|"CABLEMAS"|"NORTE"|"NORTE"|"PACIFICO"|"PACIFICO"|"CHIHUAHUA"|"CHIHUAHUA"|"CUAUHTEMOC"|"CUAUHTEMOC"|"Y"|"Y"|"IZZI"|"CUAUHTEMOC"|"CHIHUAHUA"|"NO IDENTIFICADA"
381|"3BF8A88EC0291C50EE6E84FBE9079800331150AB"|3|"PZ"|"024"|"CABLEMAS"|"SUR"|"INTERIOR"|"SURESTE"|"SURESTE"|"VERACRUZ"|"POZA RICA"|"POZA RICA"|"POZA RICA"|"Y"|"Y"|"IZZI"|"POZA RICA"|"POZA RICA"|"ON NET"
389|"C560B843E0A58F04ADDB1F94A825A1F8EE5139E3"|3|"CV"|"040"|"CABLEMAS"|"METRO"|"METRO"|"METROPOLITANA"|"MXSUR"|"MORELOS"|"CUERNAVACA"|"CUERNAVACA"|"CUERNAVACA"|"Y"|"Y"|"IZZI"|"CUERNAVACA"|"CUERNAVACA"|"ON NET"
405|"73AC54DEB6A434BE43EBF78060A0A0FB6C218BFB"|3|"TU"|"039"|"CABLEMAS"|"SUR"|"INTERIOR"|"SURESTE"|"SURESTE"|"QUINTANA ROO"|"PMS RIVIERA MAYA"|"TULUM"|"TULUM"|"N"|"Y"|"IZZI"|"TULUM"|"RIVIERA MAYA"|"NO IDENTIFICADA"
413|"9A95D111B9A365A545AC18B499C4325D824B2254"|3|"CAD"|"300"|"TVI"|"NORTE"|"NORTE"|"NORESTE"|"NORESTE"|"NUEVO LEON"|"MONTERREY"|"CADEREYTA"|"CADEREYTA"|"Y"|"Y"|"IZZI"|"MONTERREY"|"MTY - JUAREZ"|"ON NET"
421|"FFC0A056824ED386EE1CB16DB0D52557B3B7FA05"|3|"GPA"|"300"|"TVI"|"NORTE"|"NORTE"|"NORESTE"|"NORESTE"|"NUEVO LEON"|"MONTERREY"|"GUADALUPE"|"GUADALUPE"|"Y"|"Y"|"IZZI"|"MONTERREY"|"MTY - REVOLUCION"|"NO IDENTIFICADA"
429|"17495A6C9719636F3F7E3246C6B7F0E65C866529"|3|"LVD"|"300"|"TVI"|"NORTE"|"NORTE"|"NORESTE"|"NORESTE"|"NUEVO LEON"|"MONTERREY"|"LINDA VISTA"|"LINDA VISTA"|"Y"|"Y"|"IZZI"|"MONTERREY"|"MTY - REVOLUCION"|"NO IDENTIFICADA"
437|"A6776455F118D15F7A7BDFF3382EEDCB421B8875"|3|"SCA"|"300"|"TVI"|"NORTE"|"NORTE"|"NORESTE"|"NORESTE"|"NUEVO LEON"|"MONTERREY"|"SANTA CATARINA"|"SANTA CATARINA"|"Y"|"Y"|"IZZI"|"MONTERREY"|"MTY - SANTA CATARINA"|"ON NET"
447|"471F77541EE8C6EEE913E6FEBECD131F34DC0C0D"|3|"EC"|"000"|"CABLEVISIÓN"|"METRO"|"METRO"|"METROPOLITANA"|"MXNORTE"|"MEXICO"|"ECATEPEC"|"METROPOLITANA"|"ECATEPEC CV"|"Y"|"Y"|"IZZI"|"METROPOLITANA"|"ECATEPEC"|"NO IDENTIFICADA"
457|"3B7FF3C89B86996B8A93040403AE44B47920CD3F"|3|"NN"|"073"|"CABLEMAS"|"SUR"|"INTERIOR"|"SURESTE"|"SURESTE"|"VERACRUZ"|"COATZACOALCOS"|"NANCHITAL"|"NANCHITAL"|"Y"|"Y"|"IZZI"|"NANCHITAL"|"COATZACOALCOS"|"NO IDENTIFICADA"
2386||3|"1"|"759"|"SKY"|"SUR"|"INTERIOR"|"SURESTE"|"SURESTE"|"Yucatán"|"HUB TEKAX"|"NO IDENTIFICADA"|"SOTUTA"|"N"||"ND"|"OFFNET"|"SIN PLAZA WR"|"OFF NET"
2300||3|"1"|"759"|"SKY"|"SUR"|"INTERIOR"|"OCCIDENTE"|"OCCIDENTE"|"Michoacán de Ocampo"|"HUB ZAMORA"|"NO IDENTIFICADA"|"ZAMORA"|"N"||"ND"|"OFFNET"|"SIN PLAZA WR"|"OFF NET"
2394||3|"1"|"759"|"SKY"|"SUR"|"INTERIOR"|"SURESTE"|"GOLFO"|"Puebla"|"HUB HUAUCHINANGO"|"NO IDENTIFICADA"|"HUEHUETLA"|"N"||"ND"|"OFFNET"|"SIN PLAZA WR"|"OFF RED"
2398||3|"1"|"759"|"SKY"|"NORTE"|"NORTE"|"PACIFICO"|"PACIFICO"|"Sonora"|"HUB HERMOSILLO"|"NO IDENTIFICADA"|"URES"|"N"||"ND"|"OFFNET"|"SIN PLAZA WR"|"OFF NET"
2402||3|"1"|"759"|"SKY"|"SUR"|"INTERIOR"|"SURESTE"|"SURESTE"|"Chiapas"|"HUB TAPACHULA"|"NO IDENTIFICADA"|"COMALAPA"|"N"||"ND"|"OFFNET"|"SIN PLAZA WR"|"OFF RED"
2205||3|"1"|"759"|"SKY"|"SUR"|"INTERIOR"|"OCCIDENTE"|"OCCIDENTE"|"Michoacán de Ocampo"|"HUB MORELIA"|"NO IDENTIFICADA"|"MADERO"|"N"||"ND"|"OFFNET"|"SIN PLAZA WR"|"OFF RED"
2410||3|"1"|"759"|"SKY"|"METRO"|"METRO"|"METROPOLITANA"|"MXNORTE"|"Hidalgo"|"HUB TULA"|"NO IDENTIFICADA"|"HUICHAPAN"|"N"||"ND"|"OFFNET"|"SIN PLAZA WR"|"OFF RED"
2725||3|"1"|"759"|"SKY"|"SUR"|"INTERIOR"|"OCCIDENTE"|"OCCIDENTE"|"Michoacán de Ocampo"|"HUB MORELIA"|"NO IDENTIFICADA"|"TIZANTLA"|"N"||"ND"|"OFFNET"|"SIN PLAZA WR"|"OFF NET"
2334||3|"1"|"759"|"SKY"|"SUR"|"INTERIOR"|"OCCIDENTE"|"OCCIDENTE"|"Michoacán de Ocampo"|"HUB AQUILA"|"NO IDENTIFICADA"|"AQUILA"|"N"||"ND"|"OFFNET"|"SIN PLAZA WR"|"OFF NET"
2422||3|"1"|"759"|"SKY"|"NORTE"|"NORTE"|"PACIFICO"|"PACIFICO"|"Chihuahua"|"HUB PARRAL"|"NO IDENTIFICADA"|"SANTA ISABEL"|"N"||"ND"|"OFFNET"|"SIN PLAZA WR"|"OFF NET"
2426||3|"1"|"759"|"SKY"|"NORTE"|"NORTE"|"PACIFICO"|"PACIFICO"|"Sonora"|"HUB NAVOJOA"|"NO IDENTIFICADA"|"ETCHOHOA"|"N"||"ND"|"OFFNET"|"SIN PLAZA WR"|"OFF RED"
2368||3|"1"|"759"|"SKY"|"SUR"|"INTERIOR"|"OCCIDENTE"|"OCCIDENTE"|"Michoacán de Ocampo"|"HUB MORELIA"|"NO IDENTIFICADA"|"TZINTZUNTZAN"|"N"||"ND"|"OFFNET"|"SIN PLAZA WR"|"OFF RED"
2414||3|"1"|"759"|"SKY"|"SUR"|"INTERIOR"|"OCCIDENTE"|"OCCIDENTE"|"Michoacán de Ocampo"|"HUB LAZARO CARDENAS"|"NO IDENTIFICADA"|"LAZARO CARDENAS MICH"|"N"||"ND"|"OFFNET"|"SIN PLAZA WR"|"OFF NET"
2462||3|"1"|"759"|"SKY"|"SUR"|"INTERIOR"|"OCCIDENTE"|"OCCIDENTE"|"Michoacán de Ocampo"|"HUB MORELIA"|"NO IDENTIFICADA"|"MORELIA"|"N"||"ND"|"OFFNET"|"SIN PLAZA WR"|"OFF NET"
2442||3|"1"|"759"|"SKY"|"SUR"|"INTERIOR"|"SURESTE"|"GOLFO"|"Puebla"|"HUB PUEBLA"|"NO IDENTIFICADA"|"SANTA ISABEL CHOLULA"|"N"||"ND"|"OFFNET"|"SIN PLAZA WR"|"OFF NET"
2446||3|"1"|"759"|"SKY"|"NORTE"|"INTERIOR"|"PACIFICO"|"CENTRO"|"Zacatecas"|"HUB GUADALUPE"|"NO IDENTIFICADA"|"VILLANUEVA"|"N"||"ND"|"OFFNET"|"SIN PLAZA WR"|"OFF NET"
2450||3|"1"|"759"|"SKY"|"SUR"|"INTERIOR"|"SURESTE"|"GOLFO"|"Puebla"|"HUB TECAMACHALCO"|"NO IDENTIFICADA"|"PETLALCINGO"|"N"||"ND"|"OFFNET"|"SIN PLAZA WR"|"OFF RED"
2454||3|"1"|"759"|"SKY"|"SUR"|"INTERIOR"|"SURESTE"|"SURESTE"|"Chiapas"|"HUB SAN CRISTOBAL"|"NO IDENTIFICADA"|"COMITAN"|"N"||"ND"|"OFFNET"|"SIN PLAZA WR"|"OFF NET"
2458||3|"1"|"759"|"SKY"|"NORTE"|"NORTE"|"PACIFICO"|"PACIFICO"|"Baja California Sur"|"HUB LA PAZ"|"NO IDENTIFICADA"|"LA PAZ"|"N"||"ND"|"OFFNET"|"SIN PLAZA WR"|"OFF NET"
2556||3|"1"|"759"|"SKY"|"SUR"|"INTERIOR"|"OCCIDENTE"|"OCCIDENTE"|"Michoacán de Ocampo"|"HUB URUAPAN"|"NO IDENTIFICADA"|"PERIBAN"|"N"||"ND"|"OFFNET"|"SIN PLAZA WR"|"OFF NET"
2569||3|"1"|"759"|"SKY"|"SUR"|"INTERIOR"|"OCCIDENTE"|"OCCIDENTE"|"Michoacán de Ocampo"|"HUB ZITACUARO"|"NO IDENTIFICADA"|"JUNGAPEO"|"N"||"ND"|"OFFNET"|"SIN PLAZA WR"|"OFF RED"
2470||3|"1"|"759"|"SKY"|"NORTE"|"INTERIOR"|"NORESTE"|"GOLFO"|"Tamaulipas"|"HUB VICTORIA"|"NO IDENTIFICADA"|"LLERA"|"N"||"ND"|"OFFNET"|"SIN PLAZA WR"|"OFF RED"
2862||3|"1"|"759"|"SKY"|"NORTE"|"NORTE"|"NORESTE"|"NORESTE"|"Coahuila de Zaragoza"|"HUB PIEDRAS NEGRAS"|"NO IDENTIFICADA"|"JIMENEZ COAH"|"N"||"ND"|"OFFNET"|"SIN PLAZA WR"|"OFF NET"
2866||3|"1"|"759"|"SKY"|"SUR"|"INTERIOR"|"SURESTE"|"GOLFO"|"Puebla"|"HUB IZUCAR DE MATAMOROS"|"NO IDENTIFICADA"|"ACATLAN"|"N"||"ND"|"OFFNET"|"SIN PLAZA WR"|"OFF NET"
2870||3|"1"|"759"|"SKY"|"NORTE"|"INTERIOR"|"NORESTE"|"CENTRO"|"Guanajuato"|"HUB IRAPUATO"|"NO IDENTIFICADA"|"SALAMANCA"|"N"||"ND"|"OFFNET"|"SIN PLAZA WR"|"ON NET"
2874||3|"1"|"759"|"SKY"|"SUR"|"INTERIOR"|"SURESTE"|"SURESTE"|"Chiapas"|"HUB SAN CRISTOBAL"|"NO IDENTIFICADA"|"YAJALON"|"N"||"ND"|"OFFNET"|"SIN PLAZA WR"|"OFF NET"
2878||3|"1"|"759"|"SKY"|"NORTE"|"NORTE"|"NORESTE"|"NORESTE"|"Nuevo León"|"HUB MONTERREY"|"NO IDENTIFICADA"|"ABASOLO"|"N"||"ND"|"OFFNET"|"SIN PLAZA WR"|"OFF NET"
2665||3|"1"|"759"|"SKY"|"SUR"|"INTERIOR"|"OCCIDENTE"|"OCCIDENTE"|"Jalisco"|"HUB PUERTO VALLARTA"|"NO IDENTIFICADA"|"MASCOTA"|"N"||"ND"|"OFFNET"|"SIN PLAZA WR"|"OFF NET"
2708||3|"1"|"759"|"SKY"|"METRO"|"METRO"|"METROPOLITANA"|"MXSUR"|"Morelos"|"HUB AYALA"|"NO IDENTIFICADA"|"JOJUTLA"|"N"||"ND"|"OFFNET"|"SIN PLAZA WR"|"OFF NET"
2712||3|"1"|"759"|"SKY"|"NORTE"|"INTERIOR"|"NORESTE"|"GOLFO"|"Tamaulipas"|"HUB MATAMOROS"|"NO IDENTIFICADA"|"TAM SAN FERNANDO"|"N"||"ND"|"OFFNET"|"SIN PLAZA WR"|"OFF NET"
2716||3|"1"|"759"|"SKY"|"SUR"|"INTERIOR"|"SURESTE"|"SURESTE"|"Yucatán"|"HUB UMAN"|"NO IDENTIFICADA"|"CELESTUM"|"N"||"ND"|"OFFNET"|"SIN PLAZA WR"|"OFF NET"
2720||3|"1"|"759"|"SKY"|"SUR"|"INTERIOR"|"SURESTE"|"GOLFO"|"Veracruz de Ignacio de la Llave"|"HUB SAN ANDRES TUXTLA"|"NO IDENTIFICADA"|"JUAN RODRIGUEZ"|"N"||"ND"|"OFFNET"|"SIN PLAZA WR"|"OFF RED"
2857||3|"1"|"759"|"SKY"|"SUR"|"INTERIOR"|"OCCIDENTE"|"OCCIDENTE"|"Jalisco"|"HUB TEPATITLAN"|"NO IDENTIFICADA"|"JAMAY"|"N"||"ND"|"OFFNET"|"SIN PLAZA WR"|"ON NET"
2728||3|"1"|"759"|"SKY"|"METRO"|"METRO"|"METROPOLITANA"|"MXNORTE"|"México"|"HUB ACOLMAN"|"NO IDENTIFICADA"|"ACOLMAN"|"N"||"ND"|"OFFNET"|"SIN PLAZA WR"|"OFF NET"
2732||3|"1"|"759"|"SKY"|"SUR"|"INTERIOR"|"SURESTE"|"GOLFO"|"Puebla"|"HUB TEZIUTLAN"|"NO IDENTIFICADA"|"ZACAPOAXTLA"|"N"||"ND"|"OFFNET"|"SIN PLAZA WR"|"OFF RED"
2736||3|"1"|"759"|"SKY"|"SUR"|"INTERIOR"|"SURESTE"|"SURESTE"|"Chiapas"|"HUB TUXTLA GUTIERREZ"|"NO IDENTIFICADA"|"JIQUIPILAS"|"N"||"ND"|"OFFNET"|"SIN PLAZA WR"|"OFF RED"
2740||3|"1"|"759"|"SKY"|"METRO"|"METRO"|"METROPOLITANA"|"MXNORTE"|"México"|"HUB TOLUCA"|"NO IDENTIFICADA"|"ZINACANTEPEC"|"N"||"ND"|"OFFNET"|"SIN PLAZA WR"|"OFF NET"
1019|"284426069D1F2325892721C6747F42C1433F24CB"|16|"ECT"|"575"|"CABLEMAS"|"METRO"|"METROSUR"|"METROPOLITANA"|"MXNORTE"|"MEXICO"|"ECATEPEC"|"OJO DE AGUA"|"OJO DE AGUA"|"Y"|"Y"|"IZZI"|"OJO DE AGUA"|"ECATEPEC"|"NO IDENTIFICADA"
1023|"4D0C4F0835ACF0C7978C419AA84DBDA605841983"|16|"SLP"|"573"|"CABLECOM"|"NORTE"|"METROSUR"|"NORESTE"|"GOLFO"|"SAN LUIS POTOSI"|"SAN LUIS POTOSI"|"SAN LUIS POTOSI"|"SOLEDAD DE GRACIANO SANCHEZ"|"Y"|"Y"|"IZZI"|"SOLEDAD DE GRACIANO SANCHEZ"|"SAN LUIS POTOSI"|"NO IDENTIFICADA"
1027|"65004DF326A25C929B92C24199E755EFB593D0BB"|16|"VHA"|"533"|"CABLECOM"|"SUR"|"METROSUR"|"SURESTE"|"SURESTE"|"TABASCO"|"VILLAHERMOSA"|"MACULTEPEC"|"MACULTEPEC"|"Y"|"Y"|"IZZI"|"MACULTEPEC"|"VILLA HERMOSA"|"NO IDENTIFICADA"
1031|"F09970F9E6C9EE18AC91E9291B557DFDF7B9E48C"|16|"QRO"|"596"|"CABLECOM"|"NORTE"|"NORTE"|"NORESTE"|"CENTRO"|"QUERETARO"|"QUERETARO"|"QUERETARO"|"QUERETARO"|"Y"|"Y"|"IZZI"|"QUERETARO"|"QUERETARO"|"NO IDENTIFICADA"
1035|"BD2607695C51FA06F26C52A365F0DC4F36083AC2"|16|"CL"|"032"|"CABLEMAS"|"SUR"|"METROSUR"|"SURESTE"|"SURESTE"|"QUINTANA ROO"|"CHETUMAL"|"CHETUMAL"|"CHETUMAL"|"Y"|"Y"|"IZZI"|"CHETUMAL"|"CHETUMAL"|"NO IDENTIFICADA"
2242||3|"1"|"759"|"SKY"|"SUR"|"INTERIOR"|"OCCIDENTE"|"OCCIDENTE"|"Guerrero"|"HUB CHILAPA"|"NO IDENTIFICADA"|"ACATEPEC"|"N"||"ND"|"OFFNET"|"SIN PLAZA WR"|"OFF RED"
2490||3|"1"|"759"|"SKY"|"SUR"|"INTERIOR"|"OCCIDENTE"|"OCCIDENTE"|"Colima"|"HUB COLIMA"|"NO IDENTIFICADA"|"COLIMA"|"N"||"ND"|"OFFNET"|"SIN PLAZA WR"|"OFF NET"
773|"7D1A898876B28042DD4609ECBF9089CDD367F805"|5|"TXC"|"604"|"CABLECOM"|"SUR"|"NORTE"|"OCCIDENTE"|"OCCIDENTE"|"GUERRERO"|"PMO IGUALA"|"TAXCO"|"TAXCO"||"Y"|"WIZZ"||"IGUALA"|"NO IDENTIFICADA"
1107|"D8EB72FA8D6862AC5AF34EA94DFA3B0378765B30"|16|"SNT"|"547"|"CABLEMAS"|"SUR"|"METROSUR"|"SURESTE"|"SURESTE"|"VERACRUZ"|"PMS LOS TUXTLAS"|"SANTIAGO"|"SANTIAGO TUXTLA"||"Y"|"WIZZ"|"SANTIAGO TUXTLA"|"VERACRUZ"|"NO IDENTIFICADA"
2221||3|"1"|"759"|"SKY"|"SUR"|"INTERIOR"|"SURESTE"|"GOLFO"|"Veracruz de Ignacio de la Llave"|"HUB POZA RICA"|"NO IDENTIFICADA"|"PAPANTLA"|"N"||"ND"|"OFFNET"|"SIN PLAZA WR"|"OFF NET"
2672||3|"1"|"759"|"SKY"|"NORTE"|"INTERIOR"|"PACIFICO"|"CENTRO"|"Durango"|"HUB DURANGO"|"NO IDENTIFICADA"|"PUEBLO NUEVO"|"N"||"ND"|"OFFNET"|"SIN PLAZA WR"|"OFF NET"
2676||3|"1"|"759"|"SKY"|"NORTE"|"INTERIOR"|"NORESTE"|"GOLFO"|"Tamaulipas"|"HUB VICTORIA"|"NO IDENTIFICADA"|"BUSTAMANTE"|"N"||"ND"|"OFFNET"|"SIN PLAZA WR"|"OFF NET"
2680||3|"1"|"759"|"SKY"|"NORTE"|"INTERIOR"|"PACIFICO"|"CENTRO"|"Zacatecas"|"HUB GUADALUPE"|"NO IDENTIFICADA"|"JEREZ"|"N"||"ND"|"OFFNET"|"SIN PLAZA WR"|"OFF NET"
2684||3|"1"|"759"|"SKY"|"NORTE"|"INTERIOR"|"NORESTE"|"GOLFO"|"San Luis Potosí"|"HUB MATEHUALA"|"NO IDENTIFICADA"|"CATORCE"|"N"||"ND"|"OFFNET"|"SIN PLAZA WR"|"OFF RED"
2688||3|"1"|"759"|"SKY"|"NORTE"|"INTERIOR"|"NORESTE"|"CENTRO"|"Guanajuato"|"HUB IRAPUATO"|"NO IDENTIFICADA"|"URIANGATO"|"N"||"ND"|"OFFNET"|"SIN PLAZA WR"|"ON NET"
2692||3|"1"|"759"|"SKY"|"NORTE"|"NORTE"|"NORESTE"|"NORESTE"|"Coahuila de Zaragoza"|"HUB PIEDRAS NEGRAS"|"NO IDENTIFICADA"|"MUZQUIZ"|"N"||"ND"|"OFFNET"|"SIN PLAZA WR"|"OFF NET"
2696||3|"1"|"759"|"SKY"|"SUR"|"INTERIOR"|"SURESTE"|"GOLFO"|"Tlaxcala"|"HUB HUAMANTLA"|"NO IDENTIFICADA"|"SAN JOSE TEACALCO"|"N"||"ND"|"OFFNET"|"SIN PLAZA WR"|"OFF NET"
2700||3|"1"|"759"|"SKY"|"NORTE"|"INTERIOR"|"NORESTE"|"CENTRO"|"Guanajuato"|"HUB IRAPUATO"|"NO IDENTIFICADA"|"HUANIMARO"|"N"||"ND"|"OFFNET"|"SIN PLAZA WR"|"OFF RED"
2826||3|"1"|"759"|"SKY"|"SUR"|"INTERIOR"|"SURESTE"|"SURESTE"|"Chiapas"|"HUB TAPACHULA"|"NO IDENTIFICADA"|"LA GRANDEZA"|"N"||"ND"|"OFFNET"|"SIN PLAZA WR"|"OFF NET"
2830||3|"1"|"759"|"SKY"|"NORTE"|"INTERIOR"|"NORESTE"|"CENTRO"|"Guanajuato"|"HUB GUANAJUATO"|"NO IDENTIFICADA"|"DOLORES HIDALGO"|"N"||"ND"|"OFFNET"|"SIN PLAZA WR"|"OFF NET"
2834||3|"1"|"759"|"SKY"|"NORTE"|"INTERIOR"|"PACIFICO"|"CENTRO"|"Zacatecas"|"HUB NOCHISTLAN"|"NO IDENTIFICADA"|"TEUL"|"N"||"ND"|"OFFNET"|"SIN PLAZA WR"|"OFF NET"
2838||3|"1"|"759"|"SKY"|"NORTE"|"INTERIOR"|"NORESTE"|"GOLFO"|"Tamaulipas"|"HUB SOTO LA MARINA"|"NO IDENTIFICADA"|"VILLAGRAN"|"N"||"ND"|"OFFNET"|"SIN PLAZA WR"|"OFF NET"
2842||3|"1"|"759"|"SKY"|"SUR"|"INTERIOR"|"SURESTE"|"GOLFO"|"Veracruz de Ignacio de la Llave"|"HUB POZA RICA"|"NO IDENTIFICADA"|"TUXPAN VER"|"N"||"ND"|"OFFNET"|"SIN PLAZA WR"|"ON NET"
2846||3|"1"|"759"|"SKY"|"NORTE"|"INTERIOR"|"PACIFICO"|"CENTRO"|"Zacatecas"|"HUB FRESNILLO"|"NO IDENTIFICADA"|"SOMBRERETE"|"N"||"ND"|"OFFNET"|"SIN PLAZA WR"|"OFF NET"
2850||3|"1"|"759"|"SKY"|"SUR"|"INTERIOR"|"SURESTE"|"GOLFO"|"Puebla"|"HUB TEZIUTLAN"|"NO IDENTIFICADA"|"XOCHIAPULCO"|"N"||"ND"|"OFFNET"|"SIN PLAZA WR"|"OFF NET"
2854||3|"1"|"759"|"SKY"|"SUR"|"INTERIOR"|"SURESTE"|"GOLFO"|"Puebla"|"HUB PUEBLA"|"NO IDENTIFICADA"|"TOCHIMILCO"|"N"||"ND"|"OFFNET"|"SIN PLAZA WR"|"OFF RED"
2858||3|"1"|"759"|"SKY"|"SUR"|"INTERIOR"|"SURESTE"|"GOLFO"|"Veracruz de Ignacio de la Llave"|"HUB VERACRUZ"|"NO IDENTIFICADA"|"LA PERLA"|"N"||"ND"|"OFFNET"|"SIN PLAZA WR"|"OFF RED"
590|"4EE9ADDBAEB8F5A71E323B947D4229EE5F0AF2D6"|5|"VHA"|"541"|"CABLECOM"|"SUR"|"METROSUR"|"SURESTE"|"SURESTE"|"TABASCO"|"VILLAHERMOSA"|"PARRILLA"|"PARRILLA"||"Y"|"IZZI"||"VILLA HERMOSA"|"NO IDENTIFICADA"
140|"EACDE0C863D02470DD0A69DF23DDCD8F4C0139F3"|6|"CC28"|"0"|"CABLEMAS"|"NORTE"|"NORTE"|"NORESTE"|"CENTRO"|"GUANAJUATO"|"PMC MOROLEON"|"SALVATIERRA"|"SALVATIERRA"||"Y"|||"MOROLEON"|"NO IDENTIFICADA"
291|"F09280F20EFA768AFEA4AD5959FBE24AFE5F58C8"|1|"81"|"081"|"CABLEMAS"|"METRO"|"METROSUR"|"METROPOLITANA"|"MXCENTRO"|"MEXICO"|"CHIMALHUACAN"|"LOS REYES ACAQUILPAN"|"LOS REYES ACAQUILPAN"||"Y"|||"CHIMALHUACAN"|"NO IDENTIFICADA"
2610||3|"1"|"759"|"SKY"|"SUR"|"INTERIOR"|"OCCIDENTE"|"OCCIDENTE"|"Guerrero"|"HUB ZIHUATANEJO"|"NO IDENTIFICADA"|"ZIHUATANEJO"|"N"||"ND"|"OFFNET"|"SIN PLAZA WR"|"OFF NET"
466|"BB7694FB9860DA780342E648CE03C5BB6EDAA030"|5|"ZS"|"400"|"TELECABLE"|"SUR"|"NORTE"|"OCCIDENTE"|"OCCIDENTE"|"JALISCO"|"ZAPOPAN"|"ZAPOPAN"|"ZAPOPAN"||"N"|"IZZI"||"ZAPOPAN"|"NO IDENTIFICADA"
1111|"6727EB86705F1BC90A502E248965790E7979E90F"|16|"CDS"|"586"|"CABLEMAS"|"METRO"|"METROSUR"|"METROPOLITANA"|"MXNORTE"|"HIDALGO"|"PMM TULA"|"SAHAGUN"|"SAHAGUN"||"Y"|"WIZZ"|"CD SAHAGUN"|"TULA"|"NO IDENTIFICADA"
1115|"BD46DC59E46C704F223204D786A1CC8561B1D33D"|16|"VSA"|"560"|"CABLEMAS"|"NORTE"|"NORTE"|"NORESTE"|"CENTRO"|"GUANAJUATO"|"PMC MOROLEON"|"VALLE DE SANTIAGO"|"VALLE DE SANTIAGO"||"Y"|"WIZZ"|"VALLE DE SANTIAGO"|"MOROLEON"|"NO IDENTIFICADA"
1118|"970A3AF53EC45927B5E456BDD4E2BEA75C3FAFFC"|16|"HMA"|"566"|"CABLEMAS"|"SUR"|"METROSUR"|"SURESTE"|"GOLFO"|"TLAXCALA"|"PMG APIZACO"|"HUAMANTLA"|"HUAMANTLA"||"Y"|"WIZZ"|"HUAMANTLA"|"APIZACO"|"NO IDENTIFICADA"
1123|"744F42EA4CC6FB327543379EC75385C0591BFA34"|16|"TEZ"|"567"|"CABLEMAS"|"SUR"|"METROSUR"|"SURESTE"|"GOLFO"|"PUEBLA"|"PMG TEZIUTLAN"|"TEZIUTLAN"|"TEZIUTLAN"||"Y"|"IZZI"|"TEZIUTLAN"|"APIZACO"|"NO IDENTIFICADA"
1127|"61AE20E9C073A3D98E829202338C5AF3171DF71C"|16|"SAT"|"602"|"CABLECOM"|"SUR"|"METROSUR"|"SURESTE"|"SURESTE"|"VERACRUZ"|"PMS LOS TUXTLAS"|"SAN ANDRES"|"SAN ANDRES TUXTLA"||"Y"|"WIZZ"|"SAN ANDRES TUXTLA"|"VERACRUZ"|"NO IDENTIFICADA"
1131|"C37222A24F8CFBE91D9C6890EC0BD3A1FC213AE8"|16|"SAP"|"600"|"CABLECOM"|"NORTE"|"NORTE"|"NORESTE"|"CENTRO"|"GUANAJUATO"|"PMC SAN FCO DEL RINCÓN"|"SANTA ANA"|"SANTA ANA PACUECO"||"Y"|"WIZZ"|"SANTA ANA PACUECO"|"MOROLEON"|"NO IDENTIFICADA"
62|"0926F0DD26FF494D19AEDA57354D14C0BBD275FA"|7|"TC9"|"0"|"TELECABLE"|"NORTE"|"NORTE"|"NORESTE"|"CENTRO"|"GUANAJUATO"|"PMC SAN FCO DEL RINCÓN"|"SAN FRANCISCO DEL RINCON"|"SAN FRANCISCO DEL RINCON"||"Y"|||"MOROLEON"|"NO IDENTIFICADA"
2271||3|"1"|"759"|"SKY"|"SUR"|"INTERIOR"|"OCCIDENTE"|"OCCIDENTE"|"Guerrero"|"HUB COYUCA"|"NO IDENTIFICADA"|"COYUCA"|"N"||"ND"|"OFFNET"|"SIN PLAZA WR"|"OFF RED"
615|"08A906B15CBE01D35CB74AEBECE713E76E945855"|3|"VHG"|"092"|"CABLEMAS"|"SUR"|"INTERIOR"|"OCCIDENTE"|"CENTRO"|"JALISCO"|"PMC TEOCALTICHE"|"VILLA HIDALGO"|"VILLA HIDALGO"|"N"|"Y"|"WIZZ"|"VILLA HIDALGO"|"TEOCALTICHE"|"OFF NET"
2270||3|"1"|"759"|"SKY"|"NORTE"|"INTERIOR"|"NORESTE"|"CENTRO"|"Guanajuato"|"HUB PENJAMO"|"NO IDENTIFICADA"|"ROMITA"|"N"||"ND"|"OFFNET"|"SIN PLAZA WR"|"OFF RED"
2274||3|"1"|"759"|"SKY"|"NORTE"|"INTERIOR"|"NORESTE"|"GOLFO"|"San Luis Potosí"|"HUB MATEHUALA"|"NO IDENTIFICADA"|"CHARCAS"|"N"||"ND"|"OFFNET"|"SIN PLAZA WR"|"OFF NET"
2278||3|"1"|"759"|"SKY"|"NORTE"|"INTERIOR"|"PACIFICO"|"CENTRO"|"Zacatecas"|"HUB FRESNILLO"|"NO IDENTIFICADA"|"VILLA DE COS"|"N"||"ND"|"OFFNET"|"SIN PLAZA WR"|"OFF NET"
2282||3|"1"|"759"|"SKY"|"NORTE"|"NORTE"|"NORESTE"|"NORESTE"|"Coahuila de Zaragoza"|"HUB PIEDRAS NEGRAS"|"NO IDENTIFICADA"|"NAVA"|"N"||"ND"|"OFFNET"|"SIN PLAZA WR"|"OFF NET"
2286||3|"1"|"759"|"SKY"|"NORTE"|"INTERIOR"|"NORESTE"|"GOLFO"|"San Luis Potosí"|"HUB RIOVERDE"|"NO IDENTIFICADA"|"CARDENAS SLP"|"N"||"ND"|"OFFNET"|"SIN PLAZA WR"|"OFF NET"
2290||3|"1"|"759"|"SKY"|"SUR"|"INTERIOR"|"SURESTE"|"SURESTE"|"Chiapas"|"HUB REFORMA"|"NO IDENTIFICADA"|"PICHUCALCO"|"N"||"ND"|"OFFNET"|"SIN PLAZA WR"|"OFF NET"
2294||3|"1"|"759"|"SKY"|"SUR"|"INTERIOR"|"SURESTE"|"SURESTE"|"Chiapas"|"HUB SAN CRISTOBAL"|"NO IDENTIFICADA"|"PALENQUE"|"N"||"ND"|"OFFNET"|"SIN PLAZA WR"|"OFF NET"
2298||3|"1"|"759"|"SKY"|"NORTE"|"NORTE"|"NORESTE"|"NORESTE"|"Nuevo León"|"HUB LINARES"|"NO IDENTIFICADA"|"MIER Y NORIEGA"|"N"||"ND"|"OFFNET"|"SIN PLAZA WR"|"OFF NET"
498|"313516B292C3446A55A0793FC7EB50BF34819332"|5|"IX"|"582"|"CABLEMAS"|"METRO"|"METROSUR"|"METROPOLITANA"|"MXSUR"|"MEXICO"|"IXTAPALUCA"|"IXTAPALUCA"|"IXTAPALUCA LOS REYES"||"N"|"IZZI"||"IXTAPALUCA"|"NO IDENTIFICADA"
506|"8EC0284ACD5C410D26ACEE6D102AF5CD03A2A3A1"|5|"MEO"|"587"|"CABLEMAS"|"METRO"|"METROSUR"|"METROPOLITANA"|"MXNORTE"|"MEXICO"|"MELCHOR OCAMPO"|"MELCHOR"|"MELCHOR OCAMPO"||"N"|"IZZI"||"MELCHOR OCAMPO"|"NO IDENTIFICADA"
514|"874CE04A33A1108CC5BA1F8D69B400E1ACEFFC12"|5|"ORI"|"544"|"CABLEMAS"|"SUR"|"METROSUR"|"SURESTE"|"SURESTE"|"VERACRUZ"|"ORIZABA"|"ORIZABA"|"ORIZABA"||"Y"|"IZZI"||"ORIZABA"|"NO IDENTIFICADA"
522|"8EC0284ACD5C410D26ACEE6D102AF5CD03A2A3A1"|5|"MEC"|"587"|"CABLEMAS"|"METRO"|"METROSUR"|"METROPOLITANA"|"MXNORTE"|"MEXICO"|"MELCHOR OCAMPO"|"MELCHOR"|"MELCHOR OCAMPO"||"Y"|"IZZI"||"MELCHOR OCAMPO"|"NO IDENTIFICADA"
530|"6DB173264718819BBA828EA30E9548C785E0A011"|5|"MEO"|"590"|"CABLEMAS"|"METRO"|"METROSUR"|"METROPOLITANA"|"MXNORTE"|"MEXICO"|"MELCHOR OCAMPO"|"MELCHOR"|"TEPOTZOTLAN"||"Y"|"IZZI"||"MELCHOR OCAMPO"|"NO IDENTIFICADA"
538|"536E55E5C5351B39CD95D6E18333AB112A640AB3"|5|"SJR"|"430"|"TELECABLE"|"NORTE"|"NORTE"|"NORESTE"|"CENTRO"|"QUERETARO"|"SAN JUAN DEL RIO"|"SAN JUAN DEL RIO"|"SAN JUAN DEL RIO"||"Y"|"IZZI"||"SAN JUAN DEL RIO"|"NO IDENTIFICADA"
546|"87E4A566D1E3504B627E64D1E188C8ABF1E96230"|5|"PAS"|"304"|"TVI"|"NORTE"|"METROSUR"|"NORESTE"|"GOLFO"|"TAMAULIPAS"|"REYNOSA TVI"|"REYNOSA"|"PALMA SOLA"||"Y"|"IZZI"||"REYNOSA"|"NO IDENTIFICADA"
554|"91053B28453A6EAB28D2320DB1732531FC3AB876"|5|"ORI"|"546"|"CABLEMAS"|"SUR"|"METROSUR"|"SURESTE"|"SURESTE"|"VERACRUZ"|"ORIZABA"|"RIO BLANCO"|"RIO BLANCO"||"Y"|"IZZI"||"ORIZABA"|"NO IDENTIFICADA"
562|"132567EB25ABAD5590352F47307389DA483C8C12"|5|"CM"|"087"|"CABLEMAS"|"METRO"|"METROSUR"|"METROPOLITANA"|"MXCENTRO"|"MEXICO"|"CHIMALHUACAN"|"SAN VICENTE CHICOLOAPAN"|"SAN VICENTE CHICOLOAPAN"||"Y"|"IZZI"||"CHIMALHUACAN"|"NO IDENTIFICADA"
570|"3CD5D9A4D85C99AB1C08D0175EB87701A2E2C7D8"|5|"ECT"|"574"|"CABLEMAS"|"METRO"|"METROSUR"|"METROPOLITANA"|"MXNORTE"|"MEXICO"|"ECATEPEC"|"LOS REYES"|"LOS REYES ACOZAC"||"Y"|"IZZI"||"ECATEPEC"|"NO IDENTIFICADA"
600|"AACDE32381528ABD8C43D21D3C359BDB29C3096B"|5|"CDC"|"550"|"CABLECOM"|"SUR"|"METROSUR"|"SURESTE"|"SURESTE"|"CAMPECHE"|"CIUDAD DEL CARMEN"|"CD. DEL CARMEN"|"CIUDAD DEL CARMEN"||"Y"|"IZZI"||"CIUDAD DEL CARMEN"|"NO IDENTIFICADA"
1040|"C4ECD40245C7132DD1E8EE1E780E5DF03582ED9B"|16|"TEO"|"093"|"CABLEMAS"|"SUR"|"NORTE"|"OCCIDENTE"|"CENTRO"|"JALISCO"|"PMC TEOCALTICHE"|"TEOCALTICHE"|"TEOCALTICHE"|"N"|"Y"|"WIZZ"|"TEOCALTICHE"|"TEOCALTICHE"|"NO IDENTIFICADA"
728|"2AAB355E77E28894C86F22ED042F0C4995FF5708"|5|"HUA"|"610"|"CABLECOM"|"SUR"|"METROSUR"|"SURESTE"|"SURESTE"|"VERACRUZ"|"PMS VERACRUZ"|"HUATUSCO"|"HUATUSCO"||"Y"|"WIZZ"||"VERACRUZ"|"NO IDENTIFICADA"
733|"9DB1865F8C1C2BFBB2072FAB1FAAFE80A177CDCA"|5|"SFR"|"422"|"TELECABLE"|"NORTE"|"NORTE"|"NORESTE"|"CENTRO"|"GUANAJUATO"|"PMC SAN FCO DEL RINCÓN"|"SAN FRANCISCO DEL RINCON"|"SAN FRANCISCO DEL RINCON"||"Y"|"WIZZ"||"MOROLEON"|"NO IDENTIFICADA"
229|"9A195BB8ADAF4F753420B299D5578BC7B034EB46"|8|"CC52"|"0"|"CABLECOM"|"SUR"|"METROSUR"|"SURESTE"|"SURESTE"|"VERACRUZ"|"PMS LOS TUXTLAS"|"CATEMACO"|"CATEMACO"||"Y"|||"VERACRUZ"|"NO IDENTIFICADA"
945|"F0F2654F42FE1698BCBEE87ED1A341C054ABF972"|16|"HUI"|"300"|"TVI"|"NORTE"|"NORTE"|"NORESTE"|"NORESTE"|"NUEVO LEON"|"MONTERREY"|"HUINALA"|"HUINALA"|"Y"|"Y"|"IZZI"|"MONTERREY"|"MTY - JUAREZ"|"NO IDENTIFICADA"
2186||5|"CTR"|"41"|"CABLEMAS"|"METRO"||"METROPOLITANA"||"MORELOS"|"CUAUTLA"|"CUAUTLA"|"CUAUTLA"|||||"SIN PLAZA WR"|"NO IDENTIFICADA"
978|"7D23CBD6338E3AF33900144582877DCEFC637B40"|16|"MTM"|"302"|"TVI"|"NORTE"|"METROSUR"|"NORESTE"|"GOLFO"|"TAMAULIPAS"|"MATAMOROS"|"MATAMOROS"|"MATAMOROS"|"Y"|"Y"|"IZZI"|"MATAMOROS"|"MATAMOROS"|"NO IDENTIFICADA"
610|"5DD60F7F8B1B6486B751F45B6C6BCA555A1B48BE"|5|"END"|"095"|"CABLEMAS"|"SUR"|"NORTE"|"OCCIDENTE"|"CENTRO"|"JALISCO"|"PMC TEOCALTICHE"|"ENCARNACION DE DIAZ"|"ENCARNACION DE DIAZ"||"Y"|"WIZZ"||"TEOCALTICHE"|"NO IDENTIFICADA"
187|"4B648ADD773D54BD3C1D6513A2FB55ED116D2118"|1|"39"|"039"|"CABLEMAS"|"SUR"|"METROSUR"|"SURESTE"|"SURESTE"|"QUINTANA ROO"|"PMS RIVIERA MAYA"|"TULUM"|"TULUM"||"Y"|"IZZI"||"RIVIERA MAYA"|"NO IDENTIFICADA"
191|"C46872CDA123E1762A99D718F7C8489498FED0B9"|2|"40"|"040"|"CABLEMAS"|"METRO"|"METROSUR"|"METROPOLITANA"|"MXSUR"|"MORELOS"|"CUERNAVACA"|"CUERNAVACA"|"CUERNAVACA"||"Y"|||"CUERNAVACA"|"NO IDENTIFICADA"
195|"7B7A7380A70E5275884E06891A8053859FDA37B1"|2|"41"|"041"|"CABLEMAS"|"METRO"|"METROSUR"|"METROPOLITANA"|"MXSUR"|"MORELOS"|"CUAUTLA"|"CUAUTLA"|"CUAUTLA"||"Y"|||"CUERNAVACA"|"NO IDENTIFICADA"
1046|"1451C8CA61FCE6BBB72D7DEA42702BCED986D723"|16|"MTE"|"021"|"CABLEMAS"|"NORTE"|"METROSUR"|"NORESTE"|"GOLFO"|"TAMAULIPAS"|"PMG VALLES"|"MANTE"|"MANTE"|"N"|"Y"|"WIZZ"|"MANTE"|"VALLES"|"NO IDENTIFICADA"
1050|"39EF3C3AA3B4B04D7D99951AD6836A33BF3C5FD0"|16|"VL"|"022"|"CABLEMAS"|"NORTE"|"METROSUR"|"NORESTE"|"GOLFO"|"SAN LUIS POTOSI"|"PMG VALLES"|"VALLES"|"VALLES"|"N"|"Y"|"WIZZ"|"VALLES"|"VALLES"|"NO IDENTIFICADA"
1054|"61AB241D92C8BBD282E17E1BD66858725561E189"|16|"SAB"|"306"|"TVI"|"NORTE"|"NORTE"|"NORESTE"|"NORESTE"|"NUEVO LEON"|"PMN SABINAS"|"SABINAS"|"SABINAS"|"N"|"Y"|"WIZZ"|"SABINAS"|"SABINAS"|"NO IDENTIFICADA"
1058|"8485B944AFFE0003342E53DEB8D01D66FDBF570D"|16|"VHE"|"310"|"TVI"|"NORTE"|"METROSUR"|"NORESTE"|"GOLFO"|"TAMAULIPAS"|"MATAMOROS"|"VALLE HERMOSO"|"VALLE HERMOSO"|"Y"|"Y"|"WIZZ"|"VALLE HERMOSO"|"MATAMOROS"|"NO IDENTIFICADA"
1001|"6B499D116B175397AE777CE60D3F4B96A47989B2"|16|"MEO"|"591"|"CABLEMAS"|"METRO"|"METROSUR"|"METROPOLITANA"|"MXNORTE"|"MEXICO"|"MELCHOR OCAMPO"|"MELCHOR"|"TULTEPEC"|"Y"|"Y"|"IZZI"|"TULTEPEC"|"MELCHOR OCAMPO"|"NO IDENTIFICADA"
1005|"05612AF1216ACCB3440495279209D77350B349A8"|16|"TAM"|"431"|"TELECABLE"|"NORTE"|"METROSUR"|"NORESTE"|"GOLFO"|"TAMAULIPAS"|"TAMPICO"|"TAMPICO"|"TAMPICO"|"Y"|"Y"|"IZZI"|"TAMPICO"|"TAMPICO"|"NO IDENTIFICADA"
1009|"E7E96BC2D717A558D7B20317BED6E8FED0EE7439"|16|"ORI"|"545"|"CABLEMAS"|"SUR"|"METROSUR"|"SURESTE"|"SURESTE"|"VERACRUZ"|"ORIZABA"|"CIUDAD MENDOZA"|"CIUDAD MENDOZA"|"Y"|"Y"|"IZZI"|"CD MENDOZA"|"ORIZABA"|"NO IDENTIFICADA"
1013|"0F580431D5A1F18A7AF015181ABBD41C1C2373B9"|16|"CM"|"584"|"CABLEMAS"|"METRO"|"METROSUR"|"METROPOLITANA"|"MXCENTRO"|"MEXICO"|"CHIMALHUACAN"|"TEXCOCO"|"TEXCOCO"|"Y"|"Y"|"IZZI"|"TEXCOCO"|"CHIMALHUACAN"|"NO IDENTIFICADA"
2183||3|"CCR"|"71"|"CABLEMAS"|"SUR"|"INTERIOR"|"SURESTE"|"SURESTE"|"VERACRUZ"|"COATZACOALCOS"|"COATZACOALCOS"|"COATZACOALCOS"||||"Sin RPT"|"SIN PLAZA WR"|"ON NET"
1589||16|",FMST000"|"0"||||||||||"Y"||"IZZI"|"METROPOLITANA"|"SIN PLAZA WR"|"NO IDENTIFICADA"
2608||3|"1"|"759"|"SKY"|"SUR"|"INTERIOR"|"OCCIDENTE"|"OCCIDENTE"|"Jalisco"|"HUB GUADALAJARA"|"NO IDENTIFICADA"|"TALA"|"N"||"ND"|"OFFNET"|"SIN PLAZA WR"|"OFF NET"
2207||3|"1"|"759"|"SKY"|"SUR"|"INTERIOR"|"SURESTE"|"GOLFO"|"Veracruz de Ignacio de la Llave"|"HUB PANUCO"|"NO IDENTIFICADA"|"PANUCO"|"N"||"ND"|"OFFNET"|"SIN PLAZA WR"|"OFF NET"
2211||3|"1"|"759"|"SKY"|"NORTE"|"INTERIOR"|"NORESTE"|"GOLFO"|"Tamaulipas"|"HUB VICTORIA"|"NO IDENTIFICADA"|"VICTORIA"|"N"||"ND"|"OFFNET"|"SIN PLAZA WR"|"ON NET"
2215||3|"1"|"759"|"SKY"|"NORTE"|"NORTE"|"NORESTE"|"NORESTE"|"Nuevo León"|"HUB SABINAS"|"NO IDENTIFICADA"|"ANAHUAC"|"N"||"ND"|"OFFNET"|"SIN PLAZA WR"|"OFF NET"
646|"7CD862BB0500492B764D7F3427C0B273EB8B9149"|5|"RBR"|"308"|"TVI"|"NORTE"|"METROSUR"|"NORESTE"|"GOLFO"|"TAMAULIPAS"|"MATAMOROS"|"RIO BRAVO"|"RIO BRAVO"||"Y"|"WIZZ"||"MATAMOROS"|"NO IDENTIFICADA"
314|"0533739FA6ADD263CD346C7FB7F45811791884A4"|5|"CU"|"000"|"CABLEVISIÓN"|"METRO"|"METROSUR"|"METROPOLITANA"|"MXNORTE"|"MEXICO"|"CUAUTITLAN"|"METROPOLITANA"|"CUAUTITLAN"||"Y"|"IZZI"||"CUAUTITLAN"|"NO IDENTIFICADA"
322|"1DCC884310D8C11F4716ADB962AACA50F4208842"|5|"SA"|"000"|"CABLEVISIÓN"|"METRO"|"METROSUR"|"METROPOLITANA"|"MXSUR"|"CIUDAD DE MEXICO"|"SARATOGA"|"METROPOLITANA"|"SARATOGA"||"Y"|"IZZI"||"SARATOGA"|"NO IDENTIFICADA"
330|"9A1E43C6EEDA2F99B269601957E968348A97C26D"|5|"VO"|"000"|"CABLEVISIÓN"|"METRO"|"METROSUR"|"METROPOLITANA"|"MXNORTE"|"CIUDAD DE MEXICO"|"VALLEJO"|"METROPOLITANA"|"VALLEJO"||"Y"|"IZZI"||"VALLEJO"|"NO IDENTIFICADA"
338|"1D9762D86FB2ED5212F1F8B5A7FB14FEC9EDDADA"|5|"TJ"|"011"|"CABLEMAS"|"NORTE"|"NORTE"|"PACIFICO"|"PACIFICO"|"BAJA CALIFORNIA"|"TIJUANA"|"TIJUANA"|"TIJUANA"||"Y"|"IZZI"||"TIJUANA"|"NO IDENTIFICADA"
346|"0F21F5319842384244A2B98FDA10161DB819E9C5"|5|"CH"|"051"|"CABLEMAS"|"NORTE"|"NORTE"|"PACIFICO"|"PACIFICO"|"CHIHUAHUA"|"CHIHUAHUA"|"CHIHUAHUA"|"CHIHUAHUA"||"Y"|"IZZI"||"CHIHUAHUA"|"NO IDENTIFICADA"
54|"F6399784221843FFAD2627C36D324503E3FDB736"|4|"59JK"|"0"|"CABLECOM"|"NORTE"|"METROSUR"|"NORESTE"|"GOLFO"|"TAMAULIPAS"|"VICTORIA"|"CD. VICTORIA"|"CD. VICTORIA"||"Y"|||"CD. VICTORIA"|"NO IDENTIFICADA"
58|"796922252FF787551FFECFA7CAEC178DFE7AFC70"|7|"TC8"|"0"|"TELECABLE"|"NORTE"|"NORTE"|"NORESTE"|"CENTRO"|"GUANAJUATO"|"PMC MOROLEON"|"MOROLEON"|"MOROLEON"||"Y"|||"MOROLEON"|"NO IDENTIFICADA"
1071|"85F2F1C3AF30D3E4E5C974B00088D60E6B2B172D"|16|"CHP"|"403"|"TELECABLE"|"SUR"|"NORTE"|"OCCIDENTE"|"OCCIDENTE"|"JALISCO"|"PMO LA BARCA"|"CHAPALA"|"CHAPALA"||"Y"|"WIZZ"|"CHAPALA"|"TEOCALTICHE"|"NO IDENTIFICADA"
1160|"FAE2C8F28EA117706BC63F2AC22294D1D278B982"|9|"0"|"0"|"INTERNET MOVIL"|"ND"||"ND"||"ND"|"ND"|"ND"|"ND"||"N"|||"ND"|"NO IDENTIFICADA"
1073|"C2760BFE8F64721BAA54C41AA58599C692FE3A40"|16|"AHU"|"449"|"TELECABLE"|"SUR"|"NORTE"|"OCCIDENTE"|"OCCIDENTE"|"JALISCO"|"PMO TEQUILA"|"AHUALULCO"|"AHUALULCO"||"Y"|"WIZZ"|"AHUALULCO"|"TEPATITLAN"|"NO IDENTIFICADA"
6|"E3B8439EA0A1F533927115104A360D2D5823AE94"|5|"-2"|"0"|"TVI"|"NO IDENTIFICADA"||"NO IDENTIFICADA"||"ND"|"NO IDENTIFICADA"|"NO IDENTIFICADA"|"NO IDENTIFICADA"||"N"|"ND"||"ND"|"NO IDENTIFICADA"
12|"39A14F947DB923FDE914DF1E231E438D5B71B653"|4|"0"|"0"|"TVI"|"NORTE"||"ND"||"ND"|"ND"|"ND"|"ND"||"N"|||"ND"|"NO IDENTIFICADA"
16|"D96AEC1402BAC31916976B0416789B9EE4557638"|8|"0"|"0"|"CABLECOM"|"METRO"||"ND"||"ND"|"ND"|"ND"|"ND"||"N"|||"ND"|"NO IDENTIFICADA"
21|"E3B8439EA0A1F533927115104A360D2D5823AE94"|5|"1"|"0"|"NO IDENTIFICADA"|"NO IDENTIFICADA"||"NO IDENTIFICADA"||"ND"|"NO IDENTIFICADA"|"NO IDENTIFICADA"|"NO IDENTIFICADA"||"Y"|"ND"||"ND"|"NO IDENTIFICADA"
25|"161DCC940409EA34244227F37EFF1C89CCB0BBA5"|11|"AXT2"|"0"|"AXTEL"|"AX"||"METRO AX"||"ND"|"CIUDAD DE MEXICO AX"|"0"|"CIUDAD DE MEXICO AX"||"Y"|||"ND"|"NO IDENTIFICADA"
235|"9F5EF538332B3FE659A09460BF0BF8D10E531837"|8|"CC54"|"0"|"CABLEMAS"|"SUR"|"METROSUR"|"SURESTE"|"SURESTE"|"VERACRUZ"|"ORIZABA"|"CIUDAD MENDOZA"|"CIUDAD MENDOZA"||"Y"|||"ORIZABA"|"NO IDENTIFICADA"
239|"0EC45CCA35867D0145AE743096610DC26DF70779"|2|"55"|"055"|"CABLEMAS"|"NORTE"|"NORTE"|"PACIFICO"|"PACIFICO"|"CHIHUAHUA"|"CHIHUAHUA"|"PARRAL"|"PARRAL"||"Y"|||"CHIHUAHUA"|"NO IDENTIFICADA"
243|"B4CBB620520F7904CF006D09029A4E759B199601"|6|"CC57"|"0"|"CABLECOM"|"SUR"|"METROSUR"|"SURESTE"|"SURESTE"|"VERACRUZ"|"PMS VERACRUZ"|"COSCOMATEPEC"|"COSCOMATEPEC"||"Y"|||"VERACRUZ"|"NO IDENTIFICADA"
247|"B5F560AAD83238AEF6A9211948C38886BAFEE29C"|6|"CC59"|"0"|"CABLECOM"|"SUR"|"METROSUR"|"SURESTE"|"SURESTE"|"VERACRUZ"|"CORDOBA"|"FORTIN"|"FORTIN"||"Y"|||"CORDOBA"|"NO IDENTIFICADA"
2330||3|"1"|"759"|"SKY"|"SUR"|"INTERIOR"|"OCCIDENTE"|"OCCIDENTE"|"Guerrero"|"HUB IGUALA"|"NO IDENTIFICADA"|"TETIPAC"|"N"||"ND"|"OFFNET"|"SIN PLAZA WR"|"OFF RED"
352|"21F039795B5F1320A084C5A1DE95CB8F04496040"|5|"ES"|"064"|"CABLEMAS"|"SUR"|"METROSUR"|"SURESTE"|"SURESTE"|"YUCATAN"|"VALLADOLID"|"ESPITA"|"ESPITA"||"Y"|"IZZI"||"MERIDA"|"NO IDENTIFICADA"
360|"B36B8BD94037A495D7CF08B7ED2950C0EFAB2475"|5|"VD"|"034"|"CABLEMAS"|"SUR"|"METROSUR"|"SURESTE"|"SURESTE"|"YUCATAN"|"VALLADOLID"|"VALLADOLID"|"VALLADOLID"||"Y"|"IZZI"||"MERIDA"|"NO IDENTIFICADA"
368|"8E38D8B3EF8D032760D044D3B4FAA03FD0ED0676"|5|"TM"|"068"|"CABLEMAS"|"SUR"|"METROSUR"|"SURESTE"|"SURESTE"|"YUCATAN"|"VALLADOLID"|"TEMOZON"|"TEMOZON"||"Y"|"IZZI"||"MERIDA"|"NO IDENTIFICADA"
376|"E2E37C44C21CBF08DAC675E916E53F9A04D63BF5"|5|"CR"|"054"|"CABLEMAS"|"NORTE"|"NORTE"|"PACIFICO"|"PACIFICO"|"CHIHUAHUA"|"CHIHUAHUA"|"CAMARGO"|"CAMARGO"||"Y"|"IZZI"||"CHIHUAHUA"|"NO IDENTIFICADA"
384|"22EA304CA4031A678D593CBA4755E2436A43B0E6"|5|"CI"|"025"|"CABLEMAS"|"SUR"|"METROSUR"|"SURESTE"|"GOLFO"|"VERACRUZ"|"POZA RICA"|"COATZINTLA"|"COATZINTLA"||"Y"|"IZZI"||"POZA RICA"|"NO IDENTIFICADA"
392|"4D0BE09DE0DF913A5738B60456A711FAB47D61AA"|5|"CT"|"041"|"CABLEMAS"|"METRO"|"METROSUR"|"METROPOLITANA"|"MXSUR"|"MORELOS"|"CUAUTLA"|"CUAUTLA"|"CUAUTLA"||"Y"|"IZZI"||"CUERNAVACA"|"NO IDENTIFICADA"
277|"EBDA73A0E6190520453360E31717754C973F4235"|8|"CC72"|"0"|"CABLECOM"|"SUR"|"METROSUR"|"SURESTE"|"SURESTE"|"VERACRUZ"|"PMS LOS TUXTLAS"|"SAN ANDRES"|"SAN ANDRES TUXTLA"||"Y"|||"VERACRUZ"|"NO IDENTIFICADA"
282|"EF88CE3AC2C65B6F01A2BCA5272B680923EC82ED"|6|"CC74"|"0"|"CABLECOM"|"SUR"|"METROSUR"|"SURESTE"|"SURESTE"|"TABASCO"|"VILLAHERMOSA"|"VILLA HERMOSA"|"VILLAHERMOSA"||"Y"|||"VILLA HERMOSA"|"NO IDENTIFICADA"
1095|"7198518A80C35F947844EEB31CFFA65B99D3CCB8"|16|"ELS"|"442"|"TELECABLE"|"SUR"|"NORTE"|"OCCIDENTE"|"OCCIDENTE"|"JALISCO"|"GUADALAJARA"|"EL SALTO"|"EL SALTO"||"Y"|"IZZI"|"EL SALTO"|"TEPATITLAN"|"NO IDENTIFICADA"
966|"59B8F0651C5693721D5188B06BE67BF4195D9E1D"|16|"ZS"|"400"|"TELECABLE"|"SUR"|"NORTE"|"OCCIDENTE"|"OCCIDENTE"|"JALISCO"|"ZAPOPAN"|"ZAPOPAN"|"ZAPOPAN"|"Y"|"N"|"IZZI"|"ZAPOPAN"|"ZAPOPAN"|"NO IDENTIFICADA"
402|"22C852F0F0193D16B0E7A5E0F3D31AA2485591EA"|5|"IM"|"036"|"CABLEMAS"|"SUR"|"METROSUR"|"SURESTE"|"SURESTE"|"QUINTANA ROO"|"PMS RIVIERA MAYA"|"ISLA MUJERES"|"ISLA MUJERES"||"Y"|"WIZZ"||"RIVIERA MAYA"|"NO IDENTIFICADA"
410|"22BC249A91076DEFB1E62F7E47A83D96D6CFEDD3"|5|"CMY"|"300"|"TVI"|"NORTE"|"NORTE"|"NORESTE"|"NORESTE"|"NUEVO LEON"|"MONTERREY"|"CENTRO"|"CENTRO M"||"Y"|"IZZI"||"MTY - REVOLUCION"|"NO IDENTIFICADA"
418|"EFA183A6722A70CA25216FAE07469D7A752CA11A"|5|"CUM"|"300"|"TVI"|"NORTE"|"NORTE"|"NORESTE"|"NORESTE"|"NUEVO LEON"|"MONTERREY"|"CUMBRES"|"CUMBRES"||"Y"|"IZZI"||"MTY - SANTA CATARINA"|"NO IDENTIFICADA"
426|"737BDE32B33B637D740A210BE964503A635815F7"|5|"JUA"|"300"|"TVI"|"NORTE"|"NORTE"|"NORESTE"|"NORESTE"|"NUEVO LEON"|"MONTERREY"|"JUAREZ"|"JUAREZ"||"Y"|"IZZI"||"MTY - JUAREZ"|"NO IDENTIFICADA"
434|"8D0F4C0806F7E9667E9DAE1DD8B6956DD11FA7A6"|5|"SNI"|"300"|"TVI"|"NORTE"|"NORTE"|"NORESTE"|"NORESTE"|"NUEVO LEON"|"MONTERREY"|"SAN NICOLAS"|"SAN NICOLAS"||"Y"|"IZZI"||"MTY - SENDERO"|"NO IDENTIFICADA"
508|"964F5657060D941740D17FF5D6B263DFEB91B69E"|5|"AGS"|"428"|"TELECABLE"|"SUR"|"NORTE"|"OCCIDENTE"|"CENTRO"|"AGUASCALIENTES"|"AGUASCALIENTES"|"AGUASCALIENTES"|"AGUASCALIENTES"||"Y"|"IZZI"||"AGUASCALIENTES"|"NO IDENTIFICADA"
71|"551B192676BACEDDB7FBEEE2C42F5D0A536FEBD5"|4|"59HX"|"0"|"TVI"|"NORTE"|"NORTE"|"NORESTE"|"NORESTE"|"NUEVO LEON"|"CABLEVISION"|"CABLEVISION"|"CABLEVISION"||"Y"|||"ND"|"NO IDENTIFICADA"
75|"07538753D7080439EAAB57DC8DD7EA605AF0B59D"|2|"12"|"012"|"CABLEMAS"|"NORTE"|"NORTE"|"PACIFICO"|"PACIFICO"|"BAJA CALIFORNIA"|"ENSENADA"|"ENSENADA"|"ENSENADA"||"Y"|||"ENSENADA"|"NO IDENTIFICADA"
38|"7465A656469565481703F8E840ABDFD3D9C9F848"|7|"TC4"|"0"|"TELECABLE"|"SUR"|"NORTE"|"OCCIDENTE"|"OCCIDENTE"|"JALISCO"|"PMO LA BARCA"|"CHAPALA"|"CHAPALA"||"Y"|||"TEOCALTICHE"|"NO IDENTIFICADA"
83|"73739C968BC94CFDAF937DE053349FD0D9B0374E"|8|"CC14"|"0"|"CABLEMAS"|"METRO"|"METROSUR"|"METROPOLITANA"|"MXNORTE"|"MEXICO"|"ECATEPEC"|"SAN JUAN"|"SAN JUAN TEOTIHUACAN"||"Y"|||"ECATEPEC"|"NO IDENTIFICADA"
87|"BE9040A70739F8D83872D7F76997B58308BFF37D"|6|"CC15"|"0"|"CABLEMAS"|"METRO"|"METROSUR"|"METROPOLITANA"|"MXNORTE"|"ND"|"ECATEPEC"|"TELEMEDIA"|"TELEMEDIA"||"Y"|||"ND"|"NO IDENTIFICADA"
91|"39A14F947DB923FDE914DF1E231E438D5B71B653"|4||"0"|"TVI"|"NORTE"||"ND"||"ND"|"ND"|"ND"|"ND"||"N"|||"ND"|"NO IDENTIFICADA"
43|"44B8CBBFEB4C88BB2C92045E606636CE60B45FD4"|7|"TC5"|"0"|"TELECABLE"|"SUR"|"NORTE"|"OCCIDENTE"|"OCCIDENTE"|"JALISCO"|"PMO LA BARCA"|"PONCITLAN"|"PONCITLAN"||"Y"|||"TEOCALTICHE"|"NO IDENTIFICADA"
300|"F587EA4E890BAACB0BF6AB136D258E73BAA2F0B1"|1|"92"|"092"|"CABLEMAS"|"SUR"|"NORTE"|"OCCIDENTE"|"CENTRO"|"JALISCO"|"PMC TEOCALTICHE"|"VILLA HIDALGO"|"VILLA HIDALGO"||"Y"|||"TEOCALTICHE"|"NO IDENTIFICADA"
103|"12DF7FCDCD42E447104B0A989A2140427A07C541"|1|"18"|"018"|"CABLEMAS"|"SUR"|"METROSUR"|"SURESTE"|"SURESTE"|"VERACRUZ"|"MINATITLAN"|"MINATITLAN"|"MINATITLAN"||"Y"|||"COATZACOALCOS"|"NO IDENTIFICADA"
108|"4BE878428BBA81396A6CBBAFD7FBEC43FB71C48B"|6|"CC20"|"0"|"CABLEMAS"|"METRO"|"METROSUR"|"METROPOLITANA"|"MXNORTE"|"MEXICO"|"MELCHOR OCAMPO"|"TULTEPEC"|"TULTEPEC"||"Y"|||"MELCHOR OCAMPO"|"NO IDENTIFICADA"
112|"5A6FDC21C28172BF517CCA0B40487F714BF5FC86"|6|"CC21"|"0"|"CABLEMAS"|"METRO"|"METROSUR"|"METROPOLITANA"|"MXNORTE"|"MEXICO"|"MELCHOR OCAMPO"|"TULTITLAN"|"TULTITLAN"||"Y"|||"MELCHOR OCAMPO"|"NO IDENTIFICADA"
116|"505DBC77E6958634ED1792F2348FB301040EF4F6"|6|"CC22"|"0"|"CABLEMAS"|"METRO"|"METROSUR"|"METROPOLITANA"|"MXNORTE"|"MEXICO"|"MELCHOR OCAMPO"|"ZUMPANGO"|"ZUMPANGO"||"Y"|||"MELCHOR OCAMPO"|"NO IDENTIFICADA"
120|"B7EAA4AB268EB6DB0171EE5BCBBB4B0D61F5847E"|6|"CC23"|"0"|"CABLEMAS"|"NORTE"|"NORTE"|"NORESTE"|"CENTRO"|"GUANAJUATO"|"PMC MOROLEON"|"ACAMBARO"|"ACAMBARO"||"Y"|||"MOROLEON"|"NO IDENTIFICADA"
754|"6F350220F0F2A35F215488DEF541A2C53265E807"|5|"LBA"|"552"|"CABLECOM"|"SUR"|"NORTE"|"OCCIDENTE"|"OCCIDENTE"|"JALISCO"|"PMO LA BARCA"|"LA BARCA"|"LA BARCA"||"Y"|"WIZZ"||"TEOCALTICHE"|"NO IDENTIFICADA"
128|"9C4AFD900DF8BF7B92571C23B8F5C465D75B8A09"|6|"CC25"|"0"|"CABLECOM"|"NORTE"|"NORTE"|"NORESTE"|"NORESTE"|"COAHUILA"|"PIEDRAS NEGRAS"|"PIEDRAS NEGRAS"|"PIEDRAS NEGRAS"||"Y"|||"PIEDRAS NEGRAS"|"NO IDENTIFICADA"
166|"3A836D8585349F7F4D1DC133AEC1E6A7C6732FD2"|7|"TC34"|"0"|"TELECABLE"|"SUR"|"NORTE"|"OCCIDENTE"|"CENTRO"|"JALISCO"|"PMC TEPATITLAN"|"TEPATITLAN"|"TEPATITLAN"||"Y"|||"TEPATITLAN"|"NO IDENTIFICADA"
136|"E8BAFAF03C23F2F0B4E4B48EFE0BD6178FC5EB32"|6|"CC27"|"0"|"TVI"|"NORTE"|"METROSUR"|"NORESTE"|"GOLFO"|"TAMAULIPAS"|"REYNOSA"|"REYNOSA"|"REYNOSA"||"Y"|||"REYNOSA"|"NO IDENTIFICADA"
141|"535DBEA969E59C30E854E87E794ACDD4854B43A5"|8|"CC28"|"0"|"CABLEMAS"|"NORTE"|"NORTE"|"NORESTE"|"CENTRO"|"GUANAJUATO"|"PMC MOROLEON"|"SALVATIERRA"|"SALVATIERRA"||"Y"|||"MOROLEON"|"NO IDENTIFICADA"
145|"61435A74FC3DC312FE8136EC89FDAF00E0521FA9"|8|"CC29"|"0"|"CABLECOM"|"NORTE"|"METROSUR"|"NORESTE"|"GOLFO"|"SAN LUIS POTOSI"|"SAN LUIS POTOSI"|"SAN LUIS POTOSI"|"SAN LUIS POTOSI"||"Y"|||"SAN LUIS POTOSI"|"NO IDENTIFICADA"
614|"C5B3F84C2A2F3D3D115A6C352364631312DECD7D"|5|"TEO"|"093"|"CABLEMAS"|"SUR"|"NORTE"|"OCCIDENTE"|"CENTRO"|"JALISCO"|"PMC TEOCALTICHE"|"TEOCALTICHE"|"TEOCALTICHE"||"Y"|"WIZZ"||"TEOCALTICHE"|"NO IDENTIFICADA"
616|"EA95293ECA1B1AC89540EBA34BFC06FAE6111D68"|5|"VHG"|"092"|"CABLEMAS"|"SUR"|"NORTE"|"OCCIDENTE"|"CENTRO"|"JALISCO"|"PMC TEOCALTICHE"|"VILLA HIDALGO"|"VILLA HIDALGO"||"Y"|"WIZZ"||"TEOCALTICHE"|"NO IDENTIFICADA"
1070|"DB1114757C9AD090804857712F86BA9112627938"|16|"CDG"|"407"|"TELECABLE"|"SUR"|"NORTE"|"OCCIDENTE"|"OCCIDENTE"|"JALISCO"|"CIUDAD GUZMAN"|"CD. GUZMAN"|"CIUDAD GUZMAN"||"Y"|"WIZZ"|"CD GUZMAN"|"CIUDAD GUZMAN"|"NO IDENTIFICADA"
638|"4FD67047B33BF8167294ABF997B3B11CA96F129A"|5|"LIN"|"307"|"TVI"|"NORTE"|"NORTE"|"NORESTE"|"NORESTE"|"NUEVO LEON"|"PMN LINARES"|"LINARES"|"LINARES"||"Y"|"WIZZ"||"LINARES"|"NO IDENTIFICADA"
2200||3|"1"|"759"|"SKY"|"SUR"|"INTERIOR"|"OCCIDENTE"|"OCCIDENTE"|"Jalisco"|"HUB COLOTLAN"|"NO IDENTIFICADA"|"COLOTLAN"|"N"||"ND"|"OFFNET"|"SIN PLAZA WR"|"OFF NET"
2363||3|"1"|"759"|"SKY"|"SUR"|"INTERIOR"|"OCCIDENTE"|"OCCIDENTE"|"Jalisco"|"HUB GUADALAJARA"|"NO IDENTIFICADA"|"TLAQUEPAQUE"|"N"||"ND"|"OFFNET"|"SIN PLAZA WR"|"ON NET"
693|"00F4A6D7959BD4BB66802DDF302B13D6D77F01EB"|3|"TCU"|"416"|"TELECABLE"|"NORTE"|"INTERIOR"|"PACIFICO"|"CENTRO"|"NAYARIT"|"PMC SANTIAGO"|"TECUALA"|"TECUALA"||"Y"|"WIZZ"|"TECUALA"|"SANTIAGO"|"OFF NET"
2439||3|"1"|"759"|"SKY"|"SUR"|"INTERIOR"|"OCCIDENTE"|"OCCIDENTE"|"Jalisco"|"HUB CIUDAD GUZMAN"|"NO IDENTIFICADA"|"SAYULA"|"N"||"ND"|"OFFNET"|"SIN PLAZA WR"|"OFF NET"
2497||3|"1"|"759"|"SKY"|"SUR"|"INTERIOR"|"OCCIDENTE"|"OCCIDENTE"|"Jalisco"|"HUB PUERTO VALLARTA"|"NO IDENTIFICADA"|"TOMATLAN"|"N"||"ND"|"OFFNET"|"SIN PLAZA WR"|"OFF NET"
2499||3|"1"|"759"|"SKY"|"SUR"|"INTERIOR"|"OCCIDENTE"|"OCCIDENTE"|"Jalisco"|"HUB CIUDAD GUZMAN"|"NO IDENTIFICADA"|"MAZAMITLA"|"N"||"ND"|"OFFNET"|"SIN PLAZA WR"|"OFF NET"
727|"25B03BD7A53EE20E499AE1FC3E842134AAAA378A"|3|"CAR"|"535"|"CABLECOM"|"SUR"|"INTERIOR"|"SURESTE"|"SURESTE"|"TABASCO"|"PMS CÁRDENAS"|"CARDENAS"|"CARDENAS"||"Y"|"WIZZ"|"CARDENAS"|"CARDENAS"|"NO IDENTIFICADA"
913|"E31AA252015C713129A0F8B5585B898B39BA42A8"|16|"VD"|"034"|"CABLEMAS"|"SUR"|"METROSUR"|"SURESTE"|"SURESTE"|"YUCATAN"|"VALLADOLID"|"VALLADOLID"|"VALLADOLID"|"Y"|"Y"|"IZZI"|"VALLADOLID"|"MERIDA"|"NO IDENTIFICADA"
917|"8D75118346575A9A2127793BA3A73E8E38EE4F35"|16|"TM"|"068"|"CABLEMAS"|"SUR"|"METROSUR"|"SURESTE"|"SURESTE"|"YUCATAN"|"VALLADOLID"|"TEMOZON"|"TEMOZON"|"Y"|"Y"|"IZZI"|"TEMOZON"|"MERIDA"|"NO IDENTIFICADA"
921|"B8400E481116053610FE4734A2897067E7033578"|16|"CR"|"054"|"CABLEMAS"|"NORTE"|"NORTE"|"PACIFICO"|"PACIFICO"|"CHIHUAHUA"|"CHIHUAHUA"|"CAMARGO"|"CAMARGO"|"Y"|"Y"|"IZZI"|"CAMARGO"|"CHIHUAHUA"|"NO IDENTIFICADA"
925|"6FD2352E9AD351CCF1DF555A921AF42E236F413D"|16|"CI"|"025"|"CABLEMAS"|"SUR"|"METROSUR"|"SURESTE"|"GOLFO"|"VERACRUZ"|"POZA RICA"|"COATZINTLA"|"COATZINTLA"|"Y"|"Y"|"IZZI"|"COATZINTLA"|"POZA RICA"|"NO IDENTIFICADA"
99|"202FD396D4657672ACB9AE37C3267594AD06761E"|1|"17"|"017"|"CABLEMAS"|"SUR"|"NORTE"|"OCCIDENTE"|"CENTRO"|"JALISCO"|"LAGOS"|"LAGOS"|"LAGOS"||"Y"|||"LAGOS"|"NO IDENTIFICADA"
130|"83DA38337CE3B9382541CC7A41522599ED17D2F1"|7|"TC25"|"0"|"TELECABLE"|"SUR"|"NORTE"|"OCCIDENTE"|"OCCIDENTE"|"JALISCO"|"PMO TEQUILA"|"AHUALULCO"|"AHUALULCO"||"Y"|||"TEPATITLAN"|"NO IDENTIFICADA"
142|"C9CCC4A4640088607799DAD1DD296417DBCCEB06"|7|"TC28"|"0"|"TELECABLE"|"SUR"|"NORTE"|"OCCIDENTE"|"OCCIDENTE"|"JALISCO"|"PMO TEQUILA"|"ETZATLAN"|"ETZATLAN"||"Y"|||"TEPATITLAN"|"NO IDENTIFICADA"
154|"07898AAD9FEBED238D22E5CA97D6CE3886495A46"|7|"TC31"|"0"|"TELECABLE"|"SUR"|"NORTE"|"OCCIDENTE"|"CENTRO"|"JALISCO"|"PMC TEPATITLAN"|"SAN JUAN DE LOS LAGOS"|"SAN JUAN DE LOS LAGOS"||"Y"|||"TEPATITLAN"|"NO IDENTIFICADA"
252|"22AACA51F5833A366D861216A325290A9C541C2C"|2|"60"|"060"|"CABLEMAS"|"NORTE"|"NORTE"|"PACIFICO"|"PACIFICO"|"CHIHUAHUA"|"CD. JUAREZ"|"CD. JUAREZ"|"CD. JUAREZ"||"Y"|||"CD. JUAREZ"|"NO IDENTIFICADA"
256|"DA3141AF7F3DADC0F7B20FE2CF0C986B33A4DEF7"|8|"CC62"|"0"|"CABLECOM"|"SUR"|"METROSUR"|"SURESTE"|"SURESTE"|"TABASCO"|"PMS CÁRDENAS"|"JALPA"|"JALPA"||"Y"|||"CARDENAS"|"NO IDENTIFICADA"
260|"5E3CD7C0D4D3030FCC4820C724BD394E808E1CCE"|8|"CC64"|"0"|"CABLECOM"|"SUR"|"METROSUR"|"SURESTE"|"SURESTE"|"TABASCO"|"VILLAHERMOSA"|"MACULTEPEC"|"MACULTEPEC"||"Y"|||"VILLA HERMOSA"|"NO IDENTIFICADA"
264|"64CD1AD6D6A5BD5609484F17AF17562A77C136FC"|8|"CC66"|"0"|"CABLECOM"|"SUR"|"METROSUR"|"SURESTE"|"SURESTE"|"TABASCO"|"PMS CÁRDENAS"|"NACAJUCA"|"NACAJUCA"||"Y"|||"CARDENAS"|"NO IDENTIFICADA"
268|"844C988C520089839566476EE848942EB7DC4CDB"|8|"CC68"|"0"|"CABLECOM"|"SUR"|"METROSUR"|"SURESTE"|"SURESTE"|"TABASCO"|"PMS CÁRDENAS"|"PARAISO"|"PARAISO"||"Y"|||"CARDENAS"|"NO IDENTIFICADA"
272|"4F07FB482ACBE3F4F5DCD6C797A98C4AEAB65714"|8|"CC70"|"0"|"CABLECOM"|"SUR"|"METROSUR"|"SURESTE"|"SURESTE"|"TABASCO"|"VILLAHERMOSA"|"PLAYAS"|"PLAYAS DEL ROSARIO"||"Y"|||"VILLA HERMOSA"|"NO IDENTIFICADA"
961|"CDB6C0BAD27AA2EAC5BF1FF090430DFFB482F399"|16|"CC"|"071"|"CABLEMAS"|"SUR"|"METROSUR"|"SURESTE"|"SURESTE"|"VERACRUZ"|"COATZACOALCOS"|"COATZACOALCOS"|"COATZACOALCOS"|"Y"|"Y"|"IZZI"|"COATZACOALCOS"|"COATZACOALCOS"|"NO IDENTIFICADA"
965|"C606C194D45740E9B6C2035516282A23696A74BF"|16|"JL"|"075"|"CABLEMAS"|"SUR"|"METROSUR"|"SURESTE"|"SURESTE"|"VERACRUZ"|"MINATITLAN"|"JALTIPAN"|"JALTIPAN"|"Y"|"Y"|"IZZI"|"JALTIPAN"|"COATZACOALCOS"|"NO IDENTIFICADA"
1078|"6D08EB29BB5FE5AD54D766FEDB8C44188E127B09"|16|"CAC"|"436"|"TELECABLE"|"SUR"|"NORTE"|"OCCIDENTE"|"OCCIDENTE"|"JALISCO"|"PMO TECOMAN"|"CASIMIRO CASTILLO"|"CASIMIRO CASTILLO"||"Y"|"WIZZ"|"CASIMIRO CASTILLO"|"SANTIAGO"|"NO IDENTIFICADA"
973|"758211BE2ADBC2A91E4BC2738AE49D98DFC6F9FD"|16|"IRA"|"429"|"TELECABLE"|"NORTE"|"NORTE"|"NORESTE"|"CENTRO"|"GUANAJUATO"|"IRAPUATO"|"IRAPUATO"|"IRAPUATO"|"Y"|"Y"|"IZZI"|"IRAPUATO"|"IRAPUATO"|"NO IDENTIFICADA"
1091|"6044993D6AC2CECF35D4C84CCEF5A383CEDB5165"|16|"SJL"|"423"|"TELECABLE"|"SUR"|"NORTE"|"OCCIDENTE"|"CENTRO"|"JALISCO"|"PMC TEPATITLAN"|"SAN JUAN DE LOS LAGOS"|"SAN JUAN DE LOS LAGOS"||"Y"|"WIZZ"|"SAN JUAN DE LOS LAGOS"|"TEPATITLAN"|"NO IDENTIFICADA"
690|"0E02A959D9414F28BA9C5A484610F97505B73BE8"|5|"RUI"|"443"|"TELECABLE"|"NORTE"|"NORTE"|"PACIFICO"|"CENTRO"|"NAYARIT"|"PMC SANTIAGO"|"RUIZ"|"RUIZ"||"Y"|"WIZZ"||"SANTIAGO"|"NO IDENTIFICADA"
1093|"F206979731E90903F26B906C32CEB1410852DDE1"|16|"SMA"|"448"|"TELECABLE"|"SUR"|"NORTE"|"OCCIDENTE"|"CENTRO"|"JALISCO"|"PMC TEPATITLAN"|"SAN MIGUEL EL ALTO"|"SAN MIGUEL EL ALTO"||"Y"|"WIZZ"|"SAN MIGUEL EL ALTO"|"TEPATITLAN"|"NO IDENTIFICADA"
2952||3|||"CABLEMAS"|"SUR"|"INTERIOR"|"SURESTE"|"SURESTE"|"QUINTANA ROO"|"HUB CANCUN"|"HUB CANCUN"|"CANCUN"||||"Sin RPT"||"ON NET"
2956||3|||"SKY"|"SUR"|"INTERIOR"|"OCCIDENTE"|"SURESTE"|"OAXACA"|"HUB SALINA CRUZ"|"HUB SALINA CRUZ"|"CIUDAD IXTEPEC"||||"Sin RPT"||"OFF NET"
2960||3||||"SUR"|"INTERIOR"|"SURESTE"|"GOLFO"|"PUEBLA"|"HUB ATLIXCO"|"HUB ATLIXCO"|"CORONANGO"||||"Sin RPT"||"OFF NET"
2964||3|||"SKY"|"NORTE"|"NORTE"|"NORESTE"|"NORESTE"|"NUEVO LEON"|"HUB LINARES"|"HUB LINARES"|"GENERAL ZARAGOZA"||||"Sin RPT"||"OFF NET"
2968||3|||"CABLEVISIÓN"|"METRO"|"METRO"|"METROPOLITANA"|"MXSUR"|"CIUDAD DE MEXICO"|"HUB TLAHUAC"|"HUB TLAHUAC"|"TLAHUAC"||||"Sin RPT"||"ON NET"
2972||3|||"TELECABLE"|"NORTE"|"NORTE"|"NORESTE"|"NORESTE"|"COAHUILA"|"HUB PIEDRAS NEGRAS"|"HUB PIEDRAS NEGRAS"|"JIMENEZ COAH"||||"Sin RPT"||"OFF NET"
2976||3|||"SKY"|"SUR"|"INTERIOR"|"SURESTE"|"SURESTE"|"CHIAPAS"|"HUB REFORMA"|"HUB REFORMA"|"AMATAN"||||"Sin RPT"||"OFF RED"
2980||3|||"TELECABLE"|"NORTE"|"NORTE"|"PACIFICO"|"PACIFICO"|"CHIHUAHUA"|"HUB PARRAL"|"HUB PARRAL"|"CAMARGO CHIH"||||"Sin RPT"||"ON NET"
2984||3|||"CABLEMAS"|"METRO"|"METRO"|"METROPOLITANA"|"MXNORTE"|"HIDALGO"|"HUB TULANCINGO"|"HUB TULANCINGO"|"APAN"||||"Sin RPT"||"ON NET"
2988||3|||"TELECABLE"|"SUR"|"INTERIOR"|"OCCIDENTE"|"OCCIDENTE"|"JALISCO"|"HUB CIUDAD GUZMAN"|"HUB CIUDAD GUZMAN"|"CHAPALA"||||"Sin RPT"||"OFF NET"
2992||3|||"SKY"|"SUR"|"INTERIOR"|"OCCIDENTE"|"SURESTE"|"OAXACA"|"HUB HUAJUAPAN"|"HUB HUAJUAPAN"|"SAN MIGUEL CHICAHUA"||||"Sin RPT"||"OFF RED"
2997||3|||"SKY"|"NORTE"|"INTERIOR"|"PACIFICO"|"CENTRO"|"SINALOA"|"HUB CULIACAN"|"HUB CULIACAN"|"SAN IGNACIO"||||"Sin RPT"||"OFF NET"
3001||3|||"CABLECOM"|"SUR"|"INTERIOR"|"OCCIDENTE"|"OCCIDENTE"|"MICHOACAN"|"HUB ZAMORA"|"HUB ZAMORA"|"BRISEÑAS"||||"Sin RPT"||"ON NET"
3007||3||||"NORTE"|"INTERIOR"|"NORESTE"|"GOLFO"|"SAN LUIS POTOSI"|"HUB MATEHUALA"|"HUB MATEHUALA"|"CHARCAS"||||"Sin RPT"||"OFF NET"
3012||3|||"SKY"|"SUR"|"INTERIOR"|"SURESTE"|"GOLFO"|"PUEBLA"|"HUB HUAUCHINANGO"|"HUB HUAUCHINANGO"|"HUAUCHINANGO"||||"Sin RPT"||"OFF NET"
3016||3|||"CABLEMAS"|"SUR"|"INTERIOR"|"SURESTE"|"GOLFO"|"VERACRUZ"|"HUB COATZACOALCOS"|"HUB COATZACOALCOS"|"COSOLEACAQUE"||||"Sin RPT"||"ON NET"
3020||3|||"CABLEMAS"|"SUR"|"INTERIOR"|"SURESTE"|"SURESTE"|"YUCATAN"|"HUB UMAN"|"HUB UMAN"|"UMAN"||||"Sin RPT"||"OFF NET"
3024||3|||"SKY"|"SUR"|"INTERIOR"|"SURESTE"|"GOLFO"|"VERACRUZ"|"HUB XALAPA"|"HUB XALAPA"|"TLACOLULAN"||||"Sin RPT"||"OFF RED"
3029||3|||"CABLEMAS"|"SUR"|"INTERIOR"|"SURESTE"|"SURESTE"|"YUCATAN"|"HUB MERIDA"|"HUB MERIDA"|"MERIDA"||||"Sin RPT"||"ON NET"
3033||3|||"SKY"|"NORTE"|"NORTE"|"PACIFICO"|"PACIFICO"|"CHIHUAHUA"|"HUB CUAUHTEMOC CHIH"|"HUB CUAUHTEMOC CHIH"|"GUERRERO"||||"Sin RPT"||"OFF NET"
3039||3|||"SKY"|"SUR"|"INTERIOR"|"OCCIDENTE"|"OCCIDENTE"|"MICHOACAN"|"HUB LAZARO CARDENAS"|"HUB LAZARO CARDENAS"|"LAZARO CARDENAS MICH"||||"Sin RPT"||"OFF NET"
3043||3|||"CABLEMAS"|"METRO"|"METRO"|"METROPOLITANA"|"MXSUR"|"MORELOS"|"HUB AXOCHIAPAN"|"HUB AXOCHIAPAN"|"JANETELCO"||||"Sin RPT"||"OFF NET"
3293||3|||"SKY"|"SUR"|"INTERIOR"|"OCCIDENTE"|"OCCIDENTE"|"MICHOACAN"|"HUB ZAMORA"|"HUB ZAMORA"|"COENEO"||||"Sin RPT"||"OFF RED"
3297||3|||"CABLECOM"|"NORTE"|"INTERIOR"|"NORESTE"|"GOLFO"|"SAN LUIS POTOSI"|"HUB MEXQUITIC"|"HUB MEXQUITIC"|"MEXQUITIC"||||"Sin RPT"||"OFF RED"
3302||3|||"SKY"|"NORTE"|"NORTE"|"PACIFICO"|"PACIFICO"|"SONORA"|"HUB CAJEME"|"HUB CAJEME"|"CAJEME"||||"Sin RPT"||"OFF NET"
3306||3|||"SKY"|"NORTE"|"INTERIOR"|"PACIFICO"|"CENTRO"|"ZACATECAS"|"HUB FRESNILLO"|"HUB FRESNILLO"|"SOMBRERETE"||||"Sin RPT"||"OFF NET"
3311||3|||"CABLECOM"|"NORTE"|"NORTE"|"NORESTE"|"NORESTE"|"COAHUILA"|"HUB PIEDRAS NEGRAS"|"HUB PIEDRAS NEGRAS"|"MUZQUIZ"||||"Sin RPT"||"OFF NET"
3315||3|||"SKY"|"NORTE"|"NORTE"|"PACIFICO"|"PACIFICO"|"CHIHUAHUA"|"HUB GUACHOCHI"|"HUB GUACHOCHI"|"CARICHI"||||"Sin RPT"||"OFF RED"
3319||3|||"TELECABLE"|"NORTE"|"INTERIOR"|"PACIFICO"|"CENTRO"|"DURANGO"|"HUB SANTIAGO PAPASQUIARO"|"HUB SANTIAGO PAPASQUIARO"|"SANTIAGO PAPASQUIARO"||||"Sin RPT"||"OFF NET"
450|"37DB4CFB2694679C901FFD2106039C3CC58D6C0C"|5|"SI"|"000"|"CABLEVISIÓN"|"METRO"|"METROSUR"|"METROPOLITANA"|"MXCENTRO"|"CIUDAD DE MEXICO"|"SANTA ANITA"|"METROPOLITANA"|"SANTA ANITA"||"Y"|"IZZI"||"SANTA ANITA"|"NO IDENTIFICADA"
460|"223233718863780433CB4543B365DEB82882EA49"|5|"MN"|"018"|"CABLEMAS"|"SUR"|"METROSUR"|"SURESTE"|"SURESTE"|"VERACRUZ"|"MINATITLAN"|"MINATITLAN"|"MINATITLAN"||"Y"|"IZZI"||"COATZACOALCOS"|"NO IDENTIFICADA"
987|"67E585ADE420E9365DAF289DFAAF143EB4C63F00"|16|"AGS"|"428"|"TELECABLE"|"SUR"|"NORTE"|"OCCIDENTE"|"CENTRO"|"AGUASCALIENTES"|"AGUASCALIENTES"|"AGUASCALIENTES"|"AGUASCALIENTES"|"Y"|"Y"|"IZZI"|"AGUASCALIENTES"|"AGUASCALIENTES"|"NO IDENTIFICADA"
484|"0E365CD4A500BC4EEE91ADD52C3E40D8D68FF783"|5|"SAS"|"301"|"CABLECOM"|"NORTE"|"NORTE"|"NORESTE"|"NORESTE"|"COAHUILA"|"COAHUILA"|"SALTILLO"|"SALTILLO"||"N"|"IZZI"||"SALTILLO"|"NO IDENTIFICADA"
492|"313516B292C3446A55A0793FC7EB50BF34819332"|5|"IX"|"081"|"CABLEMAS"|"METRO"|"METROSUR"|"METROPOLITANA"|"MXSUR"|"MEXICO"|"IXTAPALUCA"|"IXTAPALUCA"|"IXTAPALUCA LOS REYES"||"Y"|"IZZI"||"IXTAPALUCA"|"NO IDENTIFICADA"
580|"E128C9A02BA7CCA482E4D0C7FA6472F9F8D5A75C"|5|"SLP"|"573"|"CABLECOM"|"NORTE"|"METROSUR"|"NORESTE"|"GOLFO"|"SAN LUIS POTOSI"|"SAN LUIS POTOSI"|"SAN LUIS POTOSI"|"SOLEDAD DE GRACIANO SANCHEZ"||"Y"|"IZZI"||"SAN LUIS POTOSI"|"NO IDENTIFICADA"
588|"65CA5A4FC3C13DDF795A20B2144704824AADC1F4"|5|"VHA"|"533"|"CABLECOM"|"SUR"|"METROSUR"|"SURESTE"|"SURESTE"|"TABASCO"|"VILLAHERMOSA"|"MACULTEPEC"|"MACULTEPEC"||"Y"|"IZZI"||"VILLA HERMOSA"|"NO IDENTIFICADA"
29|"F54B5F15961ADEC70AC3FD437DD1C4F032629585"|4|"59JX"|"0"|"TVI"|"NORTE"|"NORTE"|"NORESTE"|"NORESTE"|"NUEVO LEON"|"MONTERREY"|"MONTERREY"|"MONTERREY"||"Y"|||"ND"|"NO IDENTIFICADA"
194|"270944EAEB678E413248998827235FA959735154"|7|"TC1"|"0"|"TELECABLE"|"SUR"|"NORTE"|"OCCIDENTE"|"CENTRO"|"AGUASCALIENTES"|"AGUASCALIENTES"|"AGUASCALIENTES"|"AGUASCALIENTES"||"Y"|||"AGUASCALIENTES"|"NO IDENTIFICADA"
37|"488DB4208F9993FBC9FA305F16E8B496A3B0C594"|8|"CC4"|"0"|"CABLECOM"|"NORTE"|"NORTE"|"NORESTE"|"CENTRO"|"GUANAJUATO"|"PMC SAN FCO DEL RINCÓN"|"SANTA ANA"|"SANTA ANA PACUECO"||"Y"|||"MOROLEON"|"NO IDENTIFICADA"
41|"A08EB6D83DD142AF49DA2CE592B064267B944170"|6|"CC5"|"0"|"CABLECOM"|"NORTE"|"NORTE"|"PACIFICO"|"CENTRO"|"ZACATECAS"|"ZACATECAS"|"ZACATECAS"|"ZACATECAS"||"Y"|||"ZACATECAS"|"NO IDENTIFICADA"
45|"0BF18C03319F7E10CBCCCDD69AA9638B2EBD527F"|11|"AXT6"|"0"|"AXTEL"|"AX"||"OCCIDENTE AX"||"ND"|"AGUASCALIENTES AX"|"0"|"AGUASCALIENTES AX"||"Y"|||"ND"|"NO IDENTIFICADA"
49|"C68D29CAA169A4E4C8AA402EE9BCC632E9DB2AB7"|4|"59K9"|"0"|"TVI"|"NORTE"|"NORTE"|"NORESTE"|"NORESTE"|"NUEVO LEON"|"PMN LINARES"|"LINARES"|"LINARES"||"Y"|||"LINARES"|"NO IDENTIFICADA"
286|"644D0F451785518A353CCF18FC3B63D976025C97"|8|"CC75"|"0"|"CABLECOM"|"SUR"|"METROSUR"|"SURESTE"|"GOLFO"|"PUEBLA"|"PMG ATLIXCO"|"IZUCAR DE MATAMOROS"|"IZUCAR DE MATAMOROS"||"Y"|||"IGUALA"|"NO IDENTIFICADA"
290|"B98E2C3D8CFF2095B668BB2863EF8A78D94B2BF0"|1|"76"|"076"|"CABLEMAS"|"SUR"|"METROSUR"|"SURESTE"|"SURESTE"|"VERACRUZ"|"MINATITLAN"|"COSOLEACAQUE"|"COSOLEACAQUE"||"Y"|||"COATZACOALCOS"|"NO IDENTIFICADA"
296|"635444A977D6ADC3130C6EFF94A1904E26D56461"|1|"87"|"087"|"CABLEMAS"|"METRO"|"METROSUR"|"METROPOLITANA"|"MXCENTRO"|"MEXICO"|"CHIMALHUACAN"|"SAN VICENTE CHICOLOAPAN"|"SAN VICENTE CHICOLOAPAN"||"Y"|||"CHIMALHUACAN"|"NO IDENTIFICADA"
2237||3|"1"|"759"|"SKY"|"SUR"|"INTERIOR"|"OCCIDENTE"|"CENTRO"|"Aguascalientes"|"HUB AGUASCALIENTES"|"NO IDENTIFICADA"|"RINCON DE ROMOS"|"N"||"ND"|"OFFNET"|"SIN PLAZA WR"|"OFF NET"
203|"2585D808AF67EEACD1EFFED22B0AB7CF72D07C3C"|7|"TC42"|"0"|"TELECABLE"|"NORTE"|"NORTE"|"NORESTE"|"CENTRO"|"QUERETARO"|"SAN JUAN DEL RIO"|"AMEALCO"|"AMEALCO"||"Y"|||"SAN JUAN DEL RIO"|"NO IDENTIFICADA"
208|"D464DD8C4E133150A701531A46ADE55718755D88"|6|"CC45"|"0"|"CABLEMAS"|"SUR"|"METROSUR"|"SURESTE"|"GOLFO"|"PUEBLA"|"PMG TEZIUTLAN"|"TEZIUTLAN"|"TEZIUTLAN"||"Y"|||"APIZACO"|"NO IDENTIFICADA"
212|"3D2222FAAF9E97ED62F3C871D1DBB9E7B5B3C98B"|8|"CC46"|"0"|"CABLEMAS"|"METRO"|"METROSUR"|"METROPOLITANA"|"MXNORTE"|"HIDALGO"|"PMM TULA"|"TIZAYUCA"|"TIZAYUCA"||"Y"|||"TULA"|"NO IDENTIFICADA"
217|"07FBC0A8D6513EE25A3882858E09628D7490A93C"|6|"CC48"|"0"|"CABLECOM"|"METRO"|"METROSUR"|"METROPOLITANA"|"MXNORTE"|"HIDALGO"|"TULANCINGO"|"TULANCINGO"|"TULANCINGO"||"Y"|||"TULANCINGO"|"NO IDENTIFICADA"
69|"C61E77837D0627067C2F3A81051002D82DA2542A"|7|"TC11"|"0"|"TELECABLE"|"SUR"|"NORTE"|"OCCIDENTE"|"OCCIDENTE"|"JALISCO"|"PMO TECOMAN"|"CASIMIRO CASTILLO"|"CASIMIRO CASTILLO"||"Y"|||"SANTIAGO"|"NO IDENTIFICADA"
783|"942D0043B3B3D32D66ED3C1BA8F6465111C12B88"|5|"HUM"|"540"|"CABLECOM"|"SUR"|"METROSUR"|"SURESTE"|"SURESTE"|"TABASCO"|"PMS CÁRDENAS"|"HUIMANGUILLO"|"HUIMANGUILLO"||"Y"|"WIZZ"||"CARDENAS"|"NO IDENTIFICADA"
789|"4BBB19227A04595BCED7864C1C3B9C5EDD07B5CA"|5|"SLV"|"559"|"CABLEMAS"|"NORTE"|"NORTE"|"NORESTE"|"CENTRO"|"GUANAJUATO"|"PMC MOROLEON"|"SALVATIERRA"|"SALVATIERRA"||"Y"|"WIZZ"||"MOROLEON"|"NO IDENTIFICADA"
794|"1A44FB051B5BD2102AD923ADEEB3E9FD0F517077"|5|"MAC"|"532"|"CABLECOM"|"SUR"|"METROSUR"|"SURESTE"|"SURESTE"|"TABASCO"|"PMS CÁRDENAS"|"MACUSPANA"|"MACUSPANA"||"Y"|"WIZZ"||"CARDENAS"|"NO IDENTIFICADA"
696|"BE9E78EA907D58B2D6CCF461D54EEFEBD09F085A"|5|"TUX"|"417"|"TELECABLE"|"NORTE"|"NORTE"|"PACIFICO"|"CENTRO"|"NAYARIT"|"PMC SANTIAGO"|"TUXPAN"|"TUXPAN"||"Y"|"WIZZ"||"SANTIAGO"|"NO IDENTIFICADA"
882|"27EA0BD5CB6103C9C307678807DFE15C734D8251"|16|"-2"|"0"|"TVI"|"NO IDENTIFICADA"||"NO IDENTIFICADA"||"ND"|"NO IDENTIFICADA"|"NO IDENTIFICADA"|"NO IDENTIFICADA"|"N"|"N"|"ND"|"Sin RPT"|"ND"|"NO IDENTIFICADA"
886|"DB5E0A973860F2E6FD5C1A85DC031C61EC9175C9"|16|"AB"|"000"|"CABLEVISIÓN"|"METRO"|"METROSUR"|"METROPOLITANA"|"MXNORTE"|"MEXICO"|"ARBOLEDAS"|"METROPOLITANA"|"ARBOLEDAS"|"Y"|"Y"|"IZZI"|"METROPOLITANA"|"ARBOLEDAS"|"NO IDENTIFICADA"
890|"222AEE83BCA152809D27538A814B7033BA3E21DF"|16|"CU"|"000"|"CABLEVISIÓN"|"METRO"|"METROSUR"|"METROPOLITANA"|"MXNORTE"|"MEXICO"|"CUAUTITLAN"|"METROPOLITANA"|"CUAUTITLAN"|"Y"|"Y"|"IZZI"|"METROPOLITANA"|"CUAUTITLAN"|"NO IDENTIFICADA"
894|"79FFEDDC8F6F8CCFA94757B038F9A4F3758DD7A9"|16|"SA"|"000"|"CABLEVISIÓN"|"METRO"|"METROSUR"|"METROPOLITANA"|"MXSUR"|"CIUDAD DE MEXICO"|"SARATOGA"|"METROPOLITANA"|"SARATOGA"|"Y"|"Y"|"IZZI"|"METROPOLITANA"|"SARATOGA"|"NO IDENTIFICADA"
898|"1B2EFB120A478B733F55FB4DEA23FF8BF47FDFC5"|16|"VO"|"000"|"CABLEVISIÓN"|"METRO"|"METROSUR"|"METROPOLITANA"|"MXNORTE"|"CIUDAD DE MEXICO"|"VALLEJO"|"METROPOLITANA"|"VALLEJO"|"Y"|"Y"|"IZZI"|"METROPOLITANA"|"VALLEJO"|"NO IDENTIFICADA"
902|"23736A8A2A6F824E2DF3B1099AC95A787842D3DC"|16|"TJ"|"011"|"CABLEMAS"|"NORTE"|"NORTE"|"PACIFICO"|"PACIFICO"|"BAJA CALIFORNIA"|"TIJUANA"|"TIJUANA"|"TIJUANA"|"Y"|"Y"|"IZZI"|"TIJUANA"|"TIJUANA"|"NO IDENTIFICADA"
906|"0BB65B965173E9B5DA7245809A4177CCE1A0F954"|16|"CH"|"051"|"CABLEMAS"|"NORTE"|"NORTE"|"PACIFICO"|"PACIFICO"|"CHIHUAHUA"|"CHIHUAHUA"|"CHIHUAHUA"|"CHIHUAHUA"|"Y"|"Y"|"IZZI"|"CHIHUAHUA"|"CHIHUAHUA"|"NO IDENTIFICADA"
910|"2D1084D81CD643B7F845AF3FC7BE016B8B4007D6"|16|"CB"|"063"|"CABLEMAS"|"SUR"|"METROSUR"|"SURESTE"|"SURESTE"|"QUINTANA ROO"|"VALLADOLID"|"COBA"|"COBA"|"Y"|"Y"|"IZZI"|"COBA"|"MERIDA"|"NO IDENTIFICADA"
2025|"673CBC6D9E0DB2FBB3F3D57E5161E080423B5047"|16|"TALR"|"456"|"TELECABLE"|"SUR"|"NORTE"|"OCCIDENTE"|"OCCIDENTE"|"JALISCO"|"ZAPOPAN"|"TALA"|"TALA"||"Y"|"IZZI"||"SIN PLAZA WR"|"NO IDENTIFICADA"
866|"C25C25A5B7008FA583CC278133B8997F7FA81C35"|3|"MOER"|"300"|"TVI"|"NORTE"|"NORTE"|"NORESTE"|"NORESTE"|"NUEVO LEON"|"MONTERREY"|"MTY PONIENTE (OESTE)"|"PONIENTE (OESTE)"||"Y"|"IZZI"|"MONTERREY"|"MTY PONIENTE (OESTE)"|"NO IDENTIFICADA"
1662|"BC2664068E8446EFB8A07CD0EB5071CFF1CC66D5"|16|"TLJR"|"453"|"TELECABLE"|"SUR"|"NORTE"|"OCCIDENTE"|"OCCIDENTE"|"JALISCO"|"GUADALAJARA"|"TLAJOMULCO"|"TLAJOMULCO"|||"IZZI"|"TLAJOMULCO"|"TLAJOMULCO"|"NO IDENTIFICADA"
1667|"D4A6661DA3B34F69869CAEFC561A731D757C053E"|5|"ZNR"|"400"|"TELECABLE"|"SUR"|"NORTE"|"OCCIDENTE"|"OCCIDENTE"|"JALISCO"|"ZAPOPAN"|"ZAPOPAN"|"ZAPOPAN"||"Y"|"IZZI"|"ZAPOPAN"|"ZAPOPAN"|"NO IDENTIFICADA"
1721|"627AB005882486A8FC91AE43D756459C5CFA4A38"|5|"TNLR"|"453"|"TELECABLE"|"SUR"|"NORTE"|"OCCIDENTE"|"OCCIDENTE"|"JALISCO"|"GUADALAJARA"|"TONALA"|"TONALA"|"Y"|"Y"|"IZZI"|"TONALA"|"SIN PLAZA WR"|"NO IDENTIFICADA"
1824|"5D617A00D8DB1A324A266E6602A0133F612D76FB"|5|"TUR"|"39"|"CABLEMAS"|"SUR"|"METROSUR"|"SURESTE"|"SURESTE"|"QUINTANA ROO"|"PMS RIVIERA MAYA"|"TULUM"|"TULUM"|"Y"|"Y"|"IZZI"||"RIVIERA MAYA"|"NO IDENTIFICADA"
1941|"1F9C88138F46BF0E95C433A38898E7CC6D6F3078"|5|"SLR"|"097"|"CABLEMAS"|"NORTE"|"NORTE"|"PACIFICO"|"PACIFICO"|"SONORA"|"SAN LUIS RIO COLORADO"|"SAN LUIS RIO COLORADO"|"SAN LUIS RIO COLORADO"|||"IZZI"||"SIN PLAZA WR"|"NO IDENTIFICADA"
1326|"1BC32DD33028C5DBBFD6229D238C5D5C2E12814E"|5|"FMTL000"|"000"|"CABLEVISIÓN"|"METRO"|"METROSUR"|"METROPOLITANA"|"MXSUR"|"CIUDAD DE MEXICO"|"TLALPAN"|"METROPOLITANA"|"TLALPAN"||"Y"|"IZZI"||"ND"|"NO IDENTIFICADA"
1341|"610B915FB88FC3524D4F1E45A4BC8C723A48EAA4"|5|"FMTY"|"300"|"TVI"|"NORTE"|"NORTE"|"NORESTE"|"NORESTE"|"NUEVO LEON"|"MONTERREY"|"MONTERREY FTTH"|"MONTERREY"||"Y"|"IZZI"||"SIN PLAZA WR"|"NO IDENTIFICADA"
1482|"83C41FB888D415E6540A049EAC449A37A885B86C"|16|"CUR"|"000"|"CABLEVISIÓN"|"METRO"|"METROSUR"|"METROPOLITANA"|"MXNORTE"|"MEXICO"|"CUAUTITLAN"|"METROPOLITANA"|"CUAUTITLAN"||"Y"|"IZZI"|"CUAUTITLAN"|"SIN PLAZA WR"|"NO IDENTIFICADA"
1528|"1F101FA276C1A42393BB211253739CB65DC86F7A"|16|"MXR"|"014"|"CABLEMAS"|"NORTE"|"NORTE"|"PACIFICO"|"PACIFICO"|"BAJA CALIFORNIA"|"MEXICALI"|"MEXICALI"|"MEXICALI"|"Y"|"Y"|"IZZI"|"MEXICALI"|"SIN PLAZA WR"|"NO IDENTIFICADA"
1325|"82CA754ED0BDA869127AE2505C65C78F4BD55292"|5|"FMST000"|"000"|"CABLEVISIÓN"|"METRO"|"METROSUR"|"METROPOLITANA"|"MXNORTE"|"MEXICO"|"SATELITE"|"METROPOLITANA"|"SATELITE"||"Y"|"IZZI"||"ND"|"NO IDENTIFICADA"
1319|"B9BBC7078A22D21E10B787957B4FDDF249369FFD"|5|"FMMEO588"|"588"|"CABLEMAS"|"METRO"|"METROSUR"|"METROPOLITANA"|"MXNORTE"|"MEXICO"|"MELCHOR OCAMPO"|"MELCHOR"|"TULTITLAN"||"Y"|"IZZI"||"ND"|"NO IDENTIFICADA"
1641|"95314EE8CC468EFE86992DD8F2B7FC01E5AADC5D"|5|"DGOR"|"612"|"CABLECOM"|"NORTE"|"NORTE"|"PACIFICO"|"CENTRO"|"DURANGO"|"DURANGO"|"DURANGO"|"DURANGO"|"Y"|"Y"|"IZZI"|"DURANGO"|"DURANGO"|"NO IDENTIFICADA"
1801|"E8055B3ABC7BD25946507AFDEBFD25095732A4B5"|5|"MZN"|"613"|"CABLECOM"|"NORTE"|"NORTE"|"PACIFICO"|"CENTRO"|"SINALOA"|"MAZATLAN"|"MAZATLAN"|"MAZATLAN"||"Y"|"IZZI"||"SIN PLAZA WR"|"NO IDENTIFICADA"
1861|"F6E8435A4A5E0D8636A837FC1CA09737B41F60CD"|5|"TAMR"|"431"|"TELECABLE"|"NORTE"|"METROSUR"|"NORESTE"|"GOLFO"|"TAMAULIPAS"|"TAMPICO"|"TAMPICO"|"TAMPICO"||"Y"|"IZZI"||"SIN PLAZA WR"|"NO IDENTIFICADA"
1561|"95314EE8CC468EFE86992DD8F2B7FC01E5AADC5D"|5|"DGO"|"612"|"CABLECOM"|"NORTE"|"NORTE"|"PACIFICO"|"CENTRO"|"DURANGO"|"DURANGO"|"DURANGO"|"DURANGO"|"Y"|"Y"|"IZZI"|"DURANGO"|"DURANGO"|"NO IDENTIFICADA"
1440|"9346107533C3D2E607D79F5B7E8D3E1AD82D961D"|16|"GDL"|"453"|"TELECABLE"|"SUR"|"NORTE"|"OCCIDENTE"|"OCCIDENTE"|"JALISCO"|"GUADALAJARA"|"GUADALAJARA"|"GUADALAJARA"||"Y"|"IZZI"|"GUADALAJARA"|"SIN PLAZA WR"|"NO IDENTIFICADA"
1860|"8B6BFD86A5CD5860BEE31A17302EE2041131F553"|3|"TAMR"|"431"|"TELECABLE"|"NORTE"|"INTERIOR"|"NORESTE"|"GOLFO"|"TAMAULIPAS"|"TAMPICO"|"TAMPICO"|"TAMPICO"||"Y"|"IZZI"|"TAMPICO"|"SIN PLAZA WR"|"NO IDENTIFICADA"
1244|"98DE65230BADF5EADD0A3C084A08840A36C7F969"|3|"TLR"|"000"|"CABLEVISIÓN"|"METRO"|"METRO"|"METROPOLITANA"|"MXSUR"|"CIUDAD DE MEXICO"|"TLALPAN"|"METROPOLITANA"|"TLALPAN"|"Y"|"Y"|"IZZI"|"METROPOLITANA"|"ND"|"NO IDENTIFICADA"
1282|"B4EFEA8C71F2C8B6C03571E5CF74F32ECF3A21AB"|3|"FMAR000"|"000"|"CABLEVISIÓN"|"METRO"|"METRO"|"METROPOLITANA"|"MXSUR"|"CIUDAD DE MEXICO"|"ARAGON"|"METROPOLITANA"|"ARAGON"|"Y"|"Y"|"IZZI"|"METROPOLITANA"|"ND"|"NO IDENTIFICADA"
1286|"EAB4750444E50D95F9E1F5CBC036662CDD1CE4DC"|3|"FMCM087"|"087"|"CABLEMAS"|"METRO"|"METRO"|"METROPOLITANA"|"MXSUR"|"MEXICO"|"CHIMALHUACAN"|"SAN VICENTE CHICOLOAPAN"|"SAN VICENTE CHICOLOAPAN"|"Y"|"Y"|"IZZI"|"SAN VICENTE CHICOLOAPAN"|"ND"|"NO IDENTIFICADA"
1290|"44F87FC4BA47D012C39888B0B5A7BF5AE7AB6DFC"|3|"FMIX089"|"089"|"CABLEMAS"|"METRO"|"METRO"|"METROPOLITANA"|"MXSUR"|"MEXICO"|"IXTAPALUCA"|"IXTAPALUCA"|"IXTAPALUCA LOS REYES"|"Y"|"N"|"IZZI"|"XICO"|"ND"|"NO IDENTIFICADA"
1294|"9202BCC4C3461A8AD71593407CD20AD991E0157F"|3|"FMMEC578"|"578"|"CABLEMAS"|"METRO"|"METRO"|"METROPOLITANA"|"MXNORTE"|"MEXICO"|"MELCHOR OCAMPO"|"MELCHOR"|"COACALCO"|"Y"|"Y"|"IZZI"|"COACALCO"|"ND"|"NO IDENTIFICADA"
1298|"178D35A96808EC8B755CDF91C17C4E9F9C27EB7A"|3|"FMPL000"|"000"|"CABLEVISIÓN"|"METRO"|"METRO"|"METROPOLITANA"|"MXNORTE"|"CIUDAD DE MEXICO"|"POLANCO"|"METROPOLITANA"|"POLANCO"|"Y"|"Y"|"IZZI"|"METROPOLITANA"|"ND"|"NO IDENTIFICADA"
1302|"1FC307A8DB5D52BAF3A7C6DF435C658342FD4460"|3|"FMTL000"|"000"|"CABLEVISIÓN"|"METRO"|"METRO"|"METROPOLITANA"|"MXSUR"|"CIUDAD DE MEXICO"|"TLALPAN"|"METROPOLITANA"|"TLALPAN"|"Y"|"Y"|"IZZI"|"METROPOLITANA"|"ND"|"NO IDENTIFICADA"
1135|"82D94E908C2C60C56CA9ADBAD23576A228CDDC18"|16|"MNOR"|"300"|"TVI"|"NORTE"|"NORTE"|"NORESTE"|"NORESTE"|"NUEVO LEON"|"MONTERREY"|"MTY NORTE"|"NORTE"||"Y"|"IZZI"|"MONTERREY"|"MTY NORTE"|"NO IDENTIFICADA"
1585|"38EE9D7C9714042AC4E07C59404DCC1A2FD0F10C"|16|"CJR"|"060"|"CABLEMAS"|"NORTE"|"NORTE"|"PACIFICO"|"PACIFICO"|"CHIHUAHUA"|"CD. JUAREZ"|"CD. JUAREZ"|"CD. JUAREZ"|"Y"|"Y"|"IZZI"|"CD. JUAREZ"|"ND"|"NO IDENTIFICADA"
1593|"484A7B3D1CB47CF9F8BFEE432A83C1A424A12C08"|16|"FMKI000"|"000"|"CABLEVISIÓN"|"METRO"|"METROSUR"|"METROPOLITANA"|"MXCENTRO"|"CIUDAD DE MEXICO"|"SANTA FE"|"METROPOLITANA"|"SANTA FE"|"Y"|"Y"|"IZZI"|"METROPOLITANA"|"ND"|"NO IDENTIFICADA"
1597|"2ADD72BF0BD1EC58E91057F804A3504E37ABA543"|16|"FMVO000"|"000"|"CABLEVISIÓN"|"METRO"|"METROSUR"|"METROPOLITANA"|"MXNORTE"|"CIUDAD DE MEXICO"|"VALLEJO"|"METROPOLITANA"|"VALLEJO"|"Y"|"Y"|"IZZI"|"METROPOLITANA"|"ND"|"NO IDENTIFICADA"
1601|"13B603A61F60399275C6797238CC9A76A6200D2B"|16|"FMCU000"|"000"|"CABLEVISIÓN"|"METRO"|"METROSUR"|"METROPOLITANA"|"MXNORTE"|"MEXICO"|"CUAUTITLAN"|"METROPOLITANA"|"CUAUTITLAN"|"Y"|"Y"|"IZZI"|"CUAUTITLAN FTTH_AX"|"ND"|"NO IDENTIFICADA"
1590|"B10B269F306B157C19B3F927A2BFA34640FBCB4E"|16|"FSLP"|"572"|"CABLECOM"|"NORTE"|"METROSUR"|"NORESTE"|"GOLFO"|"SAN LUIS POTOSI"|"SAN LUIS POTOSI"|"SAN LUIS POTOSI"|"SAN LUIS POTOSI"|"Y"|"Y"|"IZZI"|"SAN LUIS POTOSI"|"SAN LUIS POTOSI FTTH"|"NO IDENTIFICADA"
1663|"DFBA429CB2A20A393585BE88089693242C0CDA8C"|3|"TOLR"|"614"|"CABLECOM"|"METRO"|"METRO"|"METROPOLITANA"|"MXNORTE"|"MEXICO"|"TOLUCA"|"TOLUCA"|"TOLUCA"|"Y"|"Y"|"IZZI"|"TOLUCA"|"TOLUCA"|"NO IDENTIFICADA"
1700|"5716D2B5027599CCF857AC1ADE9928248E423DFD"|3|"GARR"|"300"|"TVI"|"NORTE"|"NORTE"|"NORESTE"|"NORESTE"|"NUEVO LEON"|"MONTERREY"|"GARCIA"|"GARCIA"|"Y"|"Y"|"IZZI"|"MONTERREY"|"MTY - SANTA CATARINA"|"NO IDENTIFICADA"
1760|"8894A3790C81808570E441CEDD5DA0AD9C1E1C0E"|3|"CHR"|"051"|"CABLEMAS"|"NORTE"|"NORTE"|"PACIFICO"|"PACIFICO"|"CHIHUAHUA"|"CHIHUAHUA"|"CHIHUAHUA"|"CHIHUAHUA"|"Y"|"Y"|"IZZI"|"CHIHUAHUA"|"SIN PLAZA WR"|"NO IDENTIFICADA"
1246|"A7EE57393137D7A986AE0DBCAA21D7BC9291C9B0"|3|"ZSR"|"400"|"TELECABLE"|"SUR"|"INTERIOR"|"OCCIDENTE"|"OCCIDENTE"|"JALISCO"|"ZAPOPAN"|"ZAPOPAN"|"ZAPOPAN"||"Y"|"IZZI"|"ZAPOPAN"|"ND"|"NO IDENTIFICADA"
1910|"FD1571EE927BD0525DA53E383E71F5FC42EA930A"|3|"TEZR"|"567"|"CABLEMAS"|"SUR"|"INTERIOR"|"SURESTE"|"GOLFO"|"PUEBLA"|"PMG TEZIUTLAN"|"TEZIUTLAN"|"TEZIUTLAN"||"Y"|"IZZI"|"TEZIUTLAN"|"SIN PLAZA WR"|"NO IDENTIFICADA"
1582|"F8A2FE3C0784F67882D39D7E93A93D2CB8950A79"|16|"FMVA000"|"000"|"CABLEVISIÓN"|"METRO"|"METROSUR"|"METROPOLITANA"|"MXCENTRO"|"CIUDAD DE MEXICO"|"VALLE"|"METROPOLITANA"|"VALLE"||"Y"|"IZZI"||"ND"|"NO IDENTIFICADA"
1664|"4BCA76AFDF2218058ABABE6CA7574758EEC1BA6A"|5|"TOLR"|"614"|"CABLECOM"|"METRO"|"METROSUR"|"METROPOLITANA"|"MXCENTRO"|"MEXICO"|"TOLUCA"|"TOLUCA"|"TOLUCA"|"Y"|"Y"|"IZZI"|"TOLUCA"|"TOLUCA"|"NO IDENTIFICADA"
2084|"7D7CB0CB5E800E0A996B3153A0E1EDAD91264C8F"|5|"TEHR"|"100"|"CABLEMAS"|"SUR"|"METROSUR"|"SURESTE"|"GOLFO"|"PUEBLA"|"TEHUACAN"|"TEHUACAN"|"TEHUACAN"||"Y"|"IZZI"||"SIN PLAZA WR"|"NO IDENTIFICADA"
1701|"22C8D8A2DC8AFAFACC2EC20DA884E3FDB27220F3"|5|"GARR"|"300"|"TVI"|"NORTE"|"NORTE"|"NORESTE"|"NORESTE"|"NUEVO LEON"|"MONTERREY"|"GARCIA"|"GARCIA"||"Y"|"IZZI"||"MTY - SANTA CATARINA"|"NO IDENTIFICADA"
1724|"4E2BE306041FA0FB51E6E7B156BDA445FB0EA5E3"|5|"TPCR"|"454"|"TELECABLE"|"NORTE"|"NORTE"|"PACIFICO"|"CENTRO"|"NAYARIT"|"TEPIC"|"TEPIC"|"TEPIC"|"Y"|"Y"|"IZZI"|"TEPIC"|"SIN PLAZA WR"|"NO IDENTIFICADA"
1761|"5CFEF4D5341547033366C18AD9B6BCACD4606367"|5|"CHR"|"051"|"CABLEMAS"|"NORTE"|"NORTE"|"PACIFICO"|"PACIFICO"|"CHIHUAHUA"|"CHIHUAHUA"|"CHIHUAHUA"|"CHIHUAHUA"||"Y"|"IZZI"|"CHIHUAHUA"|"SIN PLAZA WR"|"NO IDENTIFICADA"
1916|"4936597A603CF15DE031C9DF560D61F1CC436CC8"|3|"SLAR"|"455"|"TELECABLE"|"NORTE"|"INTERIOR"|"NORESTE"|"CENTRO"|"GUANAJUATO"|"SALAMANCA"|"SALAMANCA"|"SALAMANCA"||"Y"|"IZZI"|"SALAMANCA"|"SIN PLAZA WR"|"NO IDENTIFICADA"
1740|"EE340BBAD3D6D3CE60C6458070C41D2E080BE747"|3|"TJBR"|"11"|"CABLEMAS"|"NORTE"|"NORTE"|"PACIFICO"|"PACIFICO"|"BAJA CALIFORNIA"|"TIJUANA"|"TIJUANA"|"TIJUANA"|"Y"|"Y"|"IZZI"|"Sin RPT"|"SIN PLAZA WR"|"NO IDENTIFICADA"
1885|"325CA7C2C0C0B1B72084AA7699AE094CC847F5E4"|16|"IXR"|"089"|"CABLEMAS"|"METRO"|"METROSUR"|"METROPOLITANA"|"MXSUR"|"MEXICO"|"IXTAPALUCA"|"XICO"|"XICO"|||"IZZI"||"SIN PLAZA WR"|"NO IDENTIFICADA"
1894|"699BBFB73820195B1956CA8D9B3D58BAF5DA7923"|16|"IXR"|"084"|"CABLEMAS"|"METRO"|"METROSUR"|"METROPOLITANA"|"MXSUR"|"MEXICO"|"IXTAPALUCA"|"SAN BUENAVENTURA"|"SAN BUENAVENTURA"|||"IZZI"||"SIN PLAZA WR"|"NO IDENTIFICADA"
2065|"5ACFB281AF4BBAB0A9A279EB8EA5C3575DD83B2C"|16|"NOGR"|"099"|"CABLEMAS"|"NORTE"|"NORTE"|"PACIFICO"|"PACIFICO"|"SONORA"|"NOGALES"|"NOGALES"|"NOGALES"||"Y"|"IZZI"||"SIN PLAZA WR"|"NO IDENTIFICADA"
1141|"531595837F67233499D26276356888C4785F52A8"|5|"FAGS"|"428"|"TELECABLE"|"SUR"|"NORTE"|"OCCIDENTE"|"CENTRO"|"AGUASCALIENTES"|"AGUASCALIENTES"|"AGUASCALIENTES"|"AGUASCALIENTES"||"Y"|"IZZI"||"AGUASCALIENTES FTTH"|"NO IDENTIFICADA"
1886|"6C82A072B89AB8753C74E45F7AA627F4803B47F5"|3|"IXR"|"582"|"CABLEMAS"|"METRO"|"METRO"|"METROPOLITANA"|"MXSUR"|"MEXICO"|"IXTAPALUCA"|"CHALCO"|"CHALCO"|||"IZZI"|"CHALCO"|"SIN PLAZA WR"|"NO IDENTIFICADA"
2579||3|"1"|"759"|"SKY"|"SUR"|"INTERIOR"|"OCCIDENTE"|"CENTRO"|"Aguascalientes"|"HUB ASIENTOS"|"NO IDENTIFICADA"|"ASIENTOS"|"N"||"ND"|"OFFNET"|"SIN PLAZA WR"|"OFF RED"
312|"CED40E91601C531F307724728CC72F59668A43E2"|5|"CE"|"000"|"CABLEVISIÓN"|"METRO"|"METROSUR"|"METROPOLITANA"|"MXCENTRO"|"CIUDAD DE MEXICO"|"CENTRO"|"METROPOLITANA"|"CENTRO"||"Y"|"IZZI"||"CENTRO"|"NO IDENTIFICADA"
738|"F57C29AD6BE6413D3199139083FBCE7590CC3C63"|5|"HMA"|"566"|"CABLEMAS"|"SUR"|"METROSUR"|"SURESTE"|"GOLFO"|"TLAXCALA"|"PMG APIZACO"|"HUAMANTLA"|"HUAMANTLA"||"Y"|"WIZZ"||"APIZACO"|"NO IDENTIFICADA"
743|"46524C3306A9BE3C71E7DCEE6CCC1B310719B95C"|5|"ATX"|"571"|"CABLEMAS"|"SUR"|"METROSUR"|"SURESTE"|"GOLFO"|"PUEBLA"|"PMG ATLIXCO"|"ATLIXCO"|"ATLIXCO"||"Y"|"WIZZ"||"IGUALA"|"NO IDENTIFICADA"
749|"4BECD8EE21C794CADCC511E502AD3AD543F56AB9"|5|"TEZ"|"567"|"CABLEMAS"|"SUR"|"METROSUR"|"SURESTE"|"GOLFO"|"PUEBLA"|"PMG TEZIUTLAN"|"TEZIUTLAN"|"TEZIUTLAN"||"Y"|"IZZI"||"APIZACO"|"NO IDENTIFICADA"
760|"5C6870C97D9CCA164A75572EF40D5FC0DFEA7139"|5|"IZM"|"568"|"CABLECOM"|"SUR"|"METROSUR"|"SURESTE"|"GOLFO"|"PUEBLA"|"PMG ATLIXCO"|"IZUCAR DE MATAMOROS"|"IZUCAR DE MATAMOROS"||"Y"|"WIZZ"||"IGUALA"|"NO IDENTIFICADA"
766|"F06033E1C29029872A12C7F7709092C65ED38B72"|5|"ACA"|"558"|"CABLEMAS"|"NORTE"|"NORTE"|"NORESTE"|"CENTRO"|"GUANAJUATO"|"PMC MOROLEON"|"ACAMBARO"|"ACAMBARO"||"Y"|"WIZZ"||"MOROLEON"|"NO IDENTIFICADA"
774|"6FC040161C107F94247BEFDFC445E4284C951E9A"|5|"CHI"|"570"|"CABLECOM"|"SUR"|"METROSUR"|"SURESTE"|"GOLFO"|"PUEBLA"|"PMG ATLIXCO"|"CHIETLA"|"CHIETLA"||"Y"|"WIZZ"||"IGUALA"|"NO IDENTIFICADA"
74|"36F3728B5927900BDBF6E8093D09D887B293D1BA"|7|"TC12"|"0"|"TELECABLE"|"SUR"|"NORTE"|"OCCIDENTE"|"OCCIDENTE"|"COLIMA"|"MANZANILLO"|"MANZANILLO"|"MANZANILLO"||"Y"|||"MANZANILLO"|"NO IDENTIFICADA"
161|"FF2914FCAD514B8D7A1BCFCAF1DE6D5FC2EE6B37"|8|"CC33"|"0"|"CABLEMAS"|"METRO"|"METROSUR"|"METROPOLITANA"|"MXNORTE"|"HIDALGO"|"PMM TULA"|"APAN"|"APAN"||"Y"|||"TULA"|"NO IDENTIFICADA"
165|"AB02D971FE4BA531DA4FB243EA7D41D42EC6DA90"|8|"CC34"|"0"|"CABLECOM"|"SUR"|"METROSUR"|"SURESTE"|"GOLFO"|"TLAXCALA"|"PMG APIZACO"|"APIZACO"|"APIZACO"||"Y"|||"APIZACO"|"NO IDENTIFICADA"
169|"326DB1D541B07749DA4458DF6AA682C5A5AB0489"|8|"CC35"|"0"|"CABLECOM"|"SUR"|"METROSUR"|"SURESTE"|"GOLFO"|"PUEBLA"|"PMG ATLIXCO"|"ATENCINGO"|"ATENCINGO"||"Y"|||"IGUALA"|"NO IDENTIFICADA"
173|"F81FEEA0C856C6897E32163D7A412A13D0B0EA04"|8|"CC36"|"0"|"CABLEMAS"|"SUR"|"METROSUR"|"SURESTE"|"GOLFO"|"PUEBLA"|"PMG ATLIXCO"|"ATLIXCO"|"ATLIXCO"||"Y"|||"IGUALA"|"NO IDENTIFICADA"
177|"CBE90C18CC1F44DD380D7B5FC152F70B65156DAC"|8|"CC37"|"0"|"CABLECOM"|"SUR"|"METROSUR"|"SURESTE"|"GOLFO"|"PUEBLA"|"PMG ATLIXCO"|"CHIETLA"|"CHIETLA"||"Y"|||"IGUALA"|"NO IDENTIFICADA"
181|"D3ADE5E1E0FA3EF27555B0D051F602B60A983F68"|8|"CC38"|"0"|"CABLEMAS"|"SUR"|"METROSUR"|"SURESTE"|"GOLFO"|"TLAXCALA"|"PMG APIZACO"|"HUAMANTLA"|"HUAMANTLA"||"Y"|||"APIZACO"|"NO IDENTIFICADA"
2920||3|"IXR"|"081"|"CABLEMAS"|"METRO"|"METRO"|"METROPOLITANA"|"MXSUR"|"MEXICO"|"IXTAPALUCA"|"IXTAPALUCA"|"IXTAPALUCA LOS REYES"||||"IXTAPALUCA"|"SIN PLAZA WR"|"NO IDENTIFICADA"
2926||3|||"SKY"|"NORTE"|"INTERIOR"|"PACIFICO"|"CENTRO"|"ZACATECAS"|"HUB GUADALUPE"|"HUB GUADALUPE"|"VILLANUEVA"||||"Sin RPT"||"OFF NET"
2930||3|||"SKY"|"SUR"|"INTERIOR"|"SURESTE"|"GOLFO"|"VERACRUZ"|"HUB SAN ANDRES TUXTLA"|"HUB SAN ANDRES TUXTLA"|"SANTIAGO SOCHIAPAN"||||"Sin RPT"||"OFF RED"
2934||3|||"SKY"|"SUR"|"INTERIOR"|"SURESTE"|"SURESTE"|"YUCATAN"|"HUB MERIDA"|"HUB MERIDA"|"IXIL"||||"Sin RPT"||"OFF RED"
2938||3|||"TELECABLE"|"SUR"|"INTERIOR"|"SURESTE"|"GOLFO"|"VERACRUZ"|"HUB PANUCO"|"HUB PANUCO"|"PANUCO"||||"Sin RPT"||"OFF NET"
2942||3|||"SKY"|"SUR"|"INTERIOR"|"SURESTE"|"SURESTE"|"CAMPECHE"|"HUB CAMPECHE"|"HUB CAMPECHE"|"CALKINI"||||"Sin RPT"||"OFF NET"
2946||3|||"SKY"|"NORTE"|"NORTE"|"PACIFICO"|"PACIFICO"|"CHIHUAHUA"|"HUB GUACHOCHI"|"HUB GUACHOCHI"|"NONOAVA"||||"Sin RPT"||"OFF NET"
2950||3|||"SKY"|"SUR"|"INTERIOR"|"OCCIDENTE"|"OCCIDENTE"|"GUERRERO"|"HUB CHILAPA"|"HUB CHILAPA"|"MALINALTEPEC"||||"Sin RPT"||"OFF RED"
3447||3|||"SKY"|"SUR"|"INTERIOR"|"OCCIDENTE"|"SURESTE"|"OAXACA"|"HUB HUAJUAPAN"|"HUB HUAJUAPAN"|"SAN JOSE TENANGO"||||"Sin RPT"||"OFF RED"
3451||3|||"TVI"|"NORTE"|"NORTE"|"NORESTE"|"NORESTE"|"NUEVO LEON"|"HUB MONTERREY"|"HUB MONTERREY"|"MINA"||||"Sin RPT"||"OFF NET"
3455||3|||"SKY"|"SUR"|"INTERIOR"|"OCCIDENTE"|"SURESTE"|"OAXACA"|"HUB PINOTEPA"|"HUB PINOTEPA"|"ZENZONTEPEC"||||"Sin RPT"||"OFF RED"
3459||3|||"SKY"|"SUR"|"INTERIOR"|"SURESTE"|"GOLFO"|"PUEBLA"|"HUB TECAMACHALCO"|"HUB TECAMACHALCO"|"PETLALCINGO"||||"Sin RPT"||"OFF RED"
3463||3|||"CABLECOM"|"SUR"|"INTERIOR"|"SURESTE"|"SURESTE"|"TABASCO"|"HUB MACUSPANA"|"HUB MACUSPANA"|"MACUSPANA"||||"Sin RPT"||"OFF NET"
3467||3|||"SKY"|"SUR"|"INTERIOR"|"OCCIDENTE"|"SURESTE"|"OAXACA"|"HUB HUATULCO"|"HUB HUATULCO"|"HUATULCO"||||"Sin RPT"||"OFF NET"
3471||3|||"SKY"|"SUR"|"INTERIOR"|"SURESTE"|"GOLFO"|"VERACRUZ"|"HUB XALAPA"|"HUB XALAPA"|"URSULO GALVAN"||||"Sin RPT"||"OFF NET"
3475||3|||"SKY"|"NORTE"|"INTERIOR"|"PACIFICO"|"CENTRO"|"ZACATECAS"|"HUB FRESNILLO"|"HUB FRESNILLO"|"CAÑITAS DE FELIPE PESCADOR"||||"Sin RPT"||"OFF NET"
3479||3|||"CABLECOM"|"SUR"|"INTERIOR"|"SURESTE"|"GOLFO"|"VERACRUZ"|"HUB SAN ANDRES TUXTLA"|"HUB SAN ANDRES TUXTLA"|"ACAYUCAN"||||"Sin RPT"||"OFF NET"
3483||3|||"TELECABLE"|"SUR"|"INTERIOR"|"OCCIDENTE"|"CENTRO"|"AGUASCALIENTES"|"HUB AGUASCALIENTES"|"HUB AGUASCALIENTES"|"AGUASCALIENTES"||||"Sin RPT"||"ON NET"
3487||3|||"CABLECOM"|"SUR"|"INTERIOR"|"SURESTE"|"SURESTE"|"CHIAPAS"|"HUB TUXTLA GUTIERREZ"|"HUB TUXTLA GUTIERREZ"|"TUXTLA GUTIERREZ"||||"Sin RPT"||"OFF NET"
3493||3|||"CABLECOM"|"SUR"|"INTERIOR"|"OCCIDENTE"|"OCCIDENTE"|"GUERRERO"|"HUB IGUALA"|"HUB IGUALA"|"TAXCO"||||"Sin RPT"||"OFF NET"
3497||3|||"SKY"|"SUR"|"INTERIOR"|"OCCIDENTE"|"OCCIDENTE"|"GUERRERO"|"HUB CHILAPA"|"HUB CHILAPA"|"TLAPA DE COMONFORT"||||"Sin RPT"||"OFF NET"
3501||3|||"CABLEMAS"|"METRO"|"METRO"|"METROPOLITANA"|"MXNORTE"|"MEXICO"|"HUB IXTLAHUACA"|"HUB IXTLAHUACA"|"MORELOS MEX"||||"Sin RPT"||"OFF RED"
3506||3|||"CABLEMAS"|"METRO"|"METRO"|"METROPOLITANA"|"MXNORTE"|"MEXICO"|"HUB TEMASCALAPA"|"HUB TEMASCALAPA"|"TEMASCALAPA"||||"Sin RPT"||"OFF NET"
3510||3|||"SKY"|"SUR"|"INTERIOR"|"OCCIDENTE"|"SURESTE"|"OAXACA"|"HUB OAXACA"|"HUB OAXACA"|"SANTA CRUZ MIXTEPEC"||||"Sin RPT"||"OFF NET"
3515||3|||"SKY"|"SUR"|"INTERIOR"|"OCCIDENTE"|"SURESTE"|"OAXACA"|"HUB JUXTLAHUACA"|"HUB JUXTLAHUACA"|"PERAS"||||"Sin RPT"||"OFF NET"
3519||3|||"SKY"|"NORTE"|"NORTE"|"NORESTE"|"NORESTE"|"COAHUILA"|"HUB SALTILLO"|"HUB SALTILLO"|"GENERAL CEPEDA"||||"Sin RPT"||"OFF RED"
3524||3|||"CABLEMAS"|"NORTE"|"NORTE"|"PACIFICO"|"PACIFICO"|"CHIHUAHUA"|"HUB CHIHUAHUA"|"HUB CHIHUAHUA"|"OJINAGA"||||"Sin RPT"||"OFF NET"
3528||3|||"TELECABLE"|"SUR"|"INTERIOR"|"OCCIDENTE"|"OCCIDENTE"|"JALISCO"|"HUB GUADALAJARA"|"HUB GUADALAJARA"|"IXTLAHUACAN DEL RIO"||||"Sin RPT"||"OFF RED"
3170||3|||"SKY"|"NORTE"|"NORTE"|"PACIFICO"|"PACIFICO"|"CHIHUAHUA"|"HUB GUACHOCHI"|"HUB GUACHOCHI"|"OCAMPO CHIH"||||"Sin RPT"||"OFF NET"
3174||3|||"TELECABLE"|"NORTE"|"INTERIOR"|"PACIFICO"|"CENTRO"|"NAYARIT"|"HUB TEPIC"|"HUB TEPIC"|"SANTIAGO IXCUINTLA"||||"Sin RPT"||"OFF NET"
3178||3|||"CABLEMAS"|"METRO"|"METRO"|"METROPOLITANA"|"MXNORTE"|"MEXICO"|"HUB ECATEPEC"|"HUB ECATEPEC"|"ECATEPEC"||||"Sin RPT"||"ON NET"
3184||3|||"SKY"|"SUR"|"INTERIOR"|"OCCIDENTE"|"SURESTE"|"OAXACA"|"HUB SALINA CRUZ"|"HUB SALINA CRUZ"|"SAN JUAN GUICHICOVI"||||"Sin RPT"||"OFF RED"
3188||3|||"SKY"|"SUR"|"INTERIOR"|"OCCIDENTE"|"SURESTE"|"OAXACA"|"HUB OAXACA"|"HUB OAXACA"|"SAN JOSE DEL PROGRESO"||||"Sin RPT"||"OFF RED"
3193||3|||"CABLEMAS"|"NORTE"|"INTERIOR"|"PACIFICO"|"CENTRO"|"ZACATECAS"|"HUB PINOS"|"HUB PINOS"|"PINOS"||||"Sin RPT"||"OFF RED"
3197||3|||"CABLEVISIÓN"|"METRO"|"METRO"|"METROPOLITANA"|"MXSUR"|"CIUDAD DE MEXICO"|"HUB TLALPAN"|"HUB TLALPAN"|"TLALPAN"||||"Sin RPT"||"ON NET"
3202||3|||"SKY"|"SUR"|"INTERIOR"|"SURESTE"|"SURESTE"|"CHIAPAS"|"HUB TAPACHULA"|"HUB TAPACHULA"|"UNION JUAREZ"||||"Sin RPT"||"OFF NET"
3206||3|||"CABLEMAS"|"NORTE"|"NORTE"|"PACIFICO"|"PACIFICO"|"CHIHUAHUA"|"HUB CUAUHTEMOC CHIH"|"HUB CUAUHTEMOC CHIH"|"NAMIQUIPA"||||"Sin RPT"||"OFF RED"
3210||3|||"SKY"|"NORTE"|"INTERIOR"|"NORESTE"|"CENTRO"|"GUANAJUATO"|"HUB CELAYA"|"HUB CELAYA"|"APASEO EL GRANDE"||||"Sin RPT"||"OFF NET"
3214||3|||"SKY"|"NORTE"|"INTERIOR"|"NORESTE"|"CENTRO"|"GUANAJUATO"|"HUB GUANAJUATO"|"HUB GUANAJUATO"|"DOLORES HIDALGO"||||"Sin RPT"||"OFF NET"
3218||3|||"CABLEMAS"|"NORTE"|"INTERIOR"|"NORESTE"|"CENTRO"|"GUANAJUATO"|"HUB IRAPUATO"|"HUB IRAPUATO"|"URIANGATO"||||"Sin RPT"||"ON NET"
3222||3|||"TVI"|"NORTE"|"NORTE"|"NORESTE"|"NORESTE"|"NUEVO LEON"|"HUB MONTERREY"|"HUB MONTERREY"|"PESQUERIA"||||"Sin RPT"||"ON NET"
3226||3|||"CABLEMAS"|"METRO"|"METRO"|"METROPOLITANA"|"MXSUR"|"MEXICO"|"HUB IXTAPALUCA"|"HUB IXTAPALUCA"|"IXTAPALUCA LOS REYES"||||"Sin RPT"||"ON NET"
3230||3|||"TVI"|"NORTE"|"NORTE"|"NORESTE"|"NORESTE"|"NUEVO LEON"|"HUB MONTERREY"|"HUB MONTERREY"|"GUADALUPE NL"||||"Sin RPT"||"ON NET"
3235||3|||"TELECABLE"|"SUR"|"INTERIOR"|"OCCIDENTE"|"OCCIDENTE"|"MICHOACAN"|"HUB URUAPAN"|"HUB URUAPAN"|"PERIBAN"||||"Sin RPT"||"OFF NET"
3239||3||||"SUR"|"INTERIOR"|"SURESTE"|"GOLFO"|"PUEBLA"|"HUB AMOZOC"|"HUB AMOZOC"|"CHALCHICOMULA"||||"Sin RPT"||"OFF NET"
3243||3|||"SKY"|"SUR"|"INTERIOR"|"OCCIDENTE"|"SURESTE"|"OAXACA"|"HUB HUATULCO"|"HUB HUATULCO"|"AMATLAN"||||"Sin RPT"||"OFF RED"
3247||3|||"CABLEMAS"|"SUR"|"INTERIOR"|"SURESTE"|"GOLFO"|"PUEBLA"|"HUB TEZIUTLAN"|"HUB TEZIUTLAN"|"TEZIUTLAN"||||"Sin RPT"||"ON NET"
3251||3|||"CABLECOM"|"SUR"|"INTERIOR"|"SURESTE"|"SURESTE"|"TABASCO"|"HUB CARDENAS"|"HUB CARDENAS"|"CUNDUACAN"||||"Sin RPT"||"OFF NET"
3255||3|||"SKY"|"SUR"|"INTERIOR"|"SURESTE"|"GOLFO"|"PUEBLA"|"HUB ATLIXCO"|"HUB ATLIXCO"|"ACTEOPAN"||||"Sin RPT"||"OFF NET"
3259||3|||"SKY"|"SUR"|"INTERIOR"|"SURESTE"|"GOLFO"|"VERACRUZ"|"HUB XALAPA"|"HUB XALAPA"|"PUENTE NACIONAL"||||"Sin RPT"||"OFF RED"
3264||3|||"SKY"|"SUR"|"INTERIOR"|"SURESTE"|"GOLFO"|"TLAXCALA"|"HUB CALPULALPAN"|"HUB CALPULALPAN"|"CALPULALPAN"||||"Sin RPT"||"OFF NET"
3268||3|||"TVI"|"NORTE"|"INTERIOR"|"NORESTE"|"GOLFO"|"TAMAULIPAS"|"HUB REYNOSA"|"HUB REYNOSA"|"REYNOSA"||||"Sin RPT"||"ON NET"
3273||3|||"CABLEMAS"|"SUR"|"INTERIOR"|"SURESTE"|"GOLFO"|"VERACRUZ"|"HUB VERACRUZ"|"HUB VERACRUZ"|"RAFAEL DELGADO"||||"Sin RPT"||"OFF NET"
3278||3|||"TELECABLE"|"SUR"|"INTERIOR"|"OCCIDENTE"|"OCCIDENTE"|"COLIMA"|"HUB COLIMA"|"HUB COLIMA"|"COLIMA"||||"Sin RPT"||"OFF NET"
3282||3|||"SKY"|"NORTE"|"NORTE"|"PACIFICO"|"PACIFICO"|"CHIHUAHUA"|"HUB GUACHOCHI"|"HUB GUACHOCHI"|"URIQUE"||||"Sin RPT"||"OFF RED"
3287||3|||"CABLEMAS"|"METRO"|"METRO"|"METROPOLITANA"|"MXNORTE"|"HIDALGO"|"HUB TULA"|"HUB TULA"|"TEZONTEPEC"||||"Sin RPT"||"OFF NET"
3655||5|||"CABLEVISIÓN"|"METRO"||"METROPOLITANA"||"CIUDAD DE MEXICO"|"HUB BENITO JUAREZ"|"HUB BENITO JUAREZ"|"BENITO JUAREZ CDMX"||||||"ON NET"
3659||5|||"CABLEMAS"|"NORTE"||"NORESTE"||"NUEVO LEON"|"HUB GENERAL TERAN"|"HUB GENERAL TERAN"|"GENERAL TERAN"||||||"OFF NET"
3663||5|||"CABLEVISIÓN"|"METRO"||"METROPOLITANA"||"CIUDAD DE MEXICO"|"HUB TLALPAN"|"HUB TLALPAN"|"TLALPAN"||||||"ON NET"
3046||3|||"TVI"|"NORTE"|"NORTE"|"NORESTE"|"NORESTE"|"NUEVO LEON"|"HUB MONTERREY"|"HUB MONTERREY"|"GENERAL ESCOBEDO"||||"Sin RPT"||"ON NET"
3050||3|||"CABLECOM"|"SUR"|"INTERIOR"|"OCCIDENTE"|"OCCIDENTE"|"JALISCO"|"HUB COLOTLAN"|"HUB COLOTLAN"|"BOLAÑOS"||||"Sin RPT"||"OFF NET"
3055||3|||"CABLEMAS"|"SUR"|"INTERIOR"|"SURESTE"|"GOLFO"|"VERACRUZ"|"HUB PANUCO"|"HUB PANUCO"|"TAMIAHUA"||||"Sin RPT"||"OFF RED"
3059||3|||"TELECABLE"|"SUR"|"INTERIOR"|"SURESTE"|"SURESTE"|"CHIAPAS"|"HUB TAPACHULA"|"HUB TAPACHULA"|"TUZANTLA"||||"Sin RPT"||"OFF RED"
3064||3|||"CABLEMAS"|"SUR"|"INTERIOR"|"OCCIDENTE"|"OCCIDENTE"|"MICHOACAN"|"HUB URUAPAN"|"HUB URUAPAN"|"URUAPAN"||||"Sin RPT"||"OFF NET"
3068||3|||"CABLECOM"|"SUR"|"INTERIOR"|"OCCIDENTE"|"OCCIDENTE"|"JALISCO"|"HUB TEPATITLAN"|"HUB TEPATITLAN"|"ATOTONILCO EL ALTO"||||"Sin RPT"||"OFF NET"
3323||3|||"SKY"|"SUR"|"INTERIOR"|"OCCIDENTE"|"SURESTE"|"OAXACA"|"HUB HUAJUAPAN"|"HUB HUAJUAPAN"|"TEPEUXILA"||||"Sin RPT"||"OFF RED"
3327||3|||"SKY"|"SUR"|"INTERIOR"|"OCCIDENTE"|"OCCIDENTE"|"MICHOACAN"|"HUB LAZARO CARDENAS"|"HUB LAZARO CARDENAS"|"TUMBISCATIO"||||"Sin RPT"||"OFF NET"
3332||3|||"SKY"|"METRO"|"METRO"|"METROPOLITANA"|"MXNORTE"|"MEXICO"|"HUB VILLA VICTORIA"|"HUB VILLA VICTORIA"|"LUVIANOS"||||"Sin RPT"||"OFF RED"
3336||3|||"SKY"|"SUR"|"INTERIOR"|"SURESTE"|"GOLFO"|"PUEBLA"|"HUB TEZIUTLAN"|"HUB TEZIUTLAN"|"CUETZALAN"||||"Sin RPT"||"OFF RED"
3340||3|||"SKY"|"NORTE"|"INTERIOR"|"NORESTE"|"GOLFO"|"SAN LUIS POTOSI"|"HUB RIOVERDE"|"HUB RIOVERDE"|"TAMASOPO"||||"Sin RPT"||"OFF NET"
3344||3|||"CABLECOM"|"NORTE"|"INTERIOR"|"NORESTE"|"GOLFO"|"SAN LUIS POTOSI"|"HUB RIOVERDE"|"HUB RIOVERDE"|"CARDENAS SLP"||||"Sin RPT"||"OFF NET"
3348||3|||"SKY"|"SUR"|"INTERIOR"|"SURESTE"|"GOLFO"|"TLAXCALA"|"HUB ATLTZAYANCA"|"HUB ATLTZAYANCA"|"ATLTZAYANCA"||||"Sin RPT"||"OFF RED"
3352||3|||"CABLEMAS"|"SUR"|"INTERIOR"|"SURESTE"|"GOLFO"|"VERACRUZ"|"HUB XALAPA"|"HUB XALAPA"|"MARTINEZ DE LA TORRE"||||"Sin RPT"||"OFF NET"
3356||3|||"CABLEMAS"|"SUR"|"INTERIOR"|"SURESTE"|"GOLFO"|"VERACRUZ"|"HUB XALAPA"|"HUB XALAPA"|"JUCHIQUE"||||"Sin RPT"||"OFF RED"
3360||3|||"SKY"|"NORTE"|"INTERIOR"|"PACIFICO"|"CENTRO"|"ZACATECAS"|"HUB MAZAPIL"|"HUB MAZAPIL"|"MAZAPIL"||||"Sin RPT"||"OFF NET"
3364||3|||"SKY"|"SUR"|"INTERIOR"|"SURESTE"|"SURESTE"|"CHIAPAS"|"HUB OCOSINGO"|"HUB OCOSINGO"|"LAS MARGARITAS"||||"Sin RPT"||"OFF RED"
3368||3|||"TELECABLE"|"NORTE"|"INTERIOR"|"PACIFICO"|"CENTRO"|"NAYARIT"|"HUB TEPIC"|"HUB TEPIC"|"RUIZ"||||"Sin RPT"||"OFF NET"
3373||3|||"TELECABLE"|"SUR"|"INTERIOR"|"OCCIDENTE"|"OCCIDENTE"|"JALISCO"|"HUB PUERTO VALLARTA"|"HUB PUERTO VALLARTA"|"PUERTO VALLARTA"||||"Sin RPT"||"ON NET"
3377||3||||"METRO"|"METRO"|"METROPOLITANA"|"MXNORTE"|"MEXICO"|"HUB VILLA VICTORIA"|"HUB VILLA VICTORIA"|"COATEPEC HARINAS"||||"Sin RPT"||"OFF RED"
3383||3||||"SUR"|"INTERIOR"|"SURESTE"|"SURESTE"|"QUINTANA ROO"|"HUB CARRILLO PUERTO"|"HUB CARRILLO PUERTO"|"CARRILLO PUERTO"||||"Sin RPT"||"OFF RED"
3387||3|||"CABLECOM"|"NORTE"|"NORTE"|"PACIFICO"|"PACIFICO"|"SONORA"|"HUB HERMOSILLO"|"HUB HERMOSILLO"|"HERMOSILLO"||||"Sin RPT"||"OFF NET"
3392||3|||"CABLEVISIÓN"|"METRO"|"METRO"|"METROPOLITANA"|"MXNORTE"|"CIUDAD DE MEXICO"|"HUB BENITO JUAREZ"|"HUB BENITO JUAREZ"|"BENITO JUAREZ CDMX"||||"Sin RPT"||"ON NET"
3396||3|||"TVI"|"NORTE"|"NORTE"|"NORESTE"|"NORESTE"|"NUEVO LEON"|"HUB MONTERREY"|"HUB MONTERREY"|"CADEREYTA"||||"Sin RPT"||"ON NET"
3400||3|||"SKY"|"SUR"|"INTERIOR"|"OCCIDENTE"|"SURESTE"|"OAXACA"|"HUB HUAJUAPAN"|"HUB HUAJUAPAN"|"ASUNCION NOCHIXTLAN"||||"Sin RPT"||"OFF NET"
3404||3|||"CABLEMAS"|"SUR"|"INTERIOR"|"OCCIDENTE"|"CENTRO"|"AGUASCALIENTES"|"HUB CALVILLO"|"HUB CALVILLO"|"CALVILLO"||||"Sin RPT"||"OFF NET"
3409||3|||"CABLECOM"|"NORTE"|"NORTE"|"NORESTE"|"NORESTE"|"COAHUILA"|"HUB PIEDRAS NEGRAS"|"HUB PIEDRAS NEGRAS"|"NAVA"||||"Sin RPT"||"OFF NET"
3413||3|||"SKY"|"SUR"|"INTERIOR"|"OCCIDENTE"|"OCCIDENTE"|"COLIMA"|"HUB TECOMAN"|"HUB TECOMAN"|"IXTLAHUACAN"||||"Sin RPT"||"OFF NET"
3418||3|||"SKY"|"SUR"|"INTERIOR"|"SURESTE"|"SURESTE"|"CHIAPAS"|"HUB TUXTLA GUTIERREZ"|"HUB TUXTLA GUTIERREZ"|"CINTALAPA"||||"Sin RPT"||"OFF NET"
3422||3|||"TELECABLE"|"SUR"|"INTERIOR"|"OCCIDENTE"|"OCCIDENTE"|"GUERRERO"|"HUB IGUALA"|"HUB IGUALA"|"HUITZUCO"||||"Sin RPT"||"OFF NET"
3426||3|||"SKY"|"METRO"|"METRO"|"METROPOLITANA"|"MXNORTE"|"HIDALGO"|"HUB TULANCINGO"|"HUB TULANCINGO"|"ALMOLOYA"||||"Sin RPT"||"OFF NET"
3431||3|||"CABLEMAS"|"SUR"|"INTERIOR"|"OCCIDENTE"|"OCCIDENTE"|"JALISCO"|"HUB TEPATITLAN"|"HUB TEPATITLAN"|"OCOTLAN"||||"Sin RPT"||"ON NET"
3435||3|||"TELECABLE"|"SUR"|"INTERIOR"|"OCCIDENTE"|"OCCIDENTE"|"JALISCO"|"HUB COLOTLAN"|"HUB COLOTLAN"|"HUEJUQUILLA"||||"Sin RPT"||"OFF NET"
3440||3||||"METRO"|"METRO"|"METROPOLITANA"|"MXNORTE"|"MEXICO"|"HUB IXTLAHUACA"|"HUB IXTLAHUACA"|"ACULCO"||||"Sin RPT"||"OFF RED"
3444||3|||"SKY"|"SUR"|"INTERIOR"|"OCCIDENTE"|"OCCIDENTE"|"MICHOACAN"|"HUB TACAMBARO"|"HUB TACAMBARO"|"TURICATO"||||"Sin RPT"||"OFF RED"
3822||5|||"CABLECOM"|"SUR"||"SURESTE"||"PUEBLA"|"HUB ATLIXCO"|"HUB ATLIXCO"|"CUATLANCINGO"||||||"OFF NET"
3826||5|||"SKY"|"NORTE"||"PACIFICO"||"SONORA"|"HUB NAVOJOA"|"HUB NAVOJOA"|"SON BENITO JUAREZ"||||||"OFF NET"
2486||3|"1"|"759"|"SKY"|"NORTE"|"INTERIOR"|"PACIFICO"|"CENTRO"|"Sinaloa"|"HUB CULIACAN"|"NO IDENTIFICADA"|"BADIRAGUATO"|"N"||"ND"|"OFFNET"|"SIN PLAZA WR"|"OFF NET"
2805||3|"1"|"759"|"SKY"|"SUR"|"INTERIOR"|"OCCIDENTE"|"OCCIDENTE"|"Michoacán de Ocampo"|"HUB TACAMBARO"|"NO IDENTIFICADA"|"TACAMBARO"|"N"||"ND"|"OFFNET"|"SIN PLAZA WR"|"OFF NET"
2494||3|"1"|"759"|"SKY"|"NORTE"|"INTERIOR"|"PACIFICO"|"CENTRO"|"Durango"|"HUB SANTIAGO PAPASQUIARO"|"NO IDENTIFICADA"|"EL ORO"|"N"||"ND"|"OFFNET"|"SIN PLAZA WR"|"OFF NET"
955|"3329E511658E97B8F49235DE60D3B5E847A5DB33"|16|"OX"|"045"|"CABLEMAS"|"SUR"|"METROSUR"|"OCCIDENTE"|"SURESTE"|"OAXACA"|"OAXACA"|"OAXACA"|"OAXACA"|"Y"|"Y"|"IZZI"|"OAXACA"|"OAXACA"|"NO IDENTIFICADA"
2502||3|"1"|"759"|"SKY"|"SUR"|"INTERIOR"|"SURESTE"|"SURESTE"|"Chiapas"|"HUB TAPACHULA"|"NO IDENTIFICADA"|"HUIXTLA"|"N"||"ND"|"OFFNET"|"SIN PLAZA WR"|"OFF NET"
2506||3|"1"|"759"|"SKY"|"NORTE"|"NORTE"|"PACIFICO"|"PACIFICO"|"Chihuahua"|"HUB PARRAL"|"NO IDENTIFICADA"|"CHIH JIMENEZ"|"N"||"ND"|"OFFNET"|"SIN PLAZA WR"|"OFF NET"
2510||3|"1"|"759"|"SKY"|"NORTE"|"NORTE"|"PACIFICO"|"PACIFICO"|"Sonora"|"HUB CUMPAS"|"NO IDENTIFICADA"|"LA COLORADA"|"N"||"ND"|"OFFNET"|"SIN PLAZA WR"|"OFF NET"
2514||3|"1"|"759"|"SKY"|"METRO"|"METRO"|"METROPOLITANA"|"MXNORTE"|"Hidalgo"|"HUB IXMIQUILPAN"|"NO IDENTIFICADA"|"CARDONAL"|"N"||"ND"|"OFFNET"|"SIN PLAZA WR"|"OFF RED"
2299||3|"1"|"759"|"SKY"|"SUR"|"INTERIOR"|"OCCIDENTE"|"SURESTE"|"Oaxaca"|"HUB HUATULCO"|"NO IDENTIFICADA"|"MIHUATLAN"|"N"||"ND"|"OFFNET"|"SIN PLAZA WR"|"OFF RED"
2522||3|"1"|"759"|"SKY"|"SUR"|"INTERIOR"|"SURESTE"|"GOLFO"|"Veracruz de Ignacio de la Llave"|"HUB POZA RICA"|"NO IDENTIFICADA"|"CAZONES DE HERRERA"|"N"||"ND"|"OFFNET"|"SIN PLAZA WR"|"OFF RED"
2201||3|"1"|"759"|"SKY"|"SUR"|"INTERIOR"|"OCCIDENTE"|"SURESTE"|"Oaxaca"|"HUB OAXACA"|"NO IDENTIFICADA"|"SAN PEDRO IXTLAHUACA"|"N"||"ND"|"OFFNET"|"SIN PLAZA WR"|"OFF RED"
2530||3|"1"|"759"|"SKY"|"SUR"|"INTERIOR"|"SURESTE"|"GOLFO"|"Puebla"|"HUB IZUCAR DE MATAMOROS"|"NO IDENTIFICADA"|"TEHUITZINGO"|"N"||"ND"|"OFFNET"|"SIN PLAZA WR"|"OFF RED"
2534||3|"1"|"759"|"SKY"|"SUR"|"INTERIOR"|"SURESTE"|"GOLFO"|"Puebla"|"HUB IZUCAR DE MATAMOROS"|"NO IDENTIFICADA"|"GUADALUPE PUE"|"N"||"ND"|"OFFNET"|"SIN PLAZA WR"|"OFF NET"
2538||3|"1"|"759"|"SKY"|"SUR"|"INTERIOR"|"SURESTE"|"SURESTE"|"Chiapas"|"HUB REFORMA"|"NO IDENTIFICADA"|"TAPALAPA"|"N"||"ND"|"OFFNET"|"SIN PLAZA WR"|"OFF NET"
2542||3|"1"|"759"|"SKY"|"SUR"|"INTERIOR"|"SURESTE"|"SURESTE"|"Chiapas"|"HUB TUXTLA GUTIERREZ"|"NO IDENTIFICADA"|"CINTALAPA"|"N"||"ND"|"OFFNET"|"SIN PLAZA WR"|"OFF NET"
2703||3|"1"|"759"|"SKY"|"SUR"|"INTERIOR"|"OCCIDENTE"|"SURESTE"|"Oaxaca"|"HUB OAXACA"|"NO IDENTIFICADA"|"SANTIAGO TILANTONGO"|"N"||"ND"|"OFFNET"|"SIN PLAZA WR"|"OFF RED"
2550||3|"1"|"759"|"SKY"|"NORTE"|"INTERIOR"|"NORESTE"|"CENTRO"|"Querétaro"|"HUB JALPA DE SERRA"|"NO IDENTIFICADA"|"JALPAN DE SERRA"|"N"||"ND"|"OFFNET"|"SIN PLAZA WR"|"OFF NET"
2724||3|"1"|"759"|"SKY"|"SUR"|"INTERIOR"|"OCCIDENTE"|"SURESTE"|"Oaxaca"|"HUB HUATULCO"|"NO IDENTIFICADA"|"COATLAN"|"N"||"ND"|"OFFNET"|"SIN PLAZA WR"|"OFF NET"
2558||3|"1"|"759"|"SKY"|"SUR"|"INTERIOR"|"SURESTE"|"SURESTE"|"Yucatán"|"HUB UMAN"|"NO IDENTIFICADA"|"ABALA"|"N"||"ND"|"OFFNET"|"SIN PLAZA WR"|"OFF RED"
2562||3|"1"|"759"|"SKY"|"NORTE"|"NORTE"|"NORESTE"|"NORESTE"|"Nuevo León"|"HUB GENERAL TERAN"|"NO IDENTIFICADA"|"LOS RAMONES"|"N"||"ND"|"OFFNET"|"SIN PLAZA WR"|"OFF NET"
2566||3|"1"|"759"|"SKY"|"METRO"|"METRO"|"METROPOLITANA"|"MXNORTE"|"México"|"HUB TEMASCALAPA"|"NO IDENTIFICADA"|"TEMASCALAPA"|"N"||"ND"|"OFFNET"|"SIN PLAZA WR"|"OFF NET"
2374||3|"1"|"759"|"SKY"|"SUR"|"INTERIOR"|"OCCIDENTE"|"SURESTE"|"Oaxaca"|"HUB HUATULCO"|"NO IDENTIFICADA"|"AMATLAN"|"N"||"ND"|"OFFNET"|"SIN PLAZA WR"|"OFF RED"
2574||3|"1"|"759"|"SKY"|"NORTE"|"INTERIOR"|"NORESTE"|"GOLFO"|"San Luis Potosí"|"HUB SAN LUIS POTOSI"|"NO IDENTIFICADA"|"VILLA DE REYES"|"N"||"ND"|"OFFNET"|"SIN PLAZA WR"|"OFF RED"
2578||3|"1"|"759"|"SKY"|"SUR"|"INTERIOR"|"SURESTE"|"GOLFO"|"Tlaxcala"|"HUB YAHUQUEMEHCAN"|"NO IDENTIFICADA"|"ATLANGATEPEC"|"N"||"ND"|"OFFNET"|"SIN PLAZA WR"|"OFF NET"
2582||3|"1"|"759"|"SKY"|"NORTE"|"NORTE"|"PACIFICO"|"PACIFICO"|"Chihuahua"|"HUB GUACHOCHI"|"NO IDENTIFICADA"|"URIQUE"|"N"||"ND"|"OFFNET"|"SIN PLAZA WR"|"OFF RED"
2382||3|"1"|"759"|"SKY"|"SUR"|"INTERIOR"|"OCCIDENTE"|"SURESTE"|"Oaxaca"|"HUB JUXTLAHUACA"|"NO IDENTIFICADA"|"SAN PEDRO Y SAN PABLO TEPOSCOLULA"|"N"||"ND"|"OFFNET"|"SIN PLAZA WR"|"OFF NET"
2590||3|"1"|"759"|"SKY"|"NORTE"|"NORTE"|"PACIFICO"|"PACIFICO"|"Chihuahua"|"HUB GUACHOCHI"|"NO IDENTIFICADA"|"GUACHOCHI"|"N"||"ND"|"OFFNET"|"SIN PLAZA WR"|"OFF RED"
2594||3|"1"|"759"|"SKY"|"SUR"|"INTERIOR"|"SURESTE"|"GOLFO"|"Puebla"|"HUB TECAMACHALCO"|"NO IDENTIFICADA"|"TLACOTEPEC"|"N"||"ND"|"OFFNET"|"SIN PLAZA WR"|"OFF RED"
2598||3|"1"|"759"|"SKY"|"SUR"|"INTERIOR"|"SURESTE"|"SURESTE"|"Quintana Roo"|"HUB CANCUN"|"NO IDENTIFICADA"|"PUERTO MORELOS"|"N"||"ND"|"OFFNET"|"SIN PLAZA WR"|"OFF NET"
2418||3|"1"|"759"|"SKY"|"SUR"|"INTERIOR"|"OCCIDENTE"|"SURESTE"|"Oaxaca"|"HUB HUAJUAPAN"|"NO IDENTIFICADA"|"CUICATLAN"|"N"||"ND"|"OFFNET"|"SIN PLAZA WR"|"OFF NET"
2606||3|"1"|"759"|"SKY"|"METRO"|"METRO"|"METROPOLITANA"|"MXSUR"|"Ciudad de México"|"HUB CUAUHTEMOC"|"NO IDENTIFICADA"|"CUAUHTEMOC CDMX"|"N"||"ND"|"OFFNET"|"SIN PLAZA WR"|"ON NET"
2459||3|"1"|"759"|"SKY"|"SUR"|"INTERIOR"|"OCCIDENTE"|"SURESTE"|"Oaxaca"|"HUB PINOTEPA"|"NO IDENTIFICADA"|"ATALAHUCA"|"N"||"ND"|"OFFNET"|"SIN PLAZA WR"|"OFF NET"
2614||3|"1"|"759"|"SKY"|"NORTE"|"INTERIOR"|"PACIFICO"|"CENTRO"|"Durango"|"HUB SANTIAGO PAPASQUIARO"|"NO IDENTIFICADA"|"SANTIAGO PAPASQUIARO"|"N"||"ND"|"OFFNET"|"SIN PLAZA WR"|"OFF NET"
2618||3|"1"|"759"|"SKY"|"NORTE"|"NORTE"|"NORESTE"|"NORESTE"|"Coahuila de Zaragoza"|"HUB PIEDRAS NEGRAS"|"NO IDENTIFICADA"|"ACUÑA"|"N"||"ND"|"OFFNET"|"SIN PLAZA WR"|"OFF NET"
2622||3|"1"|"759"|"SKY"|"NORTE"|"INTERIOR"|"NORESTE"|"GOLFO"|"San Luis Potosí"|"HUB RIOVERDE"|"NO IDENTIFICADA"|"CIUDAD DEL MAIZ"|"N"||"ND"|"OFFNET"|"SIN PLAZA WR"|"OFF NET"
2626||3|"1"|"759"|"SKY"|"SUR"|"INTERIOR"|"SURESTE"|"GOLFO"|"Tlaxcala"|"HUB SAN PABLO DEL MONTE"|"NO IDENTIFICADA"|"SANTA APOLONIA"|"N"||"ND"|"OFFNET"|"SIN PLAZA WR"|"OFF NET"
2466||3|"1"|"759"|"SKY"|"SUR"|"INTERIOR"|"OCCIDENTE"|"SURESTE"|"Oaxaca"|"HUB PINOTEPA"|"NO IDENTIFICADA"|"PINOTEPA"|"N"||"ND"|"OFFNET"|"SIN PLAZA WR"|"OFF NET"
2634||3|"1"|"759"|"SKY"|"SUR"|"INTERIOR"|"SURESTE"|"SURESTE"|"Chiapas"|"HUB TUXTLA GUTIERREZ"|"NO IDENTIFICADA"|"PIJIJIAPAN"|"N"||"ND"|"OFFNET"|"SIN PLAZA WR"|"OFF RED"
2472||3|"1"|"759"|"SKY"|"SUR"|"INTERIOR"|"OCCIDENTE"|"SURESTE"|"Oaxaca"|"HUB JUXTLAHUACA"|"NO IDENTIFICADA"|"JUXTLAHUACA"|"N"||"ND"|"OFFNET"|"SIN PLAZA WR"|"OFF RED"
2642||3|"1"|"759"|"SKY"|"NORTE"|"INTERIOR"|"NORESTE"|"CENTRO"|"Querétaro"|"HUB JALPA DE SERRA"|"NO IDENTIFICADA"|"LANDA DE MATAMOROS"|"N"||"ND"|"OFFNET"|"SIN PLAZA WR"|"OFF RED"
2476||3|"1"|"759"|"SKY"|"SUR"|"INTERIOR"|"OCCIDENTE"|"SURESTE"|"Oaxaca"|"HUB HUAJUAPAN"|"NO IDENTIFICADA"|"SAN MIGUEL CHICAHUA"|"N"||"ND"|"OFFNET"|"SIN PLAZA WR"|"OFF RED"
2650||3|"1"|"759"|"SKY"|"METRO"|"METRO"|"METROPOLITANA"|"MXNORTE"|"México"|"HUB IXTLAHUACA"|"NO IDENTIFICADA"|"ACULCO"|"N"||"ND"|"OFFNET"|"SIN PLAZA WR"|"OFF RED"
2654||3|"1"|"759"|"SKY"|"SUR"|"INTERIOR"|"SURESTE"|"GOLFO"|"Puebla"|"HUB ZACATLAN"|"NO IDENTIFICADA"|"HUTIZILAN"|"N"||"ND"|"OFFNET"|"SIN PLAZA WR"|"OFF RED"
2658||3|"1"|"759"|"SKY"|"NORTE"|"NORTE"|"PACIFICO"|"PACIFICO"|"Sonora"|"HUB CAJEME"|"NO IDENTIFICADA"|"CAJEME"|"N"||"ND"|"OFFNET"|"SIN PLAZA WR"|"OFF NET"
2662||3|"1"|"759"|"SKY"|"NORTE"|"NORTE"|"PACIFICO"|"PACIFICO"|"Chihuahua"|"HUB JUAREZ"|"NO IDENTIFICADA"|"AHUMADA"|"N"||"ND"|"OFFNET"|"SIN PLAZA WR"|"OFF NET"
2544||3|"1"|"759"|"SKY"|"SUR"|"INTERIOR"|"OCCIDENTE"|"SURESTE"|"Oaxaca"|"HUB PINOTEPA"|"NO IDENTIFICADA"|"CACAHUATEPEC"|"N"||"ND"|"OFFNET"|"SIN PLAZA WR"|"OFF NET"
2546||3|"1"|"759"|"SKY"|"SUR"|"INTERIOR"|"OCCIDENTE"|"SURESTE"|"Oaxaca"|"HUB OAXACA"|"NO IDENTIFICADA"|"VILLA DE ZAACHILA"|"N"||"ND"|"OFFNET"|"SIN PLAZA WR"|"ON NET"
2551||3|"1"|"759"|"SKY"|"SUR"|"INTERIOR"|"OCCIDENTE"|"SURESTE"|"Oaxaca"|"HUB JUXTLAHUACA"|"NO IDENTIFICADA"|"ZAHUATLAN"|"N"||"ND"|"OFFNET"|"SIN PLAZA WR"|"OFF NET"
2790||3|"1"|"759"|"SKY"|"SUR"|"INTERIOR"|"SURESTE"|"GOLFO"|"Puebla"|"HUB PUEBLA"|"NO IDENTIFICADA"|"CORONANGO"|"N"||"ND"|"OFFNET"|"SIN PLAZA WR"|"OFF NET"
2794||3|"1"|"759"|"SKY"|"SUR"|"INTERIOR"|"SURESTE"|"SURESTE"|"Yucatán"|"HUB MERIDA"|"NO IDENTIFICADA"|"CONKAL"|"N"||"ND"|"OFFNET"|"SIN PLAZA WR"|"OFF NET"
2798||3|"1"|"759"|"SKY"|"SUR"|"INTERIOR"|"SURESTE"|"SURESTE"|"Yucatán"|"HUB IZAMAL"|"NO IDENTIFICADA"|"DZILAM DE BRAVO"|"N"||"ND"|"OFFNET"|"SIN PLAZA WR"|"OFF NET"
2563||3|"1"|"759"|"SKY"|"SUR"|"INTERIOR"|"OCCIDENTE"|"SURESTE"|"Oaxaca"|"HUB HUATULCO"|"NO IDENTIFICADA"|"SAN CARLOS YAUTEPEC"|"N"||"ND"|"OFFNET"|"SIN PLAZA WR"|"OFF RED"
2570||3|"1"|"759"|"SKY"|"SUR"|"INTERIOR"|"OCCIDENTE"|"SURESTE"|"Oaxaca"|"HUB HUATULCO"|"NO IDENTIFICADA"|"HUAMELULA"|"N"||"ND"|"OFFNET"|"SIN PLAZA WR"|"OFF RED"
2810||3|"1"|"759"|"SKY"|"NORTE"|"INTERIOR"|"NORESTE"|"GOLFO"|"San Luis Potosí"|"HUB VALLES"|"NO IDENTIFICADA"|"AQUISMON"|"N"||"ND"|"OFFNET"|"SIN PLAZA WR"|"OFF RED"
2814||3|"1"|"759"|"SKY"|"NORTE"|"NORTE"|"PACIFICO"|"PACIFICO"|"Baja California Sur"|"HUB COMONDU"|"NO IDENTIFICADA"|"COMONDU"|"N"||"ND"|"OFFNET"|"SIN PLAZA WR"|"OFF NET"
2818||3|"1"|"759"|"SKY"|"NORTE"|"NORTE"|"PACIFICO"|"PACIFICO"|"Chihuahua"|"HUB GUACHOCHI"|"NO IDENTIFICADA"|"OCAMPO CHIH"|"N"||"ND"|"OFFNET"|"SIN PLAZA WR"|"OFF NET"
2638||3|"1"|"759"|"SKY"|"SUR"|"INTERIOR"|"OCCIDENTE"|"SURESTE"|"Oaxaca"|"HUB PINOTEPA"|"NO IDENTIFICADA"|"ZENZONTEPEC"|"N"||"ND"|"OFFNET"|"SIN PLAZA WR"|"OFF RED"
710|"7DCF2DDC7880AA6DE04EEDD0373DD2E77A050DD4"|5|"SMA"|"448"|"TELECABLE"|"SUR"|"NORTE"|"OCCIDENTE"|"CENTRO"|"JALISCO"|"PMC TEPATITLAN"|"SAN MIGUEL EL ALTO"|"SAN MIGUEL EL ALTO"||"Y"|"WIZZ"||"TEPATITLAN"|"NO IDENTIFICADA"
714|"D13F50A190DA63E60D24B0F4D114D4C0465B0C23"|5|"ELS"|"442"|"TELECABLE"|"SUR"|"NORTE"|"OCCIDENTE"|"OCCIDENTE"|"JALISCO"|"GUADALAJARA"|"EL SALTO"|"EL SALTO"||"Y"|"IZZI"||"TEPATITLAN"|"NO IDENTIFICADA"
931|"167A421A004BED94D4498CC2E1BB900B8C17F610"|16|"CJ"|"060"|"CABLEMAS"|"NORTE"|"NORTE"|"PACIFICO"|"PACIFICO"|"CHIHUAHUA"|"CD. JUAREZ"|"CD. JUAREZ"|"CD. JUAREZ"|"Y"|"Y"|"IZZI"|"CD. JUAREZ"|"CD. JUAREZ"|"NO IDENTIFICADA"
2747||3|"1"|"759"|"SKY"|"SUR"|"INTERIOR"|"SURESTE"|"SURESTE"|"Chiapas"|"HUB TAPACHULA"|"NO IDENTIFICADA"|"FRONTERA HIDALGO"|"N"||"ND"|"OFFNET"|"SIN PLAZA WR"|"OFF RED"
2751||3|"1"|"759"|"SKY"|"SUR"|"INTERIOR"|"SURESTE"|"GOLFO"|"Puebla"|"HUB TECAMACHALCO"|"NO IDENTIFICADA"|"TEPEXI"|"N"||"ND"|"OFFNET"|"SIN PLAZA WR"|"OFF RED"
2755||3|"1"|"759"|"SKY"|"NORTE"|"INTERIOR"|"NORESTE"|"GOLFO"|"Tamaulipas"|"HUB REYNOSA"|"NO IDENTIFICADA"|"MIGUEL ALEMAN"|"N"||"ND"|"OFFNET"|"SIN PLAZA WR"|"OFF NET"
2759||3|"1"|"759"|"SKY"|"METRO"|"METRO"|"METROPOLITANA"|"MXSUR"|"Ciudad de México"|"HUB IZTACALCO"|"NO IDENTIFICADA"|"IZTACALCO"|"N"||"ND"|"OFFNET"|"SIN PLAZA WR"|"ON NET"
2763||3|"1"|"759"|"SKY"|"NORTE"|"INTERIOR"|"PACIFICO"|"CENTRO"|"Durango"|"HUB DURANGO"|"NO IDENTIFICADA"|"CONETO DE COMONFORT"|"N"||"ND"|"OFFNET"|"SIN PLAZA WR"|"OFF NET"
2767||3|"1"|"759"|"SKY"|"NORTE"|"NORTE"|"NORESTE"|"NORESTE"|"Coahuila de Zaragoza"|"HUB MORELOS"|"NO IDENTIFICADA"|"VILLA UNION"|"N"||"ND"|"OFFNET"|"SIN PLAZA WR"|"OFF NET"
2771||3|"1"|"759"|"SKY"|"SUR"|"INTERIOR"|"SURESTE"|"GOLFO"|"Tlaxcala"|"HUB CALPULALPAN"|"NO IDENTIFICADA"|"HUEYOTLIPAN"|"N"||"ND"|"OFFNET"|"SIN PLAZA WR"|"OFF NET"
2775||3|"1"|"759"|"SKY"|"SUR"|"INTERIOR"|"SURESTE"|"SURESTE"|"Chiapas"|"HUB REFORMA"|"NO IDENTIFICADA"|"SAN FERNANDO CHIS"|"N"||"ND"|"OFFNET"|"SIN PLAZA WR"|"OFF RED"
2779||3|"1"|"759"|"SKY"|"NORTE"|"NORTE"|"PACIFICO"|"PACIFICO"|"Chihuahua"|"HUB CUAUHTEMOC CHIH"|"NO IDENTIFICADA"|"CUAUHTEMOC CHIH"|"N"||"ND"|"OFFNET"|"SIN PLAZA WR"|"ON NET"
2336||3|"1"|"759"|"SKY"|"SUR"|"INTERIOR"|"SURESTE"|"SURESTE"|"Chiapas"|"HUB TAPACHULA"|"NO IDENTIFICADA"|"ESCUINTLA"|"N"||"ND"|"OFFNET"|"SIN PLAZA WR"|"OFF RED"
2340||3|"1"|"759"|"SKY"|"NORTE"|"NORTE"|"PACIFICO"|"PACIFICO"|"Sonora"|"HUB CAJEME"|"NO IDENTIFICADA"|"ROSARIO"|"N"||"ND"|"OFFNET"|"SIN PLAZA WR"|"OFF NET"
1069|"8745F57C2CCEFD5EA6C52F0DA82EE78B684DF07D"|16|"MOR"|"451"|"TELECABLE"|"SUR"|"NORTE"|"OCCIDENTE"|"CENTRO"|"MICHOACAN"|"PMC MOROLEON"|"SANTA ANA MAYA"|"SANTA ANA MAYA"||"Y"|"WIZZ"|"SANTA ANA MAYA"|"MOROLEON"|"NO IDENTIFICADA"
2348||3|"1"|"759"|"SKY"|"SUR"|"INTERIOR"|"SURESTE"|"GOLFO"|"Puebla"|"HUB TEHUACAN"|"NO IDENTIFICADA"|"SAN JOSE MIAHUTLAN"|"N"||"ND"|"OFFNET"|"SIN PLAZA WR"|"OFF RED"
2352||3|"1"|"759"|"SKY"|"SUR"|"INTERIOR"|"SURESTE"|"GOLFO"|"Puebla"|"HUB TEZIUTLAN"|"NO IDENTIFICADA"|"HUEYAPAN"|"N"||"ND"|"OFFNET"|"SIN PLAZA WR"|"OFF NET"
2356||3|"1"|"759"|"SKY"|"NORTE"|"NORTE"|"NORESTE"|"NORESTE"|"Coahuila de Zaragoza"|"HUB SALTILLO"|"NO IDENTIFICADA"|"GENERAL CEPEDA"|"N"||"ND"|"OFFNET"|"SIN PLAZA WR"|"OFF RED"
2360||3|"1"|"759"|"SKY"|"SUR"|"INTERIOR"|"SURESTE"|"GOLFO"|"Puebla"|"HUB AMOZOC"|"NO IDENTIFICADA"|"CHICHIQUILA"|"N"||"ND"|"OFFNET"|"SIN PLAZA WR"|"OFF RED"
2364||3|"1"|"759"|"SKY"|"NORTE"|"NORTE"|"NORESTE"|"NORESTE"|"Coahuila de Zaragoza"|"HUB SAN BUENAVENTURA"|"NO IDENTIFICADA"|"OCAMPO COAH"|"N"||"ND"|"OFFNET"|"SIN PLAZA WR"|"OFF NET"
156|"F44F6EF6C72046FC9F36CBF380B2E18EBE73DFCB"|6|"CC32"|"0"|"CABLECOM"|"SUR"|"NORTE"|"OCCIDENTE"|"OCCIDENTE"|"MICHOACAN"|"PMO LOS REYES HIGUERITA"|"ZACAPU"|"ZACAPU"||"Y"|||"TEOCALTICHE"|"NO IDENTIFICADA"
790|"F96D1D60737C2130013A66998D756D18C0280E22"|5|"MOR"|"451"|"TELECABLE"|"SUR"|"NORTE"|"OCCIDENTE"|"CENTRO"|"MICHOACAN"|"PMC MOROLEON"|"SANTA ANA MAYA"|"SANTA ANA MAYA"||"Y"|"WIZZ"||"MOROLEON"|"NO IDENTIFICADA"
2376||3|"1"|"759"|"SKY"|"SUR"|"INTERIOR"|"SURESTE"|"GOLFO"|"Veracruz de Ignacio de la Llave"|"HUB XALAPA"|"NO IDENTIFICADA"|"PUENTE NACIONAL"|"N"||"ND"|"OFFNET"|"SIN PLAZA WR"|"OFF RED"
3830||5|||"SKY"|"SUR"||"SURESTE"||"VERACRUZ"|"HUB XALAPA"|"HUB XALAPA"|"PUENTE NACIONAL"||||||"OFF RED"
3834||5|||"SKY"|"SUR"||"SURESTE"||"VERACRUZ"|"HUB XALAPA"|"HUB XALAPA"|"ATZALAN"||||||"OFF RED"
3838||5|||"SKY"|"SUR"||"SURESTE"||"YUCATAN"|"HUB UMAN"|"HUB UMAN"|"TETIZ"||||||"OFF RED"
3842||5|||"SKY"|"SUR"||"SURESTE"||"VERACRUZ"|"HUB TIERRA BLANCA"|"HUB TIERRA BLANCA"|"TLALIXCOYAN"||||||"OFF NET"
3846||5|||"CABLEMAS"|"SUR"||"SURESTE"||"VERACRUZ"|"HUB POZA RICA"|"HUB POZA RICA"|"TUXPAN VER"||||||"ON NET"
3850||5|||"CABLEMAS"|"SUR"||"SURESTE"||"VERACRUZ"|"HUB VERACRUZ"|"HUB VERACRUZ"|"ACULTZINGO"||||||"OFF NET"
3854||5|||"CABLEMAS"|"NORTE"||"PACIFICO"||"BAJA CALIFORNIA"|"HUB TIJUANA"|"HUB TIJUANA"|"TIJUANA"||||||"ON NET"
3858||5|||"CABLEMAS"|"NORTE"||"NORESTE"||"GUANAJUATO"|"HUB CELAYA"|"HUB CELAYA"|"SALVATIERRA"||||||"OFF NET"
3862||5|||"TELECABLE"|"NORTE"||"PACIFICO"||"NAYARIT"|"HUB TEPIC"|"HUB TEPIC"|"SANTIAGO IXCUINTLA"||||||"OFF NET"
3866||5|||"CABLEMAS"|"METRO"||"METROPOLITANA"||"HIDALGO"|"HUB TULANCINGO"|"HUB TULANCINGO"|"ZEMPOALA"||||||"OFF NET"
3870||5|||"CABLECOM"|"METRO"||"METROPOLITANA"||"MEXICO"|"HUB TOLUCA"|"HUB TOLUCA"|"LERMA"||||||"OFF NET"
3874||5|||"TELECABLE"|"NORTE"||"NORESTE"||"QUERETARO"|"HUB TEQUISQUIAPAN"|"HUB TEQUISQUIAPAN"|"TEQUISQUIAPAN"||||||"OFF NET"
3878||5|||"SKY"|"NORTE"||"NORESTE"||"SAN LUIS POTOSI"|"HUB MEXQUITIC"|"HUB MEXQUITIC"|"VILLA DE GUADALUPE"||||||"OFF RED"
3882||5|||"SKY"|"SUR"||"OCCIDENTE"||"OAXACA"|"HUB PINOTEPA"|"HUB PINOTEPA"|"HUAXPALTEPEC"||||||"OFF NET"
3886||5|||"TELECABLE"|"NORTE"||"PACIFICO"||"ZACATECAS"|"HUB FRESNILLO"|"HUB FRESNILLO"|"GRAL FCO R MURGUIA"||||||"OFF RED"
3890||5|||"SKY"|"NORTE"||"PACIFICO"||"ZACATECAS"|"HUB NOCHISTLAN"|"HUB NOCHISTLAN"|"APULPO"||||||"OFF NET"
3894||5|||"SKY"|"SUR"||"OCCIDENTE"||"OAXACA"|"HUB JUXTLAHUACA"|"HUB JUXTLAHUACA"|"MAGDALENA PEÑASCO"||||||"OFF RED"
3898||5|||"CABLEMAS"|"NORTE"||"PACIFICO"||"BAJA CALIFORNIA"|"HUB TIJUANA"|"HUB TIJUANA"|"TECATE"||||||"ON NET"
3902||5|||"CABLEMAS"|"NORTE"||"PACIFICO"||"CHIHUAHUA"|"HUB CHIHUAHUA"|"HUB CHIHUAHUA"|"CHIHUAHUA"||||||"ON NET"
3906||5|||"CABLEMAS"|"SUR"||"OCCIDENTE"||"GUERRERO"|"HUB COYUCA"|"HUB COYUCA"|"CHILPANCINGO"||||||"ON NET"
3910||5|||"CABLEMAS"|"NORTE"||"NORESTE"||"GUANAJUATO"|"HUB CELAYA"|"HUB CELAYA"|"ACAMBARO"||||||"OFF NET"
3914||5|||"TELECABLE"|"SUR"||"OCCIDENTE"||"JALISCO"|"HUB GUADALAJARA"|"HUB GUADALAJARA"|"SAN CRISTOBAL DE LA BARRANCA"||||||"OFF NET"
3918||5|||"SKY"|"NORTE"||"NORESTE"||"NUEVO LEON"|"HUB MONTERREY"|"HUB MONTERREY"|"HIGUERAS"||||||"OFF NET"
3922||5|||"SKY"|"SUR"||"OCCIDENTE"||"OAXACA"|"HUB HUAJUAPAN"|"HUB HUAJUAPAN"|"SAN JOSE TENANGO"||||||"OFF RED"
3926||5|||"TVI"|"NORTE"||"NORESTE"||"NUEVO LEON"|"HUB MONTERREY"|"HUB MONTERREY"|"MINA"||||||"OFF NET"
3930||5|||"SKY"|"SUR"||"SURESTE"||"PUEBLA"|"HUB TEZIUTLAN"|"HUB TEZIUTLAN"|"NAUZONTLA"||||||"OFF NET"
3934||5|||"SKY"|"SUR"||"SURESTE"||"PUEBLA"|"HUB TEZIUTLAN"|"HUB TEZIUTLAN"|"XOCHIAPULCO"||||||"OFF NET"
3938||5|||"CABLEMAS"|"SUR"||"SURESTE"||"PUEBLA"|"HUB TEZIUTLAN"|"HUB TEZIUTLAN"|"HUEYAPAN"||||||"OFF NET"
3942||5|||"SKY"|"SUR"||"SURESTE"||"PUEBLA"|"HUB HUAUCHINANGO"|"HUB HUAUCHINANGO"|"HUAUCHINANGO"||||||"OFF NET"
3075||3|||"CABLECOM"|"NORTE"|"INTERIOR"|"NORESTE"|"GOLFO"|"SAN LUIS POTOSI"|"HUB SAN LUIS POTOSI"|"HUB SAN LUIS POTOSI"|"SAN NICOLAS TOLENTINO"||||"Sin RPT"||"OFF NET"
3079||3|||"CABLEVISIÓN"|"SUR"|"INTERIOR"|"SURESTE"|"SURESTE"|"TABASCO"|"HUB CENTRO"|"HUB CENTRO"|"CENTRO"||||"Sin RPT"||"ON NET"
3083||3|||"CABLEMAS"|"SUR"|"INTERIOR"|"OCCIDENTE"|"SURESTE"|"OAXACA"|"HUB HUATULCO"|"HUB HUATULCO"|"MIHUATLAN"||||"Sin RPT"||"OFF RED"
3087||3|||"TVI"|"NORTE"|"NORTE"|"NORESTE"|"NORESTE"|"NUEVO LEON"|"HUB MONTERREY"|"HUB MONTERREY"|"EL CARMEN"||||"Sin RPT"||"ON NET"
3091||3|||"CABLEMAS"|"SUR"|"INTERIOR"|"OCCIDENTE"|"SURESTE"|"OAXACA"|"HUB HUAJUAPAN"|"HUB HUAJUAPAN"|"HUAJUAPAN"||||"Sin RPT"||"OFF NET"
3095||3|||"SKY"|"SUR"|"INTERIOR"|"SURESTE"|"SURESTE"|"CHIAPAS"|"HUB REFORMA"|"HUB REFORMA"|"OSUMACINTA"||||"Sin RPT"||"OFF NET"
3099||3|||"SKY"|"SUR"|"INTERIOR"|"SURESTE"|"SURESTE"|"CHIAPAS"|"HUB OCOSINGO"|"HUB OCOSINGO"|"BENEMERITO DE LAS AMERICAS"||||"Sin RPT"||"OFF RED"
3103||3|||"SKY"|"NORTE"|"NORTE"|"PACIFICO"|"PACIFICO"|"CHIHUAHUA"|"HUB JUAREZ"|"HUB JUAREZ"|"BUENAVENTURA"||||"Sin RPT"||"OFF NET"
3107||3|||"SKY"|"NORTE"|"INTERIOR"|"PACIFICO"|"CENTRO"|"DURANGO"|"HUB DURANGO"|"HUB DURANGO"|"PUEBLO NUEVO"||||"Sin RPT"||"OFF NET"
3111||3|||"SKY"|"METRO"|"METRO"|"METROPOLITANA"|"MXNORTE"|"HIDALGO"|"HUB IXMIQUILPAN"|"HUB IXMIQUILPAN"|"IXMIQUILPAN"||||"Sin RPT"||"OFF NET"
3115||3|||"CABLEMAS"|"SUR"|"INTERIOR"|"OCCIDENTE"|"OCCIDENTE"|"GUERRERO"|"HUB IGUALA"|"HUB IGUALA"|"IGUALA"||||"Sin RPT"||"ON NET"
3119||3|||"CABLEMAS"|"METRO"|"METRO"|"METROPOLITANA"|"MXNORTE"|"MEXICO"|"HUB ZUMPANGO"|"HUB ZUMPANGO"|"ZUMPANGO"||||"Sin RPT"||"OFF NET"
3123||3|||"CABLEMAS"|"METRO"|"METRO"|"METROPOLITANA"|"MXSUR"|"MORELOS"|"HUB CUAUTLA"|"HUB CUAUTLA"|"TEPOZTLAN"||||"Sin RPT"||"OFF NET"
3127||3|||"TELECABLE"|"NORTE"|"NORTE"|"NORESTE"|"NORESTE"|"NUEVO LEON"|"HUB MONTERREY"|"HUB MONTERREY"|"ABASOLO"||||"Sin RPT"||"OFF NET"
3133||3|||"SKY"|"SUR"|"INTERIOR"|"SURESTE"|"GOLFO"|"PUEBLA"|"HUB TECAMACHALCO"|"HUB TECAMACHALCO"|"TEPEXI"||||"Sin RPT"||"OFF RED"
3137||3|||"CABLECOM"|"SUR"|"INTERIOR"|"SURESTE"|"GOLFO"|"PUEBLA"|"HUB ATLIXCO"|"HUB ATLIXCO"|"CUATLANCINGO"||||"Sin RPT"||"OFF NET"
3142||3|||"CABLEMAS"|"NORTE"|"INTERIOR"|"NORESTE"|"CENTRO"|"QUERETARO"|"HUB SAN JUAN DEL RIO"|"HUB SAN JUAN DEL RIO"|"HUIMILPAN"||||"Sin RPT"||"OFF RED"
3146||3|||"CABLEMAS"|"SUR"|"INTERIOR"|"SURESTE"|"GOLFO"|"PUEBLA"|"HUB ATLIXCO"|"HUB ATLIXCO"|"TIANGUISMANALCO"||||"Sin RPT"||"ON NET"
3152||3|||"CABLEMAS"|"SUR"|"INTERIOR"|"SURESTE"|"SURESTE"|"YUCATAN"|"HUB IZAMAL"|"HUB IZAMAL"|"BUCTZOTZ"||||"Sin RPT"||"ON NET"
3156||3|||"SKY"|"SUR"|"INTERIOR"|"SURESTE"|"GOLFO"|"TLAXCALA"|"HUB CALPULALPAN"|"HUB CALPULALPAN"|"HUEYOTLIPAN"||||"Sin RPT"||"OFF NET"
3161||3|||"CABLEMAS"|"SUR"|"INTERIOR"|"SURESTE"|"GOLFO"|"VERACRUZ"|"HUB POZA RICA"|"HUB POZA RICA"|"POZA RICA"||||"Sin RPT"||"ON NET"
3165||3|||"SKY"|"SUR"|"INTERIOR"|"SURESTE"|"GOLFO"|"VERACRUZ"|"HUB VERACRUZ"|"HUB VERACRUZ"|"COTAXTLA"||||"Sin RPT"||"OFF RED"
2923||3|||"SKY"|"NORTE"|"INTERIOR"|"NORESTE"|"GOLFO"|"SAN LUIS POTOSI"|"HUB SAN LUIS POTOSI"|"HUB SAN LUIS POTOSI"|"VILLA JUAREZ"||||"Sin RPT"||"OFF RED"
3554||3||||"SUR"|"INTERIOR"|"SURESTE"|"GOLFO"|"PUEBLA"|"HUB TEHUACAN"|"HUB TEHUACAN"|"SANTIAGO MIHUATLAN"||||"Sin RPT"||"OFF NET"
3558||3|||"CABLEMAS"|"NORTE"|"NORTE"|"PACIFICO"|"PACIFICO"|"SONORA"|"HUB NOGALES"|"HUB NOGALES"|"NOGALES"||||"Sin RPT"||"ON NET"
3563||3|||"CABLEMAS"|"SUR"|"INTERIOR"|"SURESTE"|"GOLFO"|"PUEBLA"|"HUB ATLIXCO"|"HUB ATLIXCO"|"SANTA ISABEL CHOLULA"||||"Sin RPT"||"OFF NET"
3567||3|||"SKY"|"SUR"|"INTERIOR"|"SURESTE"|"SURESTE"|"CHIAPAS"|"HUB REFORMA"|"HUB REFORMA"|"TAPALAPA"||||"Sin RPT"||"OFF NET"
3572||3|||"SKY"|"SUR"|"INTERIOR"|"SURESTE"|"SURESTE"|"CHIAPAS"|"HUB TAPACHULA"|"HUB TAPACHULA"|"LA GRANDEZA"||||"Sin RPT"||"OFF NET"
3576||3|||"CABLECOM"|"METRO"|"METRO"|"METROPOLITANA"|"MXNORTE"|"HIDALGO"|"HUB TULANCINGO"|"HUB TULANCINGO"|"ACAXOCHITLAN"||||"Sin RPT"||"OFF RED"
3580||3|||"TELECABLE"|"SUR"|"INTERIOR"|"OCCIDENTE"|"OCCIDENTE"|"JALISCO"|"HUB GUADALAJARA"|"HUB GUADALAJARA"|"AHUALULCO"||||"Sin RPT"||"OFF NET"
3584||3|||"SKY"|"SUR"|"INTERIOR"|"OCCIDENTE"|"OCCIDENTE"|"MICHOACAN"|"HUB ZITACUARO"|"HUB ZITACUARO"|"ANGANGUEO"||||"Sin RPT"||"OFF NET"
3588||3|||"SKY"|"SUR"|"INTERIOR"|"OCCIDENTE"|"SURESTE"|"OAXACA"|"HUB TUXTEPEC"|"HUB TUXTEPEC"|"SAN ILDEFONSO"||||"Sin RPT"||"OFF RED"
3592||3|||"SKY"|"SUR"|"INTERIOR"|"OCCIDENTE"|"SURESTE"|"OAXACA"|"HUB JUXTLAHUACA"|"HUB JUXTLAHUACA"|"SAN MARTIN ITUNYOSO"||||"Sin RPT"||"OFF NET"
3596||3|||"CABLEMAS"|"SUR"|"INTERIOR"|"SURESTE"|"SURESTE"|"QUINTANA ROO"|"HUB CANCUN"|"HUB CANCUN"|"PUERTO MORELOS"||||"Sin RPT"||"OFF NET"
3600||3|||"SKY"|"SUR"|"INTERIOR"|"SURESTE"|"SURESTE"|"YUCATAN"|"HUB IZAMAL"|"HUB IZAMAL"|"CENOTILLO"||||"Sin RPT"||"OFF NET"
3604||3|||"CABLEMAS"|"SUR"|"INTERIOR"|"SURESTE"|"SURESTE"|"QUINTANA ROO"|"HUB CHETUMAL"|"HUB CHETUMAL"|"BACALAR"||||"Sin RPT"||"OFF NET"
3608||3|||"CABLECOM"|"NORTE"|"INTERIOR"|"NORESTE"|"CENTRO"|"QUERETARO"|"HUB QUERETARO"|"HUB QUERETARO"|"EL MARQUES"||||"Sin RPT"||"OFF NET"
3612||3|||"SKY"|"SUR"|"INTERIOR"|"SURESTE"|"SURESTE"|"YUCATAN"|"HUB MERIDA"|"HUB MERIDA"|"MOCOCHA"||||"Sin RPT"||"OFF NET"
3616||3|||"CABLECOM"|"SUR"|"INTERIOR"|"SURESTE"|"GOLFO"|"VERACRUZ"|"HUB VERACRUZ"|"HUB VERACRUZ"|"PASO DEL MACHO"||||"Sin RPT"||"OFF RED"
3620||3|||"CABLEMAS"|"SUR"|"INTERIOR"|"SURESTE"|"SURESTE"|"YUCATAN"|"HUB MERIDA"|"HUB MERIDA"|"CONKAL"||||"Sin RPT"||"OFF NET"
3624||5|||"TELECABLE"|"SUR"||"SURESTE"||"VERACRUZ"|"HUB PANUCO"|"HUB PANUCO"|"PANUCO"||||||"OFF NET"
3628||5|||"SKY"|"SUR"||"SURESTE"||"YUCATAN"|"HUB VALLADOLID"|"HUB VALLADOLID"|"TINUM"||||||"OFF NET"
3632||5|||"SKY"|"SUR"||"SURESTE"||"CHIAPAS"|"HUB REFORMA"|"HUB REFORMA"|"SOLISTAHUACAN"||||||"OFF NET"
3636||5|||"TELECABLE"|"NORTE"||"PACIFICO"||"DURANGO"|"HUB DURANGO"|"HUB DURANGO"|"DURANGO"||||||"ON NET"
3640||5|||"TELECABLE"|"SUR"||"OCCIDENTE"||"GUERRERO"|"HUB OMETEPEC"|"HUB OMETEPEC"|"SAN LUIS ACATLAN"||||||"OFF RED"
3644||5|||"TELECABLE"|"SUR"||"OCCIDENTE"||"JALISCO"|"HUB PUERTO VALLARTA"|"HUB PUERTO VALLARTA"|"AUTLAN"||||||"OFF NET"
3648||5|||"CABLECOM"|"METRO"||"METROPOLITANA"||"MEXICO"|"HUB TOLUCA"|"HUB TOLUCA"|"TIANGUISTENGO MEX"||||||"OFF NET"
3652||5|||"CABLEMAS"|"SUR"||"OCCIDENTE"||"OAXACA"|"HUB PINOTEPA"|"HUB PINOTEPA"|"TEOJOMULCO"||||||"OFF NET"
4146||5|||"CABLECOM"|"SUR"||"SURESTE"||"TLAXCALA"|"HUB YAHUQUEMEHCAN"|"HUB YAHUQUEMEHCAN"|"YAUHQUEMEHCAN"||||||"ON NET"
4150||5|||"CABLECOM"|"SUR"||"SURESTE"||"TLAXCALA"|"HUB SAN PABLO DEL MONTE"|"HUB SAN PABLO DEL MONTE"|"NATIVITAS"||||||"ON NET"
4154||5|||"CABLECOM"|"SUR"||"SURESTE"||"TLAXCALA"|"HUB SAN PABLO DEL MONTE"|"HUB SAN PABLO DEL MONTE"|"MAZATECOCHO"||||||"OFF NET"
4158||5|||"TELECABLE"|"NORTE"||"PACIFICO"||"ZACATECAS"|"HUB FRESNILLO"|"HUB FRESNILLO"|"JUAN ALDAMA"||||||"OFF NET"
4162||5|||"CABLECOM"|"SUR"||"SURESTE"||"TLAXCALA"|"HUB CALPULALPAN"|"HUB CALPULALPAN"|"IXTACUIXTLA"||||||"ON NET"
3668||5|||"SKY"|"SUR"||"SURESTE"||"CHIAPAS"|"HUB REFORMA"|"HUB REFORMA"|"TAPALAPA"||||||"OFF NET"
3672||5|||"SKY"|"NORTE"||"PACIFICO"||"CHIHUAHUA"|"HUB GUACHOCHI"|"HUB GUACHOCHI"|"BALLEZA"||||||"OFF RED"
3676||5|||"SKY"|"METRO"||"METROPOLITANA"||"HIDALGO"|"HUB TULANCINGO"|"HUB TULANCINGO"|"ALMOLOYA"||||||"OFF NET"
3680||5|||"CABLECOM"|"NORTE"||"NORESTE"||"GUANAJUATO"|"HUB SAN MIGUEL DE ALLENDE"|"HUB SAN MIGUEL DE ALLENDE"|"SAN JOSE ITURBIDE"||||||"OFF RED"
3684||5|||"CABLEMAS"|"METRO"||"METROPOLITANA"||"HIDALGO"|"HUB TULA"|"HUB TULA"|"TULA HGO"||||||"ON NET"
3688||5|||"TVI"|"SUR"||"OCCIDENTE"||"OAXACA"|"HUB TUXTEPEC"|"HUB TUXTEPEC"|"IXTLAN DE JUAREZ"||||||"OFF RED"
3692||5|||"CABLECOM"|"SUR"||"OCCIDENTE"||"MICHOACAN"|"HUB ZAMORA"|"HUB ZAMORA"|"PURANDIRO"||||||"OFF NET"
3696||5|||"SKY"|"METRO"||"METROPOLITANA"||"MEXICO"|"HUB VILLA VICTORIA"|"HUB VILLA VICTORIA"|"VILLA VICTORIA"||||||"OFF RED"
3700||5|||"SKY"|"METRO"||"METROPOLITANA"||"MEXICO"|"HUB IXTLAHUACA"|"HUB IXTLAHUACA"|"SOYANIQUILPAN"||||||"OFF RED"
3704||5||||"SUR"||"SURESTE"||"PUEBLA"|"HUB TEHUACAN"|"HUB TEHUACAN"|"SANTIAGO MIHUATLAN"||||||"OFF NET"
3708||5|||"CABLEMAS"|"SUR"||"SURESTE"||"PUEBLA"|"HUB TEZIUTLAN"|"HUB TEZIUTLAN"|"TEZIUTLAN"||||||"ON NET"
3712||5|||"CABLECOM"|"NORTE"||"NORESTE"||"QUERETARO"|"HUB QUERETARO"|"HUB QUERETARO"|"EL MARQUES"||||||"OFF NET"
3716||5|||"SKY"|"NORTE"||"NORESTE"||"SAN LUIS POTOSI"|"HUB SAN LUIS POTOSI"|"HUB SAN LUIS POTOSI"|"VILLA JUAREZ"||||||"OFF RED"
3720||5|||"SKY"|"SUR"||"SURESTE"||"TLAXCALA"|"HUB HUAMANTLA"|"HUB HUAMANTLA"|"SAN JOSE TEACALCO"||||||"OFF NET"
3724||5|||"TVI"|"NORTE"||"NORESTE"||"TAMAULIPAS"|"HUB REYNOSA"|"HUB REYNOSA"|"MIGUEL ALEMAN"||||||"OFF NET"
3728||5|||"CABLEMAS"|"SUR"||"SURESTE"||"YUCATAN"|"HUB MERIDA"|"HUB MERIDA"|"DZEMUL"||||||"OFF NET"
3732||5|||"SKY"|"SUR"||"SURESTE"||"VERACRUZ"|"HUB POZA RICA"|"HUB POZA RICA"|"CHICONTEPEC"||||||"OFF RED"
3736||5|||"CABLEMAS"|"SUR"||"SURESTE"||"CAMPECHE"|"HUB CARMEN"|"HUB CARMEN"|"ESCARCEGA"||||||"OFF NET"
3740||5|||"TELECABLE"|"SUR"||"OCCIDENTE"||"COLIMA"|"HUB COLIMA"|"HUB COLIMA"|"COLIMA"||||||"OFF NET"
3744||5|||"TELECABLE"|"NORTE"||"NORESTE"||"GUANAJUATO"|"HUB GUANAJUATO"|"HUB GUANAJUATO"|"GUANAJUATO"||||||"OFF NET"
3748||5|||"SKY"|"NORTE"||"NORESTE"||"NUEVO LEON"|"HUB GENERAL TERAN"|"HUB GENERAL TERAN"|"CERRALVO"||||||"OFF NET"
3752||5|||"TELECABLE"|"SUR"||"OCCIDENTE"||"JALISCO"|"HUB TEPATITLAN"|"HUB TEPATITLAN"|"PONCITLAN"||||||"OFF NET"
3756||5|||"CABLEMAS"|"NORTE"||"NORESTE"||"SAN LUIS POTOSI"|"HUB VALLES"|"HUB VALLES"|"EBANO"||||||"OFF NET"
3760||5|||"SKY"|"SUR"||"OCCIDENTE"||"OAXACA"|"HUB HUATULCO"|"HUB HUATULCO"|"HUAMELULA"||||||"OFF RED"
3764||5|||"SKY"|"SUR"||"OCCIDENTE"||"OAXACA"|"HUB HUATULCO"|"HUB HUATULCO"|"VILLA SOLA DE VEGA"||||||"OFF RED"
3768||5|||"TVI"|"NORTE"||"NORESTE"||"NUEVO LEON"|"HUB MONTERREY"|"HUB MONTERREY"|"CADEREYTA"||||||"ON NET"
3772||5|||"SKY"|"SUR"||"OCCIDENTE"||"AGUASCALIENTES"|"HUB CALVILLO"|"HUB CALVILLO"|"SAN JOSE DE GRACIA"||||||"OFF NET"
3776||5|||"TELECABLE"|"NORTE"||"NORESTE"||"COAHUILA"|"HUB PIEDRAS NEGRAS"|"HUB PIEDRAS NEGRAS"|"JIMENEZ COAH"||||||"OFF NET"
3780||5|||"SKY"|"SUR"||"SURESTE"||"CHIAPAS"|"HUB TAPACHULA"|"HUB TAPACHULA"|"SUCHIATE"||||||"OFF NET"
3784||5|||"SKY"|"NORTE"||"PACIFICO"||"CHIHUAHUA"|"HUB GUACHOCHI"|"HUB GUACHOCHI"|"GUACHOCHI"||||||"OFF RED"
3788||5|||"TELECABLE"|"SUR"||"OCCIDENTE"||"JALISCO"|"HUB GUADALAJARA"|"HUB GUADALAJARA"|"IXTLAHUACAN DEL RIO"||||||"OFF RED"
3792||5|||"TELECABLE"|"SUR"||"OCCIDENTE"||"JALISCO"|"HUB TEPATITLAN"|"HUB TEPATITLAN"|"JUANACATLAN"||||||"OFF NET"
3796||5|||"SKY"|"SUR"||"OCCIDENTE"||"JALISCO"|"HUB TEPATITLAN"|"HUB TEPATITLAN"|"ZAPOTLAN"||||||"OFF RED"
3800||5|||"CABLEMAS"|"METRO"||"METROPOLITANA"||"MORELOS"|"HUB CUAUTLA"|"HUB CUAUTLA"|"TEPOZTLAN"||||||"OFF NET"
3804||5||||"METRO"||"METROPOLITANA"||"MEXICO"|"HUB TOLUCA"|"HUB TOLUCA"|"VILLA GUERRERO"||||||"OFF NET"
3808||5|||"SKY"|"SUR"||"OCCIDENTE"||"OAXACA"|"HUB HUAJUAPAN"|"HUB HUAJUAPAN"|"CHAZUMBA"||||||"OFF RED"
3812||5|||"TELECABLE"|"NORTE"||"PACIFICO"||"NAYARIT"|"HUB TECUALA"|"HUB TECUALA"|"TECUALA"||||||"OFF NET"
3816||5||||"SUR"||"SURESTE"||"PUEBLA"|"HUB AMOZOC"|"HUB AMOZOC"|"CHALCHICOMULA"||||||"OFF NET"
4320||5|||"SKY"|"METRO"||"METROPOLITANA"||"HIDALGO"|"HUB IXMIQUILPAN"|"HUB IXMIQUILPAN"|"CARDONAL"||||||"OFF RED"
4324||5|||"TELECABLE"|"SUR"||"OCCIDENTE"||"JALISCO"|"HUB TEPATITLAN"|"HUB TEPATITLAN"|"ARANDAS"||||||"ON NET"
4328||5|||"CABLEMAS"|"METRO"||"METROPOLITANA"||"MEXICO"|"HUB CHIMALHUACAN"|"HUB CHIMALHUACAN"|"CHIMALHUACAN"||||||"ON NET"
4332||5|||"CABLEMAS"|"NORTE"||"PACIFICO"||"NAYARIT"|"HUB BAHIA DE BANDERAS"|"HUB BAHIA DE BANDERAS"|"BAHIA DE BANDERAS"||||||"ON NET"
4336||5|||"SKY"|"NORTE"||"PACIFICO"||"SONORA"|"HUB CAJEME"|"HUB CAJEME"|"ROSARIO"||||||"OFF NET"
4340||5|||"SKY"|"NORTE"||"NORESTE"||"SAN LUIS POTOSI"|"HUB MEXQUITIC"|"HUB MEXQUITIC"|"VILLA DE ARISTA"||||||"OFF NET"
4344||5|||"CABLECOM"|"SUR"||"SURESTE"||"PUEBLA"|"HUB ZACATLAN"|"HUB ZACATLAN"|"ZACATLAN"||||||"OFF NET"
4348||5|||"CABLEMAS"|"SUR"||"SURESTE"||"VERACRUZ"|"HUB POZA RICA"|"HUB POZA RICA"|"TIHUATLAN"||||||"ON NET"
4352||5|||"CABLECOM"|"SUR"||"SURESTE"||"TLAXCALA"|"HUB SAN PABLO DEL MONTE"|"HUB SAN PABLO DEL MONTE"|"TETLAHUACA"||||||"ON NET"
4356||5|||"SKY"|"SUR"||"SURESTE"||"YUCATAN"|"HUB TEKAX"|"HUB TEKAX"|"TEABO"||||||"OFF NET"
4360||5|||"CABLECOM"|"SUR"||"SURESTE"||"VERACRUZ"|"HUB SAN ANDRES TUXTLA"|"HUB SAN ANDRES TUXTLA"|"SAN ANDRES TUXTLA"||||||"OFF NET"
4364||5|||"CABLEMAS"|"SUR"||"SURESTE"||"YUCATAN"|"HUB TEKAX"|"HUB TEKAX"|"TEKAX"||||||"OFF NET"
4368||5|||"SKY"|"SUR"||"SURESTE"||"CHIAPAS"|"HUB SAN CRISTOBAL"|"HUB SAN CRISTOBAL"|"CHAMULA"||||||"OFF RED"
4372||5|||"CABLEMAS"|"SUR"||"OCCIDENTE"||"MICHOACAN"|"HUB URUAPAN"|"HUB URUAPAN"|"URUAPAN"||||||"OFF NET"
4376||5|||"TELECABLE"|"SUR"||"OCCIDENTE"||"JALISCO"|"HUB GUADALAJARA"|"HUB GUADALAJARA"|"TONALA JAL"||||||"OFF NET"
4380||5|||"CABLECOM"|"SUR"||"OCCIDENTE"||"MICHOACAN"|"HUB ZAMORA"|"HUB ZAMORA"|"LA PIEDAD"||||||"OFF NET"
4384||5|||"TELECABLE"|"NORTE"||"NORESTE"||"SAN LUIS POTOSI"|"HUB MEXQUITIC"|"HUB MEXQUITIC"|"GUADALCAZAR"||||||"OFF RED"
4388||5|||"SKY"|"NORTE"||"PACIFICO"||"SONORA"|"HUB CUMPAS"|"HUB CUMPAS"|"SAHUARIPA"||||||"OFF NET"
4392||5|||"CABLECOM"|"SUR"||"SURESTE"||"PUEBLA"|"HUB PUEBLA"|"HUB PUEBLA"|"SAN PEDRO CHOLULA"||||||"OFF NET"
4396||5|||"TVI"|"NORTE"||"NORESTE"||"COAHUILA"|"HUB SALTILLO"|"HUB SALTILLO"|"CASTAÑOS"||||||"ON NET"
4400||5|||"SKY"|"SUR"||"SURESTE"||"CHIAPAS"|"HUB REFORMA"|"HUB REFORMA"|"AMATAN"||||||"OFF RED"
4404||5|||"TELECABLE"|"SUR"||"OCCIDENTE"||"JALISCO"|"HUB GUADALAJARA"|"HUB GUADALAJARA"|"ETZATLAN"||||||"OFF NET"
4408||5|||"SKY"|"SUR"||"OCCIDENTE"||"JALISCO"|"HUB CIUDAD GUZMAN"|"HUB CIUDAD GUZMAN"|"SAN GABRIEL"||||||"OFF RED"
4412||5|||"TELECABLE"|"METRO"||"METROPOLITANA"||"MEXICO"|"HUB VILLA VICTORIA"|"HUB VILLA VICTORIA"|"TLATLAYA"||||||"OFF RED"
4416||5|||"SKY"|"SUR"||"OCCIDENTE"||"MICHOACAN"|"HUB LAZARO CARDENAS"|"HUB LAZARO CARDENAS"|"TUMBISCATIO"||||||"OFF NET"
4420||5|||"CABLEMAS"|"METRO"||"METROPOLITANA"||"MORELOS"|"HUB CUAUTLA"|"HUB CUAUTLA"|"ATLATLAHUCAN"||||||"OFF NET"
4424||5|||"CABLEMAS"|"METRO"||"METROPOLITANA"||"MEXICO"|"HUB TOLUCA"|"HUB TOLUCA"|"TENANCINGO"||||||"OFF NET"
4428||5|||"SKY"|"SUR"||"SURESTE"||"PUEBLA"|"HUB ZACATLAN"|"HUB ZACATLAN"|"TEPANGO"||||||"OFF NET"
4432||5|||"CABLEMAS"|"NORTE"||"NORESTE"||"TAMAULIPAS"|"HUB SOTO LA MARINA"|"HUB SOTO LA MARINA"|"HIDALGO TAM"||||||"OFF RED"
4436||5|||"CABLEMAS"|"SUR"||"SURESTE"||"YUCATAN"|"HUB VALLADOLID"|"HUB VALLADOLID"|"VALLADOLID"||||||"ON NET"
4440||5|||"CABLEMAS"|"SUR"||"SURESTE"||"PUEBLA"|"HUB ATLIXCO"|"HUB ATLIXCO"|"SAN MARTIN TEXMELUCAN"||||||"ON NET"
3945||5|||"SKY"|"SUR"||"SURESTE"||"TABASCO"|"HUB CENTLA"|"HUB CENTLA"|"CENTLA"||||||"OFF RED"
3949||5|||"SKY"|"SUR"||"SURESTE"||"TLAXCALA"|"HUB YAHUQUEMEHCAN"|"HUB YAHUQUEMEHCAN"|"TLAXCO"||||||"OFF NET"
3953||3|||"CABLEMAS"|"SUR"|"INTERIOR"|"OCCIDENTE"|"OCCIDENTE"|"JALISCO"|"HUB CIUDAD GUZMAN"|"HUB CIUDAD GUZMAN"|"TIZAPAN"||||"Sin RPT"||"OFF NET"
3957||3|||"SKY"|"SUR"|"INTERIOR"|"SURESTE"|"GOLFO"|"PUEBLA"|"HUB ZACATLAN"|"HUB ZACATLAN"|"CHIGNAHUAPAN"||||"Sin RPT"||"OFF RED"
3961||3|||"CABLEMAS"|"SUR"|"INTERIOR"|"SURESTE"|"SURESTE"|"QUINTANA ROO"|"HUB PLAYA DEL CARMEN"|"HUB PLAYA DEL CARMEN"|"PLAYA DEL CARMEN"||||"Sin RPT"||"ON NET"
3965||3||||"NORTE"|"INTERIOR"|"PACIFICO"|"CENTRO"|"SINALOA"|"HUB CULIACAN"|"HUB CULIACAN"|"CULIACAN"||||"Sin RPT"||"OFF NET"
3969||3|||"CABLEVISIÓN"|"METRO"|"METRO"|"METROPOLITANA"|"MXNORTE"|"MEXICO"|"HUB NAUCALPAN"|"HUB NAUCALPAN"|"NAUCALPAN"||||"Sin RPT"||"ON NET"
3973||3|||"SKY"|"NORTE"|"NORTE"|"NORESTE"|"NORESTE"|"COAHUILA"|"HUB TORREON"|"HUB TORREON"|"VIESCA"||||"Sin RPT"||"OFF RED"
3977||3|||"SKY"|"NORTE"|"NORTE"|"PACIFICO"|"PACIFICO"|"CHIHUAHUA"|"HUB PARRAL"|"HUB PARRAL"|"SANTA ISABEL"||||"Sin RPT"||"OFF NET"
3981||3|||"TELECABLE"|"SUR"|"INTERIOR"|"OCCIDENTE"|"OCCIDENTE"|"JALISCO"|"HUB CIUDAD GUZMAN"|"HUB CIUDAD GUZMAN"|"SAYULA"||||"Sin RPT"||"OFF NET"
3985||3|||"CABLEMAS"|"NORTE"|"INTERIOR"|"NORESTE"|"CENTRO"|"GUANAJUATO"|"HUB CELAYA"|"HUB CELAYA"|"ACAMBARO"||||"Sin RPT"||"OFF NET"
3989||3|||"TELECABLE"|"NORTE"|"INTERIOR"|"NORESTE"|"CENTRO"|"GUANAJUATO"|"HUB IRAPUATO"|"HUB IRAPUATO"|"MOROLEON"||||"Sin RPT"||"ON NET"
3993||3|||"TELECABLE"|"SUR"|"INTERIOR"|"OCCIDENTE"|"OCCIDENTE"|"JALISCO"|"HUB GUADALAJARA"|"HUB GUADALAJARA"|"SAN CRISTOBAL DE LA BARRANCA"||||"Sin RPT"||"OFF NET"
3997||3|||"SKY"|"SUR"|"INTERIOR"|"OCCIDENTE"|"OCCIDENTE"|"MICHOACAN"|"HUB MORELIA"|"HUB MORELIA"|"MADERO"||||"Sin RPT"||"OFF RED"
4002||3|||"SKY"|"SUR"|"INTERIOR"|"OCCIDENTE"|"OCCIDENTE"|"MICHOACAN"|"HUB MORELIA"|"HUB MORELIA"|"ALVARO OBREGON MICH"||||"Sin RPT"||"OFF RED"
4006||3|||"SKY"|"SUR"|"INTERIOR"|"SURESTE"|"GOLFO"|"PUEBLA"|"HUB IZUCAR DE MATAMOROS"|"HUB IZUCAR DE MATAMOROS"|"COATZINGO"||||"Sin RPT"||"OFF NET"
4011||3|||"CABLECOM"|"NORTE"|"INTERIOR"|"NORESTE"|"GOLFO"|"SAN LUIS POTOSI"|"HUB MATEHUALA"|"HUB MATEHUALA"|"VILLA DE RAMOS"||||"Sin RPT"||"OFF NET"
4015||3|||"SKY"|"SUR"|"INTERIOR"|"SURESTE"|"GOLFO"|"PUEBLA"|"HUB TEZIUTLAN"|"HUB TEZIUTLAN"|"XOCHIAPULCO"||||"Sin RPT"||"OFF NET"
4019||3|||"CABLEMAS"|"SUR"|"INTERIOR"|"SURESTE"|"GOLFO"|"PUEBLA"|"HUB ATLIXCO"|"HUB ATLIXCO"|"ATLIXCO"||||"Sin RPT"||"ON NET"
3533||3|||"CABLECOM"|"SUR"|"INTERIOR"|"OCCIDENTE"|"OCCIDENTE"|"JALISCO"|"HUB TEPATITLAN"|"HUB TEPATITLAN"|"JAMAY"||||"Sin RPT"||"ON NET"
3537||3|||"CABLEMAS"|"NORTE"|"INTERIOR"|"PACIFICO"|"CENTRO"|"NAYARIT"|"HUB BAHIA DE BANDERAS"|"HUB BAHIA DE BANDERAS"|"BAHIA DE BANDERAS"||||"Sin RPT"||"ON NET"
3542||3|||"CABLEMAS"|"SUR"|"INTERIOR"|"OCCIDENTE"|"SURESTE"|"OAXACA"|"HUB HUAJUAPAN"|"HUB HUAJUAPAN"|"ACATLAN DE PEREZ"||||"Sin RPT"||"OFF RED"
3546||3|||"SKY"|"SUR"|"INTERIOR"|"OCCIDENTE"|"OCCIDENTE"|"MICHOACAN"|"HUB TACAMBARO"|"HUB TACAMBARO"|"HUETAMO"||||"Sin RPT"||"OFF NET"
3550||3|||"SKY"|"SUR"|"INTERIOR"|"SURESTE"|"GOLFO"|"PUEBLA"|"HUB ZACATLAN"|"HUB ZACATLAN"|"TEPANGO"||||"Sin RPT"||"OFF NET"
4053||3|||"TELECABLE"|"NORTE"|"INTERIOR"|"PACIFICO"|"CENTRO"|"NAYARIT"|"HUB BAHIA DE BANDERAS"|"HUB BAHIA DE BANDERAS"|"COMPOSTELA"||||"Sin RPT"||"OFF NET"
4059||3|||"CABLEMAS"|"SUR"|"INTERIOR"|"OCCIDENTE"|"OCCIDENTE"|"JALISCO"|"HUB LAGOS DE MORENO"|"HUB LAGOS DE MORENO"|"LAGOS"||||"Sin RPT"||"ON NET"
4063||3|||"SKY"|"SUR"|"INTERIOR"|"SURESTE"|"GOLFO"|"PUEBLA"|"HUB TEHUACAN"|"HUB TEHUACAN"|"VICENTE GUERRERO"||||"Sin RPT"||"OFF RED"
4068||3|||"SKY"|"SUR"|"INTERIOR"|"OCCIDENTE"|"SURESTE"|"OAXACA"|"HUB PINOTEPA"|"HUB PINOTEPA"|"TLAXIACO"||||"Sin RPT"||"OFF RED"
4074||3|||"SKY"|"SUR"|"INTERIOR"|"OCCIDENTE"|"SURESTE"|"OAXACA"|"HUB HUAJUAPAN"|"HUB HUAJUAPAN"|"CUICATLAN"||||"Sin RPT"||"OFF NET"
4078||3|||"CABLEMAS"|"NORTE"|"NORTE"|"NORESTE"|"NORESTE"|"COAHUILA"|"HUB SAN BUENAVENTURA"|"HUB SAN BUENAVENTURA"|"SAN BUENAVENTURA"||||"Sin RPT"||"OFF NET"
4082||5|||"CABLECOM"|"NORTE"||"PACIFICO"||"SINALOA"|"HUB MAZATLAN"|"HUB MAZATLAN"|"MAZATLAN"||||||"ON NET"
4086||5|||"CABLECOM"|"SUR"||"SURESTE"||"TABASCO"|"HUB COMALCALCO"|"HUB COMALCALCO"|"COMALCALCO"||||||"OFF NET"
4090||5|||"CABLEMAS"|"NORTE"||"PACIFICO"||"ZACATECAS"|"HUB PINOS"|"HUB PINOS"|"PINOS"||||||"OFF RED"
4094||5|||"CABLEVISIÓN"|"METRO"||"METROPOLITANA"||"CIUDAD DE MEXICO"|"HUB XOCHIMILCO"|"HUB XOCHIMILCO"|"XOCHIMILCO"||||||"ON NET"
4098||5|||"SKY"|"NORTE"||"NORESTE"||"COAHUILA"|"HUB TORREON"|"HUB TORREON"|"VIESCA"||||||"OFF RED"
4102||5|||"SKY"|"SUR"||"SURESTE"||"CHIAPAS"|"HUB TAPACHULA"|"HUB TAPACHULA"|"METAPA"||||||"OFF NET"
4106||5|||"CABLEMAS"|"SUR"||"OCCIDENTE"||"GUERRERO"|"HUB COYUCA"|"HUB COYUCA"|"HELIODORO CASTILLO"||||||"OFF RED"
4110||5|||"TELECABLE"|"SUR"||"OCCIDENTE"||"JALISCO"|"HUB GUADALAJARA"|"HUB GUADALAJARA"|"TEQUILA"||||||"ON NET"
4114||5|||"TELECABLE"|"SUR"||"OCCIDENTE"||"JALISCO"|"HUB PUERTO VALLARTA"|"HUB PUERTO VALLARTA"|"CASIMIRO CASTILLO"||||||"OFF NET"
4118||5|||"SKY"|"SUR"||"OCCIDENTE"||"OAXACA"|"HUB TUXTEPEC"|"HUB TUXTEPEC"|"SAN ILDEFONSO"||||||"OFF RED"
4122||5|||"CABLEMAS"|"SUR"||"OCCIDENTE"||"OAXACA"|"HUB TUXTEPEC"|"HUB TUXTEPEC"|"TUXTEPEC"||||||"OFF NET"
4126||5|||"TELECABLE"|"SUR"||"OCCIDENTE"||"MICHOACAN"|"HUB URUAPAN"|"HUB URUAPAN"|"LOS REYES"||||||"OFF NET"
4130||5|||"CABLEMAS"|"SUR"||"SURESTE"||"PUEBLA"|"HUB IZUCAR DE MATAMOROS"|"HUB IZUCAR DE MATAMOROS"|"CHIAUTLA"||||||"OFF NET"
4134||5|||"SKY"|"SUR"||"SURESTE"||"PUEBLA"|"HUB TEHUACAN"|"HUB TEHUACAN"|"TEPANCO"||||||"OFF NET"
4138||5|||"TELECABLE"|"SUR"||"OCCIDENTE"||"OAXACA"|"HUB SALINA CRUZ"|"HUB SALINA CRUZ"|"SALINA CRUZ"||||||"OFF NET"
4142||5|||"SKY"|"NORTE"||"NORESTE"||"QUERETARO"|"HUB JALPA DE SERRA"|"HUB JALPA DE SERRA"|"JALPAN DE SERRA"||||||"OFF NET"
4636||16|||"CABLEMAS"|"NORTE"||"PACIFICO"||"SONORA"|"HUB SAN LUIS RIO COLORADO"|"HUB SAN LUIS RIO COLORADO"|"SAN LUIS RIO COLORADO"||||||"ON NET"
4640||16|||"SKY"|"SUR"||"SURESTE"||"PUEBLA"|"HUB TECAMACHALCO"|"HUB TECAMACHALCO"|"PETLALCINGO"||||||"OFF RED"
4644||16|||"CABLEMAS"|"SUR"||"SURESTE"||"PUEBLA"|"HUB ATLIXCO"|"HUB ATLIXCO"|"TIANGUISMANALCO"||||||"ON NET"
4648||16|||"CABLECOM"|"NORTE"||"NORESTE"||"SAN LUIS POTOSI"|"HUB RIOVERDE"|"HUB RIOVERDE"|"CARDENAS SLP"||||||"OFF NET"
4652||16|||"CABLEMAS"|"SUR"||"SURESTE"||"VERACRUZ"|"HUB VERACRUZ"|"HUB VERACRUZ"|"LA PERLA"||||||"OFF RED"
4656||16|||"TELECABLE"|"SUR"||"SURESTE"||"VERACRUZ"|"HUB PANUCO"|"HUB PANUCO"|"PUEBLO VIEJO"||||||"ON NET"
4660||16|||"CABLEMAS"|"SUR"||"SURESTE"||"YUCATAN"|"HUB UMAN"|"HUB UMAN"|"UMAN"||||||"OFF NET"
4165||5|||"SKY"|"SUR"||"SURESTE"||"VERACRUZ"|"HUB PANUCO"|"HUB PANUCO"|"PLATON SANCHEZ"||||||"OFF NET"
4169||5|||"CABLEMAS"|"SUR"||"SURESTE"||"VERACRUZ"|"HUB COATZACOALCOS"|"HUB COATZACOALCOS"|"JALTIPAN"||||||"OFF NET"
4173||5|||"SKY"|"SUR"||"SURESTE"||"CHIAPAS"|"HUB SAN CRISTOBAL"|"HUB SAN CRISTOBAL"|"TEOPISCA"||||||"OFF RED"
4177||5|||"TELECABLE"|"NORTE"||"NORESTE"||"GUANAJUATO"|"HUB IRAPUATO"|"HUB IRAPUATO"|"IRAPUATO"||||||"ON NET"
4181||5|||"TELECABLE"|"NORTE"||"PACIFICO"||"NAYARIT"|"HUB TEPIC"|"HUB TEPIC"|"NAY TUXPAN"||||||"OFF NET"
4185||5|||"CABLEMAS"|"SUR"||"SURESTE"||"QUINTANA ROO"|"HUB CHETUMAL"|"HUB CHETUMAL"|"CHETUMAL"||||||"ON NET"
4189||5|||"CABLEMAS"|"SUR"||"SURESTE"||"PUEBLA"|"HUB PUEBLA"|"HUB PUEBLA"|"PUEBLA"||||||"OFF NET"
4193||5|||"TVI"|"NORTE"||"NORESTE"||"NUEVO LEON"|"HUB MONTERREY"|"HUB MONTERREY"|"SAN PEDRO GARZA GARCIA"||||||"ON NET"
4197||5|||"CABLEMAS"|"SUR"||"OCCIDENTE"||"OAXACA"|"HUB HUAJUAPAN"|"HUB HUAJUAPAN"|"HUAJUAPAN"||||||"OFF NET"
4201||5|||"CABLEMAS"|"NORTE"||"NORESTE"||"COAHUILA"|"HUB SAN BUENAVENTURA"|"HUB SAN BUENAVENTURA"|"OCAMPO COAH"||||||"OFF NET"
4205||5|||"SKY"|"SUR"||"SURESTE"||"CHIAPAS"|"HUB TUXTLA GUTIERREZ"|"HUB TUXTLA GUTIERREZ"|"PIJIJIAPAN"||||||"OFF RED"
4209||5|||"SKY"|"NORTE"||"PACIFICO"||"CHIHUAHUA"|"HUB CUAUHTEMOC CHIH"|"HUB CUAUHTEMOC CHIH"|"MADERA"||||||"OFF NET"
4213||5|||"CABLEMAS"|"NORTE"||"PACIFICO"||"CHIHUAHUA"|"HUB PARRAL"|"HUB PARRAL"|"CHIH JIMENEZ"||||||"OFF NET"
4217||5|||"SKY"|"SUR"||"OCCIDENTE"||"GUERRERO"|"HUB COYUCA"|"HUB COYUCA"|"COYUCA"||||||"OFF RED"
4221||5|||"SKY"|"SUR"||"OCCIDENTE"||"GUERRERO"|"HUB ZIHUATANEJO"|"HUB ZIHUATANEJO"|"ZIHUATANEJO"||||||"OFF NET"
4225||5|||"CABLEMAS"|"SUR"||"OCCIDENTE"||"OAXACA"|"HUB HUAJUAPAN"|"HUB HUAJUAPAN"|"CUYAMECALCO"||||||"OFF RED"
4229||5|||"CABLEMAS"|"METRO"||"METROPOLITANA"||"MORELOS"|"HUB PUENTE DE IXTLA"|"HUB PUENTE DE IXTLA"|"MIACATLAN"||||||"OFF NET"
4233||5|||"CABLEMAS"|"METRO"||"METROPOLITANA"||"MEXICO"|"HUB CHALCO"|"HUB CHALCO"|"ATLAUTLA"||||||"OFF NET"
4237||5|||"CABLEMAS"|"METRO"||"METROPOLITANA"||"MEXICO"|"HUB ZUMPANGO"|"HUB ZUMPANGO"|"NEXTLALPAN"||||||"ON NET"
4241||5|||"SKY"|"SUR"||"SURESTE"||"PUEBLA"|"HUB TEZIUTLAN"|"HUB TEZIUTLAN"|"AYOTOXCO"||||||"OFF NET"
4245||5|||"SKY"|"SUR"||"SURESTE"||"PUEBLA"|"HUB TECAMACHALCO"|"HUB TECAMACHALCO"|"CHILA"||||||"OFF NET"
4249||5|||"CABLEMAS"|"NORTE"||"NORESTE"||"QUERETARO"|"HUB SAN JUAN DEL RIO"|"HUB SAN JUAN DEL RIO"|"HUIMILPAN"||||||"OFF RED"
4253||5|||"CABLEMAS"|"SUR"||"SURESTE"||"YUCATAN"|"HUB IZAMAL"|"HUB IZAMAL"|"TEMAX"||||||"OFF NET"
4257||5|||"CABLECOM"|"SUR"||"SURESTE"||"TLAXCALA"|"HUB SAN PABLO DEL MONTE"|"HUB SAN PABLO DEL MONTE"|"XICOHZINCO"||||||"OFF NET"
4261||5|||"CABLEMAS"|"SUR"||"SURESTE"||"TLAXCALA"|"HUB HUAMANTLA"|"HUB HUAMANTLA"|"TZOMPANTEPEC"||||||"OFF NET"
4265||5|||"SKY"|"SUR"||"SURESTE"||"CAMPECHE"|"HUB CAMPECHE"|"HUB CAMPECHE"|"CALKINI"||||||"OFF NET"
4269||5|||"CABLEMAS"|"METRO"||"METROPOLITANA"||"MORELOS"|"HUB AYALA"|"HUB AYALA"|"JOJUTLA"||||||"OFF NET"
4273||5|||"SKY"|"SUR"||"OCCIDENTE"||"GUERRERO"|"HUB CHILAPA"|"HUB CHILAPA"|"MALINALTEPEC"||||||"OFF RED"
4277||5|||"CABLEMAS"|"SUR"||"OCCIDENTE"||"JALISCO"|"HUB LAGOS DE MORENO"|"HUB LAGOS DE MORENO"|"LAGOS"||||||"ON NET"
4281||5|||"SKY"|"SUR"||"OCCIDENTE"||"MICHOACAN"|"HUB ZAMORA"|"HUB ZAMORA"|"COENEO"||||||"OFF RED"
4285||5|||"CABLEMAS"|"SUR"||"SURESTE"||"QUINTANA ROO"|"HUB CANCUN"|"HUB CANCUN"|"LAZARO CARDENAS QROO"||||||"OFF RED"
4289||5|||"SKY"|"NORTE"||"PACIFICO"||"SONORA"|"HUB CAJEME"|"HUB CAJEME"|"GUAYMAS"||||||"OFF NET"
4293||5|||"CABLEMAS"|"SUR"||"OCCIDENTE"||"OAXACA"|"HUB OAXACA"|"HUB OAXACA"|"OAXACA"||||||"ON NET"
4297||5|||"SKY"|"SUR"||"OCCIDENTE"||"OAXACA"|"HUB HUAJUAPAN"|"HUB HUAJUAPAN"|"ASUNCION NOCHIXTLAN"||||||"OFF NET"
4301||5|||"SKY"|"NORTE"||"NORESTE"||"COAHUILA"|"HUB PIEDRAS NEGRAS"|"HUB PIEDRAS NEGRAS"|"ACUÑA"||||||"OFF NET"
4305||5|||"SKY"|"SUR"||"SURESTE"||"CHIAPAS"|"HUB TAPACHULA"|"HUB TAPACHULA"|"HUIXTLA"||||||"OFF NET"
4309||5|||"CABLEMAS"|"NORTE"||"PACIFICO"||"CHIHUAHUA"|"HUB PARRAL"|"HUB PARRAL"|"SAN FCO DEL ORO"||||||"OFF NET"
4313||5||||"SUR"||"OCCIDENTE"||"GUERRERO"|"HUB CHILAPA"|"HUB CHILAPA"|"TIXTLA DE GUERRERO"||||||"OFF NET"
4317||5|||"SKY"|"NORTE"||"NORESTE"||"GUANAJUATO"|"HUB IRAPUATO"|"HUB IRAPUATO"|"HUANIMARO"||||||"OFF RED"
4695||16|||"SKY"|"NORTE"||"PACIFICO"||"SONORA"|"HUB CAJEME"|"HUB CAJEME"|"CAJEME"||||||"OFF NET"
4699||16|||"SKY"|"NORTE"||"PACIFICO"||"ZACATECAS"|"HUB FRESNILLO"|"HUB FRESNILLO"|"SOMBRERETE"||||||"OFF NET"
4703||16|||"CABLEMAS"|"SUR"||"OCCIDENTE"||"OAXACA"|"HUB OAXACA"|"HUB OAXACA"|"SAN JUAN BAUTISTA GUELACHE"||||||"ON NET"
4707||16|||"CABLEMAS"|"NORTE"||"NORESTE"||"COAHUILA"|"HUB SAN BUENAVENTURA"|"HUB SAN BUENAVENTURA"|"OCAMPO COAH"||||||"OFF NET"
4711||16|||"SKY"|"SUR"||"SURESTE"||"CHIAPAS"|"HUB TAPACHULA"|"HUB TAPACHULA"|"HUIXTLA"||||||"OFF NET"
4715||16||||"NORTE"||"NORESTE"||"GUANAJUATO"|"HUB SAN MIGUEL DE ALLENDE"|"HUB SAN MIGUEL DE ALLENDE"|"SAN MIGUEL DE ALLENDE"||||||"OFF NET"
4719||16|||"CABLEMAS"|"SUR"||"OCCIDENTE"||"GUERRERO"|"HUB ACAPULCO"|"HUB ACAPULCO"|"ACAPULCO"||||||"ON NET"
4723||16|||"TELECABLE"|"NORTE"||"PACIFICO"||"DURANGO"|"HUB SANTIAGO PAPASQUIARO"|"HUB SANTIAGO PAPASQUIARO"|"SANTIAGO PAPASQUIARO"||||||"OFF NET"
4727||16|||"CABLEMAS"|"METRO"||"METROPOLITANA"||"MEXICO"|"HUB CHIMALHUACAN"|"HUB CHIMALHUACAN"|"CHIMALHUACAN"||||||"ON NET"
4731||16|||"CABLEMAS"|"SUR"||"OCCIDENTE"||"OAXACA"|"HUB TUXTEPEC"|"HUB TUXTEPEC"|"TUXTEPEC"||||||"OFF NET"
4735||16|||"SKY"|"METRO"||"METROPOLITANA"||"MEXICO"|"HUB VILLA VICTORIA"|"HUB VILLA VICTORIA"|"TEJUPILCO"||||||"OFF NET"
4739||16|||"CABLEMAS"|"SUR"||"SURESTE"||"PUEBLA"|"HUB TEHUACAN"|"HUB TEHUACAN"|"TEHUACAN"||||||"ON NET"
4743||16|||"SKY"|"SUR"||"SURESTE"||"PUEBLA"|"HUB HUAUCHINANGO"|"HUB HUAUCHINANGO"|"HUAUCHINANGO"||||||"OFF NET"
4747||16||||"SUR"||"SURESTE"||"TABASCO"|"HUB MACUSPANA"|"HUB MACUSPANA"|"TACOTALPA"||||||"OFF RED"
4751||16|||"SKY"|"SUR"||"SURESTE"||"YUCATAN"|"HUB MERIDA"|"HUB MERIDA"|"TIXKOKOB"||||||"OFF NET"
4755||16|||"CABLECOM"|"SUR"||"SURESTE"||"TLAXCALA"|"HUB SAN PABLO DEL MONTE"|"HUB SAN PABLO DEL MONTE"|"SANTA APOLONIA"||||||"OFF NET"
4759||16|||"SKY"|"SUR"||"SURESTE"||"YUCATAN"|"HUB TEKAX"|"HUB TEKAX"|"YAXCABA"||||||"OFF RED"
4763||16|||"SKY"|"SUR"||"SURESTE"||"VERACRUZ"|"HUB TIERRA BLANCA"|"HUB TIERRA BLANCA"|"TLALIXCOYAN"||||||"OFF NET"
4767||16|||"SKY"|"SUR"||"SURESTE"||"VERACRUZ"|"HUB SAN ANDRES TUXTLA"|"HUB SAN ANDRES TUXTLA"|"HUEYAPAN DE OCAMPO"||||||"OFF RED"
4771||16|||"CABLEMAS"|"SUR"||"SURESTE"||"CAMPECHE"|"HUB CARMEN"|"HUB CARMEN"|"ESCARCEGA"||||||"OFF NET"
4775||16|||"SKY"|"NORTE"||"PACIFICO"||"CHIHUAHUA"|"HUB CUAUHTEMOC CHIH"|"HUB CUAUHTEMOC CHIH"|"MATACHI"||||||"OFF NET"
4779||16|||"CABLEMAS"|"SUR"||"OCCIDENTE"||"MICHOACAN"|"HUB ZITACUARO"|"HUB ZITACUARO"|"HIDALGO MICH"||||||"OFF NET"
4783||16|||"CABLEMAS"|"METRO"||"METROPOLITANA"||"HIDALGO"|"HUB TULA"|"HUB TULA"|"TEZONTEPEC"||||||"OFF NET"
4787||16|||"TELECABLE"|"SUR"||"OCCIDENTE"||"JALISCO"|"HUB TEPATITLAN"|"HUB TEPATITLAN"|"PONCITLAN"||||||"OFF NET"
5044||16|||"SKY"|"SUR"||"OCCIDENTE"||"MICHOACAN"|"HUB MORELIA"|"HUB MORELIA"|"TIZANTLA"||||||"OFF NET"
5048||16|||"TELECABLE"|"NORTE"||"PACIFICO"||"NAYARIT"|"HUB TEPIC"|"HUB TEPIC"|"ROSAMORADA"||||||"OFF RED"
5052||16|||"TELECABLE"|"NORTE"||"PACIFICO"||"NAYARIT"|"HUB BAHIA DE BANDERAS"|"HUB BAHIA DE BANDERAS"|"AHUACATLAN"||||||"OFF RED"
5056||16|||"SKY"|"NORTE"||"PACIFICO"||"NAYARIT"|"HUB TECUALA"|"HUB TECUALA"|"HUAJICORI"||||||"OFF RED"
5060||16|||"CABLEMAS"|"SUR"||"SURESTE"||"PUEBLA"|"HUB IZUCAR DE MATAMOROS"|"HUB IZUCAR DE MATAMOROS"|"CHIAUTLA"||||||"OFF NET"
5064||16|||"SKY"|"NORTE"||"NORESTE"||"SAN LUIS POTOSI"|"HUB RIOVERDE"|"HUB RIOVERDE"|"TAMASOPO"||||||"OFF NET"
5068||16|||"CABLEMAS"|"SUR"||"SURESTE"||"PUEBLA"|"HUB TEZIUTLAN"|"HUB TEZIUTLAN"|"HUEYAPAN"||||||"OFF NET"
4445||5|||"CABLEMAS"|"SUR"||"SURESTE"||"PUEBLA"|"HUB ATLIXCO"|"HUB ATLIXCO"|"TIANGUISMANALCO"||||||"ON NET"
4449||5|||"CABLEMAS"|"SUR"||"SURESTE"||"YUCATAN"|"HUB IZAMAL"|"HUB IZAMAL"|"TEKANTO"||||||"OFF NET"
4453||5|||"SKY"|"SUR"||"SURESTE"||"VERACRUZ"|"HUB SAN ANDRES TUXTLA"|"HUB SAN ANDRES TUXTLA"|"ISLA"||||||"OFF NET"
4457||16|||"CABLEMAS"|"SUR"||"SURESTE"||"VERACRUZ"|"HUB VERACRUZ"|"HUB VERACRUZ"|"ORIZABA"||||||"ON NET"
4461||16|||"TELECABLE"|"SUR"||"SURESTE"||"CHIAPAS"|"HUB TAPACHULA"|"HUB TAPACHULA"|"COMALAPA"||||||"OFF RED"
4465||16|||"SKY"|"NORTE"||"PACIFICO"||"CHIHUAHUA"|"HUB GUACHOCHI"|"HUB GUACHOCHI"|"URIQUE"||||||"OFF RED"
4469||16|||"TELECABLE"|"SUR"||"OCCIDENTE"||"JALISCO"|"HUB PUERTO VALLARTA"|"HUB PUERTO VALLARTA"|"TENAMAXTLAN"||||||"OFF NET"
4473||5|||"CABLECOM"|"SUR"||"SURESTE"||"VERACRUZ"|"HUB XALAPA"|"HUB XALAPA"|"XALAPA"||||||"OFF NET"
4477||5|||"TVI"|"SUR"||"SURESTE"||"YUCATAN"|"HUB TEKAX"|"HUB TEKAX"|"HOMUN"||||||"OFF NET"
4481||5|||"SKY"|"NORTE"||"PACIFICO"||"CHIHUAHUA"|"HUB GUACHOCHI"|"HUB GUACHOCHI"|"NONOAVA"||||||"OFF NET"
4485||5|||"SKY"|"NORTE"||"NORESTE"||"NUEVO LEON"|"HUB SABINAS"|"HUB SABINAS"|"AGUALEGUAS"||||||"OFF NET"
4489||5|||"CABLEMAS"|"METRO"||"METROPOLITANA"||"MEXICO"|"HUB IXTLAHUACA"|"HUB IXTLAHUACA"|"MORELOS MEX"||||||"OFF RED"
4493||5|||"CABLEMAS"|"METRO"||"METROPOLITANA"||"MEXICO"|"HUB CHALCO"|"HUB CHALCO"|"AMECAMECA"||||||"ON NET"
4497||5|||"SKY"|"NORTE"||"NORESTE"||"SAN LUIS POTOSI"|"HUB VALLES"|"HUB VALLES"|"AQUISMON"||||||"OFF RED"
4501||5|||"CABLEMAS"|"SUR"||"OCCIDENTE"||"OAXACA"|"HUB OAXACA"|"HUB OAXACA"|"SAN PEDRO IXTLAHUACA"||||||"OFF RED"
4505||5|||"SKY"|"SUR"||"OCCIDENTE"||"OAXACA"|"HUB JUXTLAHUACA"|"HUB JUXTLAHUACA"|"PERAS"||||||"OFF NET"
4509||5|||"CABLEMAS"|"NORTE"||"NORESTE"||"COAHUILA"|"HUB SAN BUENAVENTURA"|"HUB SAN BUENAVENTURA"|"SAN BUENAVENTURA"||||||"OFF NET"
4023||3|||"SKY"|"SUR"|"INTERIOR"|"SURESTE"|"SURESTE"|"YUCATAN"|"HUB MERIDA"|"HUB MERIDA"|"TAHMEK"||||"Sin RPT"||"OFF RED"
4027||3|||"CABLECOM"|"SUR"|"INTERIOR"|"SURESTE"|"GOLFO"|"TLAXCALA"|"HUB SAN PABLO DEL MONTE"|"HUB SAN PABLO DEL MONTE"|"SANTA APOLONIA"||||"Sin RPT"||"OFF NET"
4031||3|||"CABLEMAS"|"SUR"|"INTERIOR"|"SURESTE"|"GOLFO"|"VERACRUZ"|"HUB COATZACOALCOS"|"HUB COATZACOALCOS"|"LAS CHOAPAS"||||"Sin RPT"||"OFF NET"
4035||3|||"SKY"|"SUR"|"INTERIOR"|"SURESTE"|"SURESTE"|"YUCATAN"|"HUB MERIDA"|"HUB MERIDA"|"ACANCEH"||||"Sin RPT"||"OFF NET"
4039||3|||"CABLECOM"|"SUR"|"INTERIOR"|"SURESTE"|"GOLFO"|"TLAXCALA"|"HUB CALPULALPAN"|"HUB CALPULALPAN"|"IXTACUIXTLA"||||"Sin RPT"||"ON NET"
4043||3|||"CABLEMAS"|"SUR"|"INTERIOR"|"SURESTE"|"GOLFO"|"VERACRUZ"|"HUB TIERRA BLANCA"|"HUB TIERRA BLANCA"|"JOSE AZUETA"||||"Sin RPT"||"OFF RED"
4047||3|||"CABLECOM"|"NORTE"|"INTERIOR"|"PACIFICO"|"CENTRO"|"DURANGO"|"HUB GOMEZ PALACIO"|"HUB GOMEZ PALACIO"|"GOMEZ PALACIO"||||"Sin RPT"||"OFF NET"
4790||16|||"CABLEMAS"|"SUR"||"SURESTE"||"QUINTANA ROO"|"HUB PLAYA DEL CARMEN"|"HUB PLAYA DEL CARMEN"|"PLAYA DEL CARMEN"||||||"ON NET"
4794||16|||"SKY"|"SUR"||"OCCIDENTE"||"OAXACA"|"HUB OAXACA"|"HUB OAXACA"|"SAN JOSE DEL PROGRESO"||||||"OFF RED"
4798||16|||"SKY"|"NORTE"||"PACIFICO"||"ZACATECAS"|"HUB NOCHISTLAN"|"HUB NOCHISTLAN"|"APULPO"||||||"OFF NET"
4802||16|||"CABLEMAS"|"SUR"||"OCCIDENTE"||"AGUASCALIENTES"|"HUB CALVILLO"|"HUB CALVILLO"|"CALVILLO"||||||"OFF NET"
4806||16|||"TELECABLE"|"NORTE"||"NORESTE"||"COAHUILA"|"HUB MORELOS"|"HUB MORELOS"|"COAH MORELOS"||||||"OFF NET"
4810||16|||"SKY"|"SUR"||"SURESTE"||"CHIAPAS"|"HUB SAN CRISTOBAL"|"HUB SAN CRISTOBAL"|"PALENQUE"||||||"OFF NET"
4814||16|||"CABLEMAS"|"SUR"||"OCCIDENTE"||"GUERRERO"|"HUB COYUCA"|"HUB COYUCA"|"HELIODORO CASTILLO"||||||"OFF RED"
4818||16|||"TELECABLE"|"SUR"||"OCCIDENTE"||"JALISCO"|"HUB GUADALAJARA"|"HUB GUADALAJARA"|"AHUALULCO"||||||"OFF NET"
4822||16|||"TELECABLE"|"SUR"||"OCCIDENTE"||"JALISCO"|"HUB PUERTO VALLARTA"|"HUB PUERTO VALLARTA"|"CUAUTITLAN DE GARCIA BARRAGAN"||||||"OFF RED"
4826||16|||"CABLEMAS"|"METRO"||"METROPOLITANA"||"MORELOS"|"HUB CUAUTLA"|"HUB CUAUTLA"|"TEPOZTLAN"||||||"OFF NET"
4830||16|||"CABLECOM"|"METRO"||"METROPOLITANA"||"MEXICO"|"HUB TOLUCA"|"HUB TOLUCA"|"TOLUCA"||||||"ON NET"
4834||16|||"CABLEMAS"|"METRO"||"METROPOLITANA"||"MEXICO"|"HUB CHALCO"|"HUB CHALCO"|"ATLAUTLA"||||||"OFF NET"
4838||16|||"TELECABLE"|"SUR"||"SURESTE"||"TABASCO"|"HUB TENOSIQUE"|"HUB TENOSIQUE"|"TENOSIQUE"||||||"OFF NET"
4842||16|||"SKY"|"SUR"||"OCCIDENTE"||"OAXACA"|"HUB HUATULCO"|"HUB HUATULCO"|"AMATLAN"||||||"OFF RED"
4846||16|||"CABLECOM"|"SUR"||"SURESTE"||"TABASCO"|"HUB MACUSPANA"|"HUB MACUSPANA"|"MACUSPANA"||||||"OFF NET"
4850||16|||"CABLEMAS"|"SUR"||"SURESTE"||"VERACRUZ"|"HUB POZA RICA"|"HUB POZA RICA"|"CASTILLO DE TEAYO"||||||"OFF NET"
4854||16|||"SKY"|"SUR"||"SURESTE"||"YUCATAN"|"HUB UMAN"|"HUB UMAN"|"ABALA"||||||"OFF RED"
4858||16|||"CABLEMAS"|"METRO"||"METROPOLITANA"||"MEXICO"|"HUB IXTLAHUACA"|"HUB IXTLAHUACA"|"JILOTEPEC"||||||"OFF NET"
4862||16||||"SUR"||"SURESTE"||"PUEBLA"|"HUB TECAMACHALCO"|"HUB TECAMACHALCO"|"TEPEACA"||||||"OFF NET"
4866||16|||"TELECABLE"|"NORTE"||"NORESTE"||"SAN LUIS POTOSI"|"HUB MEXQUITIC"|"HUB MEXQUITIC"|"GUADALCAZAR"||||||"OFF RED"
4870||16|||"SKY"|"SUR"||"OCCIDENTE"||"OAXACA"|"HUB SALINA CRUZ"|"HUB SALINA CRUZ"|"MATIAS ROMERO"||||||"OFF NET"
4874||16|||"TVI"|"NORTE"||"NORESTE"||"NUEVO LEON"|"HUB MONTERREY"|"HUB MONTERREY"|"SAN PEDRO GARZA GARCIA"||||||"ON NET"
4878||16|||"CABLEMAS"|"NORTE"||"PACIFICO"||"BAJA CALIFORNIA"|"HUB TIJUANA"|"HUB TIJUANA"|"ROSARITO"||||||"ON NET"
4882||16|||"CABLECOM"|"NORTE"||"NORESTE"||"COAHUILA"|"HUB SALTILLO"|"HUB SALTILLO"|"ARTEAGA"||||||"OFF NET"
4886||16|||"SKY"|"NORTE"||"PACIFICO"||"CHIHUAHUA"|"HUB CHIHUAHUA"|"HUB CHIHUAHUA"|"AGUILES SERDAN"||||||"OFF NET"
4890||16|||"SKY"|"NORTE"||"NORESTE"||"GUANAJUATO"|"HUB IRAPUATO"|"HUB IRAPUATO"|"HUANIMARO"||||||"OFF RED"
4894||16|||"TELECABLE"|"SUR"||"OCCIDENTE"||"JALISCO"|"HUB TEPATITLAN"|"HUB TEPATITLAN"|"JUANACATLAN"||||||"OFF NET"
4898||16|||"TELECABLE"|"SUR"||"OCCIDENTE"||"JALISCO"|"HUB GUADALAJARA"|"HUB GUADALAJARA"|"TALA"||||||"OFF NET"
4902||16|||"SKY"|"SUR"||"OCCIDENTE"||"MICHOACAN"|"HUB LAZARO CARDENAS"|"HUB LAZARO CARDENAS"|"TUMBISCATIO"||||||"OFF NET"
4906||16||||"NORTE"||"PACIFICO"||"SONORA"|"HUB CUMPAS"|"HUB CUMPAS"|"LA COLORADA"||||||"OFF NET"
4910||16|||"CABLECOM"|"NORTE"||"PACIFICO"||"SONORA"|"HUB SAN LUIS RIO COLORADO"|"HUB SAN LUIS RIO COLORADO"|"PUERTO PEÑASCO"||||||"OFF NET"
4914||16|||"CABLECOM"|"SUR"||"SURESTE"||"TABASCO"|"HUB CARDENAS"|"HUB CARDENAS"|"HUIMANGUILLO"||||||"OFF NET"
4918||16|||"CABLECOM"|"SUR"||"SURESTE"||"TABASCO"|"HUB CENTLA"|"HUB CENTLA"|"JONUTA"||||||"OFF RED"
4922||16|||"CABLECOM"|"SUR"||"SURESTE"||"TLAXCALA"|"HUB YAHUQUEMEHCAN"|"HUB YAHUQUEMEHCAN"|"YAUHQUEMEHCAN"||||||"ON NET"
4926||16|||"CABLECOM"|"SUR"||"SURESTE"||"VERACRUZ"|"HUB VERACRUZ"|"HUB VERACRUZ"|"PASO DEL MACHO"||||||"OFF RED"
662|"1707A5FFA8DACB6010BEFC92DEA245A554F65188"|3|"MOR"|"451"|"TELECABLE"|"SUR"|"INTERIOR"|"OCCIDENTE"|"CENTRO"|"MICHOACAN"|"PMC MOROLEON"|"SANTA ANA MAYA"|"SANTA ANA MAYA"||"Y"|"WIZZ"|"SANTA ANA MAYA"|"MOROLEON"|"OFF NET"
2125|"787D41D9C35C57EF9E4ABA799BACEFAC312149A4"|30||"0"|"SKY"|"METRO"|"METRO"|"METROPOLITANA"|"MXSUR"|"DISTRITO FEDERAL"|"SKY - CIUDAD DE MEXICO"|"SKY - CIUDAD DE MEXICO"|"SKY - CIUDAD DE MEXICO"|||||"SIN PLAZA WR"|"NO IDENTIFICADA"
935|"D6070656F2F1F59260CC25DB744681CDA8F68ABA"|16|"PC"|"037"|"CABLEMAS"|"SUR"|"METROSUR"|"SURESTE"|"SURESTE"|"QUINTANA ROO"|"PLAYA DEL CARMEN"|"PLAYA DEL CARMEN"|"PLAYA DEL CARMEN"|"Y"|"Y"|"IZZI"|"PLAYA DEL CARMEN"|"CANCUN"|"NO IDENTIFICADA"
939|"A1D1650D6157CBB1358DB8C01CA7724957E324E5"|16|"APO"|"300"|"TVI"|"NORTE"|"NORTE"|"NORESTE"|"NORESTE"|"NUEVO LEON"|"MONTERREY"|"APODACA"|"APODACA"|"Y"|"Y"|"IZZI"|"MONTERREY"|"MTY - SENDERO"|"NO IDENTIFICADA"
943|"13D9AD894FF3365289CFA21A724CC5CE56F3FA7E"|16|"ESC"|"300"|"TVI"|"NORTE"|"NORTE"|"NORESTE"|"NORESTE"|"NUEVO LEON"|"MONTERREY"|"ESCOBEDO"|"ESCOBEDO"|"Y"|"Y"|"IZZI"|"MONTERREY"|"MTY - SENDERO"|"NO IDENTIFICADA"
948|"758423E05F358A8682960B17C4962A39F99B5520"|16|"LVD"|"300"|"TVI"|"NORTE"|"NORTE"|"NORESTE"|"NORESTE"|"NUEVO LEON"|"MONTERREY"|"LINDA VISTA"|"LINDA VISTA"|"Y"|"Y"|"IZZI"|"MONTERREY"|"MTY - REVOLUCION"|"NO IDENTIFICADA"
952|"CF7EA432FF73924B63F92DDF3A125F8BB5D09EA3"|16|"SCA"|"300"|"TVI"|"NORTE"|"NORTE"|"NORESTE"|"NORESTE"|"NUEVO LEON"|"MONTERREY"|"SANTA CATARINA"|"SANTA CATARINA"|"Y"|"Y"|"IZZI"|"MONTERREY"|"MTY - SANTA CATARINA"|"NO IDENTIFICADA"
956|"1C2FC833A96380A7748242283BCA87DAF252C457"|16|"RG"|"000"|"CABLEVISIÓN"|"METRO"|"METROSUR"|"METROPOLITANA"|"MXSUR"|"CIUDAD DE MEXICO"|"ROJO GOMEZ"|"METROPOLITANA"|"ROJO GOMEZ"|"Y"|"Y"|"IZZI"|"METROPOLITANA"|"ROJO GOMEZ"|"NO IDENTIFICADA"
960|"202270018CD8046F860A3A7F6E02DDBE9CDB8E25"|16|"CP"|"030"|"CABLEMAS"|"SUR"|"METROSUR"|"SURESTE"|"SURESTE"|"CAMPECHE"|"CAMPECHE"|"CAMPECHE"|"CAMPECHE"|"Y"|"Y"|"IZZI"|"CAMPECHE"|"CAMPECHE"|"NO IDENTIFICADA"
670|"095954FB3501C39B170EC600A2A4BB40BDF73870"|5|"AHU"|"449"|"TELECABLE"|"SUR"|"NORTE"|"OCCIDENTE"|"OCCIDENTE"|"JALISCO"|"PMO TEQUILA"|"AHUALULCO"|"AHUALULCO"||"Y"|"WIZZ"||"TEPATITLAN"|"NO IDENTIFICADA"
2107|"787D41D9C35C57EF9E4ABA799BACEFAC312149A4"|30||"0"|"SKY"|"NORTE"|"NORTE"|"NORESTE"|"NORESTE"|"COAHUILA DE ZARAGOZA"|"SKY - COAHUILA"|"SKY - COAHUILA"|"SKY - COAHUILA"|||||"SIN PLAZA WR"|"NO IDENTIFICADA"
2111|"787D41D9C35C57EF9E4ABA799BACEFAC312149A4"|30||"0"|"SKY"|"METRO"|"METRO"|"METROPOLITANA"|"MXNORTE"|"HIDALGO"|"SKY - HIDALGO"|"SKY - HIDALGO"|"SKY - HIDALGO"|||||"SIN PLAZA WR"|"NO IDENTIFICADA"
2115|"787D41D9C35C57EF9E4ABA799BACEFAC312149A4"|30||"0"|"SKY"|"SUR"|"SUR"|"SURESTE"|"SURESTE"|"TABASCO"|"SKY - TABASCO"|"SKY - TABASCO"|"SKY - TABASCO"|||||"SIN PLAZA WR"|"NO IDENTIFICADA"
2119|"787D41D9C35C57EF9E4ABA799BACEFAC312149A4"|30||"0"|"SKY"|"SUR"|"SUR"|"SURESTE"|"GOLFO"|"VERACRUZ"|"SKY - VERACRUZ"|"SKY - VERACRUZ"|"SKY - VERACRUZ"|||||"SIN PLAZA WR"|"NO IDENTIFICADA"
2123|"787D41D9C35C57EF9E4ABA799BACEFAC312149A4"|30||"0"|"SKY"|"METRO"|"METRO"|"METROPOLITANA"|"MXSUR"|"MORELOS"|"SKY - MORELOS"|"SKY - MORELOS"|"SKY - MORELOS"|||||"SIN PLAZA WR"|"NO IDENTIFICADA"
2802||3|"1"|"759"|"SKY"|"SUR"|"INTERIOR"|"OCCIDENTE"|"OCCIDENTE"|"Michoacán de Ocampo"|"HUB ZITACUARO"|"NO IDENTIFICADA"|"MARAVATIO"|"N"||"ND"|"OFFNET"|"SIN PLAZA WR"|"OFF RED"
2483||3|"1"|"759"|"SKY"|"SUR"|"INTERIOR"|"SURESTE"|"GOLFO"|"Puebla"|"HUB TEZIUTLAN"|"NO IDENTIFICADA"|"IXTACAMAXTITLAN"|"N"||"ND"|"OFFNET"|"SIN PLAZA WR"|"OFF RED"
1062|"052A9A3B536EA33E85FC079C29A5E141BA2BDD6A"|16|"TLX"|"565"|"CABLEMAS"|"SUR"|"METROSUR"|"SURESTE"|"GOLFO"|"PUEBLA"|"TLAXCALA"|"SAN MARTIN"|"SAN MARTIN TEXMELUCAN"||"Y"|"IZZI"|"SAN MARTIN TEXMELUCAN"|"TLAXCALA"|"NO IDENTIFICADA"
1106|"37189CD78C78AC04BD73E70AE0C95CCF13130330"|16|"TXC"|"604"|"CABLECOM"|"SUR"|"NORTE"|"OCCIDENTE"|"OCCIDENTE"|"GUERRERO"|"PMO IGUALA"|"TAXCO"|"TAXCO"||"Y"|"WIZZ"|"TAXCO"|"IGUALA"|"NO IDENTIFICADA"
207|"E5A152DBA9459D4123F6B6AF2BB340A446EF028D"|2|"44"|"044"|"CABLEMAS"|"SUR"|"NORTE"|"OCCIDENTE"|"OCCIDENTE"|"GUERRERO"|"HUITZUCO"|"HUITZUCO"|"HUITZUCO"||"Y"|||"ND"|"NO IDENTIFICADA"
95|"FB9B69B10894DEE01DB5CCB2FD9E7C13864C7E92"|1|"16"|"016"|"CABLEMAS"|"SUR"|"NORTE"|"OCCIDENTE"|"OCCIDENTE"|"GUERRERO"|"PMO IGUALA"|"IGUALA"|"IGUALA"||"Y"|||"IGUALA"|"NO IDENTIFICADA"
1082|"72A7B9B8707D84090F9D1C6A4E85960D938B7BAF"|16|"COM"|"414"|"TELECABLE"|"NORTE"|"NORTE"|"PACIFICO"|"CENTRO"|"NAYARIT"|"PMC SANTIAGO"|"COMPOSTELA"|"COMPOSTELA"||"Y"|"WIZZ"|"COMPOSTELA"|"SANTIAGO"|"NO IDENTIFICADA"
1086|"64D694EA78E300A57D18929457E37D23CC59122C"|16|"TUX"|"417"|"TELECABLE"|"NORTE"|"NORTE"|"PACIFICO"|"CENTRO"|"NAYARIT"|"PMC SANTIAGO"|"TUXPAN"|"TUXPAN"||"Y"|"WIZZ"|"TUXPAN"|"SANTIAGO"|"NO IDENTIFICADA"
222|"B22D3AD2AE9276CE326E6FD68284817D4807722E"|2|"49"|"049"|"CABLEMAS"|"SUR"|"NORTE"|"OCCIDENTE"|"OCCIDENTE"|"GUERRERO"|"CHILPANCINGO"|"ZUMPANGO DEL RIO"|"ZUMPANGO DEL RIO"||"Y"|||"CHILPANCINGO"|"NO IDENTIFICADA"
617|"E1E3BFCEAE0EF74945FC5C2754B09DA5FC98FDA8"|3|"IG"|"016"|"CABLEMAS"|"SUR"|"INTERIOR"|"OCCIDENTE"|"OCCIDENTE"|"GUERRERO"|"PMO IGUALA"|"IGUALA"|"IGUALA"|"N"|"Y"|"WIZZ"|"IGUALA"|"IGUALA"|"ON NET"
469|"D0F0E509AFA48F3524D94D833783AA5DC8094A34"|3|"ZR"|"049"|"CABLEMAS"|"SUR"|"INTERIOR"|"OCCIDENTE"|"OCCIDENTE"|"GUERRERO"|"CHILPANCINGO"|"ZUMPANGO DEL RIO"|"ZUMPANGO DEL RIO"|"N"|"Y"|"IZZI"|"ZUMPANGO DEL RIO"|"CHILPANCINGO"|"OFF NET"
1102|"09FE84BDAFF6DE69EA741010BAEFCAD65EB29987"|16|"CAR"|"535"|"CABLECOM"|"SUR"|"METROSUR"|"SURESTE"|"SURESTE"|"TABASCO"|"PMS CÁRDENAS"|"CARDENAS"|"CARDENAS"||"Y"|"WIZZ"|"CARDENAS"|"CARDENAS"|"NO IDENTIFICADA"
61|"154B55D0FC67C7C2F30EBE6DB05D06F26157B878"|4|"R9NH"|"0"|"TVI"|"NORTE"|"NORTE"|"NORESTE"|"NORESTE"|"ND"|"DEFAULT ORGANIZATION"|"DEFAULT ORGANIZATION"|"DEFAULT ORGANIZATION"||"Y"|||"ND"|"NO IDENTIFICADA"
982|"7696BECA3EDE8329F3CD031FFDB0BEF07CF93A0E"|16|"IX"|"582"|"CABLEMAS"|"METRO"|"METROSUR"|"METROPOLITANA"|"MXSUR"|"MEXICO"|"IXTAPALUCA"|"IXTAPALUCA"|"IXTAPALUCA LOS REYES"|"Y"|"N"|"IZZI"|"CHALCO"|"IXTAPALUCA"|"NO IDENTIFICADA"
986|"FE413B9A2B1186B430C66EC4E723D7F49FFB804A"|16|"MEO"|"587"|"CABLEMAS"|"METRO"|"METROSUR"|"METROPOLITANA"|"MXNORTE"|"MEXICO"|"MELCHOR OCAMPO"|"MELCHOR"|"MELCHOR OCAMPO"|"Y"|"N"|"IZZI"|"MELCHOR OCAMPO"|"MELCHOR OCAMPO"|"NO IDENTIFICADA"
2128|"787D41D9C35C57EF9E4ABA799BACEFAC312149A4"|30||"0"|"SKY"|"METRO"|"METRO"|"METROPOLITANA"|"MXNORTE"|"MEXICO"|"SKY - MEXICO"|"SKY - MEXICO"|"SKY - MEXICO"|||||"SIN PLAZA WR"|"NO IDENTIFICADA"
676|"FE51DA4ADC907FFD22961B8CD1EBE47B07AFFA00"|5|"TEQ"|"425"|"TELECABLE"|"SUR"|"NORTE"|"OCCIDENTE"|"OCCIDENTE"|"JALISCO"|"PMO TEQUILA"|"TEQUILA"|"TEQUILA"||"Y"|"WIZZ"||"TEPATITLAN"|"NO IDENTIFICADA"
2136|"787D41D9C35C57EF9E4ABA799BACEFAC312149A4"|30||"0"|"SKY"|"NO DEFINIDO"|"NO DEFINIDO"|"NO DEFINIDO"|"NO DEFINIDO"|"NO DEFINIDO"|"SKY - NO DEFINIDO"|"SKY - NO DEFINIDO"|"SKY - NO DEFINIDO"|||||"SIN PLAZA WR"|"NO IDENTIFICADA"
2140|"787D41D9C35C57EF9E4ABA799BACEFAC312149A4"|30||"0"|"SKY"|"REPUBLICA DOMINICANA"|"REPUBLICA DOMINICANA"|"REPUBLICA DOMINICANA"|"REPUBLICA DOMINICANA"|"REPUBLICA DOMINICANA"|"SKY - REPUBLICA DOMINICANA"|"SKY - REPUBLICA DOMINICANA"|"SKY - REPUBLICA DOMINICANA"|||||"SIN PLAZA WR"|"NO IDENTIFICADA"
495|"FAC051F48842D571B8EFAAD5F75CBBCCA52BCE8F"|3|"IX"|"089"|"CABLEMAS"|"METRO"|"METRO"|"METROPOLITANA"|"MXSUR"|"MEXICO"|"IXTAPALUCA"|"IXTAPALUCA"|"IXTAPALUCA LOS REYES"|"Y"|"N"|"IZZI"|"XICO"|"IXTAPALUCA"|"ON NET"
503|"9BE42E6C70AEB33D91F279C27927CD7137ECD1F0"|3|"CIV"|"303"|"CABLECOM"|"NORTE"|"INTERIOR"|"NORESTE"|"GOLFO"|"TAMAULIPAS"|"VICTORIA"|"CD. VICTORIA"|"CD. VICTORIA"|"Y"|"Y"|"IZZI"|"VICTORIA"|"CD. VICTORIA"|"NO IDENTIFICADA"
511|"1AC95CFAA3A8259AA4E9F59AB8CEDBFDE1EEC91E"|3|"REY"|"304"|"TVI"|"NORTE"|"INTERIOR"|"NORESTE"|"GOLFO"|"TAMAULIPAS"|"REYNOSA TVI"|"REYNOSA"|"REYNOSA"|"Y"|"Y"|"IZZI"|"REYNOSA"|"REYNOSA"|"ON NET"
519|"BF7AA059D13B88D0FDEE4D191ACD8A2EC834832C"|3|"MEC"|"578"|"CABLEMAS"|"METRO"|"METRO"|"METROPOLITANA"|"MXNORTE"|"MEXICO"|"MELCHOR OCAMPO"|"MELCHOR"|"COACALCO"|"Y"|"Y"|"IZZI"|"COACALCO"|"MELCHOR OCAMPO"|"NO IDENTIFICADA"
527|"1AA460A92A1FACE372637B56BE557C14420E223C"|3|"MEO"|"588"|"CABLEMAS"|"METRO"|"METRO"|"METROPOLITANA"|"MXNORTE"|"MEXICO"|"MELCHOR OCAMPO"|"MELCHOR"|"TULTITLAN"|"Y"|"Y"|"IZZI"|"TULTITLAN"|"MELCHOR OCAMPO"|"ON NET"
535|"5B3C7FB6308F8BA37CA49ADDB5E2924363D337B0"|3|"MEO"|"591"|"CABLEMAS"|"METRO"|"METRO"|"METROPOLITANA"|"MXNORTE"|"MEXICO"|"MELCHOR OCAMPO"|"MELCHOR"|"TULTEPEC"|"Y"|"Y"|"IZZI"|"TULTEPEC"|"MELCHOR OCAMPO"|"NO IDENTIFICADA"
543|"793C10D45202A1C3DD85F3DA5F8028782AB7A66E"|3|"TAM"|"431"|"TELECABLE"|"NORTE"|"INTERIOR"|"NORESTE"|"GOLFO"|"TAMAULIPAS"|"TAMPICO"|"TAMPICO"|"TAMPICO"|"Y"|"Y"|"IZZI"|"TAMPICO"|"TAMPICO"|"ON NET"
551|"76CFBF3FD8B71D76B253C3C9087DD77A412E0256"|3|"ORI"|"545"|"CABLEMAS"|"SUR"|"INTERIOR"|"SURESTE"|"SURESTE"|"VERACRUZ"|"ORIZABA"|"CIUDAD MENDOZA"|"CIUDAD MENDOZA"|"Y"|"Y"|"IZZI"|"CD MENDOZA"|"ORIZABA"|"NO IDENTIFICADA"
559|"03799D952572D86C05B7A0CBAEF13556F4016425"|3|"CM"|"584"|"CABLEMAS"|"METRO"|"METRO"|"METROPOLITANA"|"MXSUR"|"MEXICO"|"CHIMALHUACAN"|"TEXCOCO"|"TEXCOCO"|"Y"|"Y"|"IZZI"|"TEXCOCO"|"CHIMALHUACAN"|"NO IDENTIFICADA"
567|"A24B567011A06C34D570DA6A26004B6767714A98"|3|"ECT"|"086"|"CABLEMAS"|"METRO"|"METRO"|"METROPOLITANA"|"MXNORTE"|"MEXICO"|"ECATEPEC"|"TECAMAC"|"TECAMAC"|"Y"|"Y"|"IZZI"|"TECAMAC"|"ECATEPEC"|"ON NET"
597|"47341385E27725C82219BEB532043EE4CB4042AC"|3|"CEL"|"597"|"CABLECOM"|"NORTE"|"INTERIOR"|"NORESTE"|"CENTRO"|"GUANAJUATO"|"CELAYA"|"CELAYA"|"CELAYA"|"Y"|"Y"|"IZZI"|"CELAYA"|"CELAYA"|"ON NET"
605|"FF4A9BB35196EA28987623022A2C7F1B7E7DD8FC"|3|"MHU"|"033"|"CABLEMAS"|"SUR"|"INTERIOR"|"SURESTE"|"SURESTE"|"QUINTANA ROO"|"PMS RIVIERA MAYA"|"MAHAHUAL"|"MAHAHUAL"|"N"|"Y"|"WIZZ"|"MAHAHUAL"|"RIVIERA MAYA"|"NO IDENTIFICADA"
623|"9384C2A9CE32DD3616C7E2290D2EA73DB9423560"|3|"LC"|"074"|"CABLEMAS"|"SUR"|"INTERIOR"|"SURESTE"|"SURESTE"|"VERACRUZ"|"PMS ACAYUCAN"|"LAS CHOAPAS"|"LAS CHOAPAS"|"N"|"Y"|"WIZZ"|"LAS CHOAPAS"|"VERACRUZ"|"OFF NET"
2305||3|"1"|"759"|"SKY"|"NORTE"|"INTERIOR"|"NORESTE"|"CENTRO"|"Querétaro"|"HUB SAN JUAN DEL RIO"|"NO IDENTIFICADA"|"HUIMILPAN"|"N"||"ND"|"OFFNET"|"SIN PLAZA WR"|"OFF RED"
2309||3|"1"|"759"|"SKY"|"METRO"|"METRO"|"METROPOLITANA"|"MXNORTE"|"México"|"HUB NAUCALPAN"|"NO IDENTIFICADA"|"NAUCALPAN"|"N"||"ND"|"OFFNET"|"SIN PLAZA WR"|"ON NET"
2313||3|"1"|"759"|"SKY"|"SUR"|"INTERIOR"|"SURESTE"|"SURESTE"|"Yucatán"|"HUB MERIDA"|"NO IDENTIFICADA"|"MOCOCHA"|"N"||"ND"|"OFFNET"|"SIN PLAZA WR"|"OFF NET"
2317||3|"1"|"759"|"SKY"|"SUR"|"INTERIOR"|"SURESTE"|"GOLFO"|"Veracruz de Ignacio de la Llave"|"HUB XALAPA"|"NO IDENTIFICADA"|"TLACOLULAN"|"N"||"ND"|"OFFNET"|"SIN PLAZA WR"|"OFF RED"
2321||3|"1"|"759"|"SKY"|"NORTE"|"NORTE"|"NORESTE"|"NORESTE"|"Nuevo León"|"HUB GENERAL TERAN"|"NO IDENTIFICADA"|"GENERAL BRAVO"|"N"||"ND"|"OFFNET"|"SIN PLAZA WR"|"OFF NET"
2325||3|"1"|"759"|"SKY"|"SUR"|"INTERIOR"|"SURESTE"|"GOLFO"|"Puebla"|"HUB AMOZOC"|"NO IDENTIFICADA"|"AMOZOC"|"N"||"ND"|"OFFNET"|"SIN PLAZA WR"|"OFF NET"
2329||3|"1"|"759"|"SKY"|"NORTE"|"INTERIOR"|"NORESTE"|"CENTRO"|"Guanajuato"|"HUB GUANAJUATO"|"NO IDENTIFICADA"|"GUANAJUATO"|"N"||"ND"|"OFFNET"|"SIN PLAZA WR"|"OFF NET"
1530|"716D95AADB1A5A0C4CB564DEC80D1968736C653E"|3|"SAL"|"442"|"TELECABLE"|"SUR"|"INTERIOR"|"OCCIDENTE"|"OCCIDENTE"|"JALISCO"|"GUADALAJARA"|"EL SALTO"|"EL SALTO"||"Y"|"IZZI"|"EL SALTO"|"SIN PLAZA WR"|"ON NET"
762|"7CAFC0EEBE8971D72D288D81079E7E01F67380B1"|3|"AT"|"569"|"CABLECOM"|"SUR"|"INTERIOR"|"SURESTE"|"GOLFO"|"PUEBLA"|"PMG ATLIXCO"|"ATENCINGO"|"ATENCINGO"||"Y"|"WIZZ"|"ATENCINGO"|"IGUALA"|"NO IDENTIFICADA"
1536|"153E8500523EB5BA17097F0A86DEF53BA3D54126"|3|"ELS"|"453"|"TELECABLE"|"SUR"|"INTERIOR"|"OCCIDENTE"|"OCCIDENTE"|"JALISCO"|"GUADALAJARA"|"GUADALAJARA"|"EL SALTO"|"Y"|"Y"|"IZZI"|"GUADALAJARA"|"SIN PLAZA WR"|"ON NET"
639|"5436D0B2413BB8DC75C0BB025BBB6071889720A7"|3|"MCV"|"312"|"TVI"|"NORTE"|"NORTE"|"NORESTE"|"NORESTE"|"COAHUILA"|"MONCLOVA"|"MONCLOVA"|"MONCLOVA"|"N"|"Y"|"WIZZ"|"MONCLOVA"|"MONCLOVA"|"ON NET"
647|"B6F025850CBC53AB4ED004B9451E7A3BA8BB83B5"|3|"SFE"|"309"|"TVI"|"NORTE"|"INTERIOR"|"NORESTE"|"GOLFO"|"TAMAULIPAS"|"MATAMOROS"|"SAN FERNANDO"|"SAN FERNANDO"|"Y"|"Y"|"WIZZ"|"SAN FERNANDO"|"MATAMOROS"|"NO IDENTIFICADA"
313|"01EA02102106CA8B5E80DD3AE72204A13569A50F"|3|"CU"|"000"|"CABLEVISIÓN"|"METRO"|"METRO"|"METROPOLITANA"|"MXNORTE"|"MEXICO"|"CUAUTITLAN"|"METROPOLITANA"|"CUAUTITLAN"|"Y"|"Y"|"IZZI"|"METROPOLITANA"|"CUAUTITLAN"|"ON NET"
321|"D237F0C26B64C7AD7FFA8D0BE7195756F658C82E"|3|"SA"|"000"|"CABLEVISIÓN"|"METRO"|"METRO"|"METROPOLITANA"|"MXSUR"|"CIUDAD DE MEXICO"|"SARATOGA"|"METROPOLITANA"|"SARATOGA"|"Y"|"Y"|"IZZI"|"METROPOLITANA"|"SARATOGA"|"NO IDENTIFICADA"
331|"1118665BBFFD95D5A63CFD476697151F36F46BB4"|3|"GRL"|"000"|"CABLEVISIÓN"|"METRO"|"NO IDENTIFICADA"|"ND"|"NO IDENTIFICADA"|"ND"|"ND"|"ND"|"ND"|"N"|"N"|"ND"|"METROPOLITANA"|"ND"|"NO IDENTIFICADA"
4930||16|||"CABLECOM"|"SUR"||"SURESTE"||"TLAXCALA"|"HUB SAN PABLO DEL MONTE"|"HUB SAN PABLO DEL MONTE"|"MAZATECOCHO"||||||"OFF NET"
4934||16|||"CABLECOM"|"SUR"||"SURESTE"||"TLAXCALA"|"HUB YAHUQUEMEHCAN"|"HUB YAHUQUEMEHCAN"|"TETLA"||||||"OFF NET"
4938||16|||"SKY"|"SUR"||"SURESTE"||"VERACRUZ"|"HUB POZA RICA"|"HUB POZA RICA"|"CAZONES DE HERRERA"||||||"OFF RED"
4942||16|||"CABLECOM"|"NORTE"||"PACIFICO"||"ZACATECAS"|"HUB GUADALUPE"|"HUB GUADALUPE"|"ZACATECAS"||||||"ON NET"
4946||16|||"CABLECOM"|"SUR"||"SURESTE"||"CHIAPAS"|"HUB SAN CRISTOBAL"|"HUB SAN CRISTOBAL"|"SAN CRISTOBAL"||||||"OFF NET"
4950||16|||"TVI"|"NORTE"||"PACIFICO"||"DURANGO"|"HUB GOMEZ PALACIO"|"HUB GOMEZ PALACIO"|"NAZAS"||||||"OFF NET"
4954||16|||"CABLECOM"|"SUR"||"OCCIDENTE"||"JALISCO"|"HUB COLOTLAN"|"HUB COLOTLAN"|"BOLAÑOS"||||||"OFF NET"
4958||16|||"CABLECOM"|"METRO"||"METROPOLITANA"||"MEXICO"|"HUB TOLUCA"|"HUB TOLUCA"|"TIANGUISTENGO MEX"||||||"OFF NET"
4962||16|||"CABLECOM"|"NORTE"||"NORESTE"||"QUERETARO"|"HUB SAN JUAN DEL RIO"|"HUB SAN JUAN DEL RIO"|"PEDRO ESCOBEDO"||||||"OFF NET"
4966||16|||"SKY"|"NORTE"||"PACIFICO"||"SONORA"|"HUB CAJEME"|"HUB CAJEME"|"GUAYMAS"||||||"OFF NET"
4970||16|||"SKY"|"SUR"||"SURESTE"||"PUEBLA"|"HUB TEZIUTLAN"|"HUB TEZIUTLAN"|"IXTEPEC"||||||"OFF RED"
4974||16|||"CABLEVISIÓN"|"METRO"||"METROPOLITANA"||"MEXICO"|"HUB NAUCALPAN"|"HUB NAUCALPAN"|"NAUCALPAN"||||||"ON NET"
4978||16|||"SKY"|"NORTE"||"NORESTE"||"COAHUILA"|"HUB TORREON"|"HUB TORREON"|"VIESCA"||||||"OFF RED"
4982||16|||"CABLEMAS"|"METRO"||"METROPOLITANA"||"MEXICO"|"HUB ACOLMAN"|"HUB ACOLMAN"|"ACOLMAN"||||||"OFF NET"
4986||16|||"CABLEMAS"|"NORTE"||"NORESTE"||"QUERETARO"|"HUB JALPA DE SERRA"|"HUB JALPA DE SERRA"|"LANDA DE MATAMOROS"||||||"OFF RED"
4990||16|||"CABLEMAS"|"NORTE"||"PACIFICO"||"SINALOA"|"HUB AHOME"|"HUB AHOME"|"AHOME"||||||"OFF NET"
4994||16|||"SKY"|"NORTE"||"PACIFICO"||"SONORA"|"HUB NOGALES"|"HUB NOGALES"|"BAVIACORA"||||||"OFF NET"
4998||16|||"SKY"|"SUR"||"OCCIDENTE"||"OAXACA"|"HUB PINOTEPA"|"HUB PINOTEPA"|"TLAXIACO"||||||"OFF RED"
4514||5|||"TELECABLE"|"SUR"||"SURESTE"||"CHIAPAS"|"HUB TUXTLA GUTIERREZ"|"HUB TUXTLA GUTIERREZ"|"VILLAFLORES"||||||"OFF NET"
4518||5|||"CABLEMAS"|"NORTE"||"PACIFICO"||"CHIHUAHUA"|"HUB CUAUHTEMOC CHIH"|"HUB CUAUHTEMOC CHIH"|"NAMIQUIPA"||||||"OFF RED"
4522||5|||"CABLECOM"|"NORTE"||"NORESTE"||"GUANAJUATO"|"HUB PENJAMO"|"HUB PENJAMO"|"SANTA ANA PACUECO"||||||"OFF NET"
4526||5|||"CABLEMAS"|"NORTE"||"NORESTE"||"GUANAJUATO"|"HUB IRAPUATO"|"HUB IRAPUATO"|"VALLE DE SANTIAGO"||||||"OFF NET"
4530||5|||"SKY"|"SUR"||"OCCIDENTE"||"GUERRERO"|"HUB COYUCA"|"HUB COYUCA"|"SAN MIGUEL TOTOLAPAN"||||||"OFF NET"
4534||5|||"TELECABLE"|"SUR"||"OCCIDENTE"||"JALISCO"|"HUB LAGOS DE MORENO"|"HUB LAGOS DE MORENO"|"SAN JULIAN"||||||"ON NET"
4538||5|||"SKY"|"SUR"||"OCCIDENTE"||"OAXACA"|"HUB JUXTLAHUACA"|"HUB JUXTLAHUACA"|"SAN PEDRO Y SAN PABLO TEPOSCOLULA"||||||"OFF NET"
4542||5|||"SKY"|"METRO"||"METROPOLITANA"||"MEXICO"|"HUB VILLA VICTORIA"|"HUB VILLA VICTORIA"|"LUVIANOS"||||||"OFF RED"
4546||5|||"SKY"|"SUR"||"SURESTE"||"PUEBLA"|"HUB TECAMACHALCO"|"HUB TECAMACHALCO"|"TEPEXI"||||||"OFF RED"
4667||16|||"CABLEMAS"|"SUR"||"SURESTE"||"VERACRUZ"|"HUB XALAPA"|"HUB XALAPA"|"TECOLUTLA"||||||"OFF RED"
4671||16|||"CABLEMAS"|"SUR"||"SURESTE"||"YUCATAN"|"HUB TEKAX"|"HUB TEKAX"|"TEKAX"||||||"OFF NET"
4675||16|||"CABLECOM"|"SUR"||"OCCIDENTE"||"GUERRERO"|"HUB IGUALA"|"HUB IGUALA"|"TELOLOAPAN"||||||"OFF NET"
4679||16|||"CABLEMAS"|"METRO"||"METROPOLITANA"||"HIDALGO"|"HUB TULA"|"HUB TULA"|"TEPEJI DEL RIO"||||||"OFF NET"
4683||16|||"CABLECOM"|"SUR"||"OCCIDENTE"||"JALISCO"|"HUB TEPATITLAN"|"HUB TEPATITLAN"|"ATOTONILCO EL ALTO"||||||"OFF NET"
4687||16|||"CABLECOM"|"SUR"||"OCCIDENTE"||"MICHOACAN"|"HUB ZAMORA"|"HUB ZAMORA"|"LA PIEDAD"||||||"OFF NET"
4691||16|||"CABLEMAS"|"SUR"||"SURESTE"||"QUINTANA ROO"|"HUB CHETUMAL"|"HUB CHETUMAL"|"CHETUMAL"||||||"ON NET"
4578||5|||"CABLECOM"|"NORTE"||"PACIFICO"||"DURANGO"|"HUB GOMEZ PALACIO"|"HUB GOMEZ PALACIO"|"GOMEZ PALACIO"||||||"OFF NET"
4582||5|||"SKY"|"SUR"||"OCCIDENTE"||"MICHOACAN"|"HUB URUAPAN"|"HUB URUAPAN"|"APATZINGAN"||||||"OFF NET"
4586||5|||"TELECABLE"|"SUR"||"OCCIDENTE"||"JALISCO"|"HUB PUERTO VALLARTA"|"HUB PUERTO VALLARTA"|"TENAMAXTLAN"||||||"OFF NET"
4590||5|||"CABLECOM"|"SUR"||"OCCIDENTE"||"MICHOACAN"|"HUB MORELIA"|"HUB MORELIA"|"MORELIA"||||||"OFF NET"
4594||5|||"CABLEMAS"|"NORTE"||"NORESTE"||"QUERETARO"|"HUB JALPA DE SERRA"|"HUB JALPA DE SERRA"|"LANDA DE MATAMOROS"||||||"OFF RED"
4598||16|||"SKY"|"SUR"||"SURESTE"||"CHIAPAS"|"HUB TAPACHULA"|"HUB TAPACHULA"|"METAPA"||||||"OFF NET"
4602||16|||"SKY"|"NORTE"||"PACIFICO"||"CHIHUAHUA"|"HUB GUACHOCHI"|"HUB GUACHOCHI"|"GUADALUPE Y CALVO"||||||"OFF RED"
4606||16|||"SKY"|"NORTE"||"PACIFICO"||"CHIHUAHUA"|"HUB PARRAL"|"HUB PARRAL"|"LOPEZ"||||||"OFF NET"
4610||16|||"CABLEMAS"|"METRO"||"METROPOLITANA"||"HIDALGO"|"HUB TULA"|"HUB TULA"|"ALFAYUCAN"||||||"OFF RED"
4614||16|||"TELECABLE"|"SUR"||"OCCIDENTE"||"JALISCO"|"HUB PUERTO VALLARTA"|"HUB PUERTO VALLARTA"|"CIHUATLAN"||||||"OFF NET"
4618||16|||"SKY"|"SUR"||"OCCIDENTE"||"MICHOACAN"|"HUB ZITACUARO"|"HUB ZITACUARO"|"ANGANGUEO"||||||"OFF NET"
4622||16|||"TVI"|"SUR"||"OCCIDENTE"||"OAXACA"|"HUB TUXTEPEC"|"HUB TUXTEPEC"|"IXTLAN DE JUAREZ"||||||"OFF RED"
4626||16|||"SKY"|"SUR"||"OCCIDENTE"||"MICHOACAN"|"HUB TACAMBARO"|"HUB TACAMBARO"|"TURICATO"||||||"OFF RED"
4630||16|||"SKY"|"SUR"||"OCCIDENTE"||"OAXACA"|"HUB HUAJUAPAN"|"HUB HUAJUAPAN"|"SAN JOSE TENANGO"||||||"OFF RED"
4634||16|||"SKY"|"SUR"||"SURESTE"||"PUEBLA"|"HUB ZACATLAN"|"HUB ZACATLAN"|"TEPANGO"||||||"OFF NET"
5125||16|||"CABLEMAS"|"NORTE"||"PACIFICO"||"CHIHUAHUA"|"HUB CHIHUAHUA"|"HUB CHIHUAHUA"|"DELICIAS"||||||"ON NET"
5129||16|||"CABLEMAS"|"METRO"||"METROPOLITANA"||"HIDALGO"|"HUB IXMIQUILPAN"|"HUB IXMIQUILPAN"|"ZIMAPAN"||||||"OFF RED"
5133||16|||"CABLEMAS"|"NORTE"||"NORESTE"||"GUANAJUATO"|"HUB CELAYA"|"HUB CELAYA"|"JERECUARO"||||||"OFF RED"
5137||16|||"SKY"|"SUR"||"OCCIDENTE"||"GUERRERO"|"HUB COYUCA"|"HUB COYUCA"|"SAN MIGUEL TOTOLAPAN"||||||"OFF NET"
5141||16|||"CABLEMAS"|"METRO"||"METROPOLITANA"||"HIDALGO"|"HUB TULA"|"HUB TULA"|"TULA HGO"||||||"ON NET"
5145||16|||"SKY"|"SUR"||"OCCIDENTE"||"MICHOACAN"|"HUB MORELIA"|"HUB MORELIA"|"MADERO"||||||"OFF RED"
5149||16|||"SKY"|"SUR"||"OCCIDENTE"||"OAXACA"|"HUB JUXTLAHUACA"|"HUB JUXTLAHUACA"|"SAN MARTIN ITUNYOSO"||||||"OFF NET"
5153||16|||"SKY"|"NORTE"||"NORESTE"||"SAN LUIS POTOSI"|"HUB MATEHUALA"|"HUB MATEHUALA"|"CATORCE"||||||"OFF RED"
5157||16|||"SKY"|"SUR"||"SURESTE"||"PUEBLA"|"HUB TEZIUTLAN"|"HUB TEZIUTLAN"|"AYOTOXCO"||||||"OFF NET"
5161||16|||"CABLEMAS"|"SUR"||"SURESTE"||"PUEBLA"|"HUB ATLIXCO"|"HUB ATLIXCO"|"ATLIXCO"||||||"ON NET"
5165||16|||"CABLEMAS"|"SUR"||"SURESTE"||"VERACRUZ"|"HUB COATZACOALCOS"|"HUB COATZACOALCOS"|"COSOLEACAQUE"||||||"ON NET"
5169||16|||"CABLECOM"|"SUR"||"SURESTE"||"VERACRUZ"|"HUB VERACRUZ"|"HUB VERACRUZ"|"CORDOBA"||||||"ON NET"
5173||16|||"SKY"|"SUR"||"SURESTE"||"VERACRUZ"|"HUB PANUCO"|"HUB PANUCO"|"PLATON SANCHEZ"||||||"OFF NET"
5177||16|||"TVI"|"SUR"||"SURESTE"||"YUCATAN"|"HUB TEKAX"|"HUB TEKAX"|"HOMUN"||||||"OFF NET"
5181||16|||"CABLECOM"|"NORTE"||"PACIFICO"||"DURANGO"|"HUB GOMEZ PALACIO"|"HUB GOMEZ PALACIO"|"GOMEZ PALACIO"||||||"OFF NET"
5185||16|||"SKY"|"SUR"||"OCCIDENTE"||"MICHOACAN"|"HUB LAZARO CARDENAS"|"HUB LAZARO CARDENAS"|"LAZARO CARDENAS MICH"||||||"OFF NET"
5189||16|||"TELECABLE"|"SUR"||"OCCIDENTE"||"JALISCO"|"HUB GUADALAJARA"|"HUB GUADALAJARA"|"ZAPOPAN"||||||"ON NET"
5193||16|||"CABLECOM"|"METRO"||"METROPOLITANA"||"MEXICO"|"HUB TOLUCA"|"HUB TOLUCA"|"LERMA"||||||"OFF NET"
5197||16|||"CABLEMAS"|"NORTE"||"NORESTE"||"SAN LUIS POTOSI"|"HUB VALLES"|"HUB VALLES"|"EBANO"||||||"OFF NET"
5201||16|||"SKY"|"SUR"||"OCCIDENTE"||"OAXACA"|"HUB SALINA CRUZ"|"HUB SALINA CRUZ"|"SAN JUAN GUICHICOVI"||||||"OFF RED"
5205||16|||"SKY"|"SUR"||"OCCIDENTE"||"OAXACA"|"HUB HUATULCO"|"HUB HUATULCO"|"MIXTEPEC"||||||"OFF NET"
5209||16|||"CABLECOM"|"NORTE"||"PACIFICO"||"ZACATECAS"|"HUB FRESNILLO"|"HUB FRESNILLO"|"FRESNILLO"||||||"ON NET"
5213||16|||"CABLEMAS"|"SUR"||"OCCIDENTE"||"OAXACA"|"HUB SALINA CRUZ"|"HUB SALINA CRUZ"|"ASUNCION IXTALTEPEC"||||||"OFF RED"
5217||16|||"SKY"|"SUR"||"OCCIDENTE"||"COLIMA"|"HUB TECOMAN"|"HUB TECOMAN"|"IXTLAHUACAN"||||||"OFF NET"
5221||16|||"TELECABLE"|"NORTE"||"PACIFICO"||"CHIHUAHUA"|"HUB PARRAL"|"HUB PARRAL"|"CAMARGO CHIH"||||||"ON NET"
5225||16|||"CABLECOM"|"METRO"||"METROPOLITANA"||"HIDALGO"|"HUB PACHUCA"|"HUB PACHUCA"|"HGO ACTOPAN"||||||"OFF NET"
5229||16|||"SKY"|"NORTE"||"NORESTE"||"GUANAJUATO"|"HUB PENJAMO"|"HUB PENJAMO"|"ROMITA"||||||"OFF RED"
5233||16|||"SKY"|"SUR"||"OCCIDENTE"||"JALISCO"|"HUB COLOTLAN"|"HUB COLOTLAN"|"MEZQUITIC"||||||"OFF RED"
5237||16|||"CABLEVISIÓN"|"METRO"||"METROPOLITANA"||"MEXICO"|"HUB HUIXQUILUCAN"|"HUB HUIXQUILUCAN"|"HUIXQUILUCAN"||||||"ON NET"
5241||16|||"TVI"|"NORTE"||"NORESTE"||"NUEVO LEON"|"HUB MONTERREY"|"HUB MONTERREY"|"GUADALUPE NL"||||||"ON NET"
5245||16|||"TVI"|"NORTE"||"NORESTE"||"NUEVO LEON"|"HUB MONTERREY"|"HUB MONTERREY"|"JUAREZ NL"||||||"ON NET"
5249||16|||"TELECABLE"|"SUR"||"OCCIDENTE"||"MICHOACAN"|"HUB URUAPAN"|"HUB URUAPAN"|"PERIBAN"||||||"OFF NET"
5253||16|||"SKY"|"SUR"||"SURESTE"||"PUEBLA"|"HUB TECAMACHALCO"|"HUB TECAMACHALCO"|"TLACOTEPEC"||||||"OFF RED"
5257||16|||"CABLEMAS"|"NORTE"||"PACIFICO"||"ZACATECAS"|"HUB NOCHISTLAN"|"HUB NOCHISTLAN"|"NOCHISTLAN"||||||"ON NET"
5261||16|||"SKY"|"SUR"||"OCCIDENTE"||"OAXACA"|"HUB OAXACA"|"HUB OAXACA"|"AYOQUEZCO"||||||"OFF RED"
5265||16|||"CABLEMAS"|"SUR"||"SURESTE"||"PUEBLA"|"HUB TEZIUTLAN"|"HUB TEZIUTLAN"|"XIUTETELCO"||||||"ON NET"
5269||16|||"SKY"|"SUR"||"SURESTE"||"TLAXCALA"|"HUB HUAMANTLA"|"HUB HUAMANTLA"|"SAN JOSE TEACALCO"||||||"OFF NET"
5273||16|||"SKY"|"SUR"||"SURESTE"||"VERACRUZ"|"HUB XALAPA"|"HUB XALAPA"|"URSULO GALVAN"||||||"OFF NET"
5277||16|||"SKY"|"SUR"||"SURESTE"||"YUCATAN"|"HUB MERIDA"|"HUB MERIDA"|"IXIL"||||||"OFF RED"
5281||16|||"TELECABLE"|"NORTE"||"PACIFICO"||"ZACATECAS"|"HUB GUADALUPE"|"HUB GUADALUPE"|"CALERA"||||||"OFF NET"
5285||16|||"TVI"|"NORTE"||"NORESTE"||"TAMAULIPAS"|"HUB REYNOSA"|"HUB REYNOSA"|"REYNOSA"||||||"ON NET"
5289||16|||"SKY"|"SUR"||"SURESTE"||"VERACRUZ"|"HUB XALAPA"|"HUB XALAPA"|"TLACOLULAN"||||||"OFF RED"
5293||16|||"CABLECOM"|"SUR"||"SURESTE"||"VERACRUZ"|"HUB SAN ANDRES TUXTLA"|"HUB SAN ANDRES TUXTLA"|"ACAYUCAN"||||||"OFF NET"
5297||16|||"CABLECOM"|"SUR"||"SURESTE"||"CHIAPAS"|"HUB TUXTLA GUTIERREZ"|"HUB TUXTLA GUTIERREZ"|"TUXTLA GUTIERREZ"||||||"OFF NET"
5301||16|||"TELECABLE"|"NORTE"||"PACIFICO"||"NAYARIT"|"HUB TEPIC"|"HUB TEPIC"|"NAY TUXPAN"||||||"OFF NET"
5305||16|||"SKY"|"NORTE"||"NORESTE"||"NUEVO LEON"|"HUB SABINAS"|"HUB SABINAS"|"AGUALEGUAS"||||||"OFF NET"
5309||16|||"TELECABLE"|"METRO"||"METROPOLITANA"||"HIDALGO"|"HUB HUEJUTLA"|"HUB HUEJUTLA"|"HUEJUTLA"||||||"OFF RED"
5070||16|||"SKY"|"SUR"||"SURESTE"||"PUEBLA"|"HUB HUAUCHINANGO"|"HUB HUAUCHINANGO"|"VENUSTIANO CARRANZA PUE"||||||"OFF NET"
5074||16|||"SKY"|"NORTE"||"PACIFICO"||"SONORA"|"HUB NOGALES"|"HUB NOGALES"|"NACOZARI DE GARCIA"||||||"OFF NET"
5078||16|||"CABLEMAS"|"SUR"||"SURESTE"||"YUCATAN"|"HUB IZAMAL"|"HUB IZAMAL"|"IZAMAL"||||||"ON NET"
5082||16|||"CABLECOM"|"SUR"||"SURESTE"||"VERACRUZ"|"HUB TIERRA BLANCA"|"HUB TIERRA BLANCA"|"ANGEL R CABADA"||||||"OFF RED"
5086||16|||"CABLEMAS"|"SUR"||"SURESTE"||"TLAXCALA"|"HUB HUAMANTLA"|"HUB HUAMANTLA"|"TZOMPANTEPEC"||||||"OFF NET"
5090||16|||"SKY"|"SUR"||"SURESTE"||"YUCATAN"|"HUB VALLADOLID"|"HUB VALLADOLID"|"TINUM"||||||"OFF NET"
5094||16|||"SKY"|"NORTE"||"PACIFICO"||"CHIHUAHUA"|"HUB GUACHOCHI"|"HUB GUACHOCHI"|"NONOAVA"||||||"OFF NET"
5098||16|||"CABLEMAS"|"SUR"||"OCCIDENTE"||"MICHOACAN"|"HUB URUAPAN"|"HUB URUAPAN"|"URUAPAN"||||||"OFF NET"
5102||16|||"CABLEMAS"|"SUR"||"OCCIDENTE"||"JALISCO"|"HUB CIUDAD GUZMAN"|"HUB CIUDAD GUZMAN"|"TIZAPAN"||||||"OFF NET"
5106||16|||"SKY"|"NORTE"||"NORESTE"||"SAN LUIS POTOSI"|"HUB RIOVERDE"|"HUB RIOVERDE"|"RAYON"||||||"OFF RED"
5110||16|||"CABLECOM"|"SUR"||"SURESTE"||"PUEBLA"|"HUB ZACATLAN"|"HUB ZACATLAN"|"TLAOLA"||||||"OFF RED"
5114||16|||"SKY"|"NORTE"||"NORESTE"||"COAHUILA"|"HUB PIEDRAS NEGRAS"|"HUB PIEDRAS NEGRAS"|"ACUÑA"||||||"OFF NET"
5118||16|||"TELECABLE"|"SUR"||"SURESTE"||"CHIAPAS"|"HUB TAPACHULA"|"HUB TAPACHULA"|"MOTOZINTLA"||||||"OFF RED"
5367||16|||"SKY"|"SUR"||"SURESTE"||"YUCATAN"|"HUB TEKAX"|"HUB TEKAX"|"TECOH"||||||"OFF RED"
5371||16|||"CABLEMAS"|"SUR"||"SURESTE"||"PUEBLA"|"HUB ATLIXCO"|"HUB ATLIXCO"|"SAN MARTIN TEXMELUCAN"||||||"ON NET"
5375||16|||"CABLECOM"|"SUR"||"SURESTE"||"PUEBLA"|"HUB IZUCAR DE MATAMOROS"|"HUB IZUCAR DE MATAMOROS"|"IZUCAR DE MATAMOROS"||||||"OFF NET"
5379||16|||"CABLECOM"|"SUR"||"SURESTE"||"PUEBLA"|"HUB IZUCAR DE MATAMOROS"|"HUB IZUCAR DE MATAMOROS"|"CHIETLA"||||||"OFF NET"
5383||16|||"SKY"|"SUR"||"SURESTE"||"TLAXCALA"|"HUB HUAMANTLA"|"HUB HUAMANTLA"|"ZITLALTEPEC"||||||"OFF NET"
5387||16|||"CABLEMAS"|"SUR"||"SURESTE"||"VERACRUZ"|"HUB XALAPA"|"HUB XALAPA"|"PEROTE"||||||"OFF NET"
339|"F7BF3084FE37CC1D4DCF425ADFF5DC607FDDCBCA"|3|"TE"|"013"|"CABLEMAS"|"NORTE"|"NORTE"|"PACIFICO"|"PACIFICO"|"BAJA CALIFORNIA"|"TIJUANA"|"TECATE"|"TECATE"|"Y"|"Y"|"IZZI"|"TECATE"|"TIJUANA"|"ON NET"
347|"792AA5D3C7F379E9AFA42A53F235DDC052332141"|3|"MX"|"014"|"CABLEMAS"|"NORTE"|"NORTE"|"PACIFICO"|"PACIFICO"|"BAJA CALIFORNIA"|"MEXICALI"|"MEXICALI"|"MEXICALI"|"Y"|"Y"|"IZZI"|"MEXICALI"|"MEXICALI"|"ON NET"
619|"ED6DEC19D4E6E671C23CB7D006357434841460C2"|3|"YCA"|"091"|"CABLEMAS"|"SUR"|"INTERIOR"|"OCCIDENTE"|"CENTRO"|"JALISCO"|"PMC TEOCALTICHE"|"YAHUALICA"|"YAHUALICA"|"N"|"Y"|"WIZZ"|"YAHUALICA"|"TEOCALTICHE"|"NO IDENTIFICADA"
1|"6E3945F69D5112D27872F4060419BD6947EF27BF"|3|"-4"|"0"|"TELECABLE"|"NO IDENTIFICADA"|"NO IDENTIFICADA"|"NO IDENTIFICADA"|"NO IDENTIFICADA"|"ND"|"NO IDENTIFICADA"|"NO IDENTIFICADA"|"NO IDENTIFICADA"|"N"|"N"|"ND"|"Sin RPT"|"ND"|"NO IDENTIFICADA"
11|"1118665BBFFD95D5A63CFD476697151F36F46BB4"|3|"0"|"0"|"CABLEVISIÓN"|"METRO"|"NO IDENTIFICADA"|"ND"|"NO IDENTIFICADA"|"ND"|"ND"|"ND"|"ND"|"N"|"Y"|"ND"|"Sin RPT"|"ND"|"NO IDENTIFICADA"
441|"F264EA0C69E796ECD116FD806EDB9DCCF81BFFA5"|3|"GRL"|"300"|"TVI"|"NORTE"|"NORTE"|"NORESTE"|"NORESTE"|"NUEVO LEON"|"MONTERREY"|"MONTERREY"|"GENERAL"|"Y"|"Y"|"IZZI"|"MONTERREY"|"GENERAL"|"NO IDENTIFICADA"
705|"07D37111141A61B2B6E8A32ADDD59FA4171C192A"|3|"SJL"|"423"|"TELECABLE"|"SUR"|"INTERIOR"|"OCCIDENTE"|"CENTRO"|"JALISCO"|"PMC TEPATITLAN"|"SAN JUAN DE LOS LAGOS"|"SAN JUAN DE LOS LAGOS"||"Y"|"WIZZ"|"SAN JUAN DE LOS LAGOS"|"TEPATITLAN"|"ON NET"
669|"1818EAFB632B297EB2799565FC9291BCEFC3A387"|3|"AHU"|"449"|"TELECABLE"|"SUR"|"INTERIOR"|"OCCIDENTE"|"OCCIDENTE"|"JALISCO"|"PMO TEQUILA"|"AHUALULCO"|"AHUALULCO"||"Y"|"WIZZ"|"AHUALULCO"|"TEPATITLAN"|"OFF NET"
784|"72C932E8218EB0878CDD6B5628FAA6898E2B970D"|3|"CUN"|"538"|"CABLECOM"|"SUR"|"INTERIOR"|"SURESTE"|"SURESTE"|"TABASCO"|"PMS CÁRDENAS"|"CUNDUACAN"|"CUNDUACAN"||"Y"|"WIZZ"|"CUNDUACAN"|"CARDENAS"|"OFF NET"
796|"5C59923BA87A5645C9E76DF92694437DB4BCC19B"|3|"TZY"|"594"|"CABLEMAS"|"METRO"|"METRO"|"METROPOLITANA"|"MXNORTE"|"HIDALGO"|"PMM TULA"|"TIZAYUCA"|"TIZAYUCA"||"Y"|"WIZZ"|"TIZAYUCA"|"TULA"|"OFF NET"
679|"A40426ECAAA7320A19B4BA70532127A1F888520C"|3|"CAC"|"436"|"TELECABLE"|"SUR"|"INTERIOR"|"OCCIDENTE"|"OCCIDENTE"|"JALISCO"|"PMO TECOMAN"|"CASIMIRO CASTILLO"|"CASIMIRO CASTILLO"||"Y"|"WIZZ"|"CASIMIRO CASTILLO"|"SANTIAGO"|"OFF NET"
654|"DEF9F4497EE28AD33A048E4D5A3B25C9C26CEB8F"|3|"TLX"|"564"|"CABLECOM"|"SUR"|"INTERIOR"|"SURESTE"|"GOLFO"|"TLAXCALA"|"TLAXCALA"|"TEOLOCHOLCO"|"TEOLOCHOLCO"||"Y"|"IZZI"|"TEOLOCHOLCO"|"TLAXCALA"|"NO IDENTIFICADA"
658|"3B096F747966B9795CFDF6D98494DB267C895B91"|3|"MAD"|"444"|"TELECABLE"|"NORTE"|"INTERIOR"|"NORESTE"|"CENTRO"|"GUANAJUATO"|"PMC SAN FCO DEL RINCÓN"|"MANUEL DOBLADO"|"MANUEL DOBLADO"||"Y"|"WIZZ"|"MANUEL DOBLADO"|"MOROLEON"|"OFF NET"
2743||3|"1"|"759"|"SKY"|"NORTE"|"NORTE"|"NORESTE"|"NORESTE"|"Nuevo León"|"HUB LINARES"|"NO IDENTIFICADA"|"RAYONES"|"N"||"ND"|"OFFNET"|"SIN PLAZA WR"|"OFF NET"
2786||3|"1"|"759"|"SKY"|"SUR"|"INTERIOR"|"OCCIDENTE"|"OCCIDENTE"|"Michoacán de Ocampo"|"HUB ZAMORA"|"NO IDENTIFICADA"|"COENEO"|"N"||"ND"|"OFFNET"|"SIN PLAZA WR"|"OFF RED"
485|"878F08A8673D47C00193A197B67B2B7C628E4C1F"|3|"REP"|"301"|"CABLECOM"|"NORTE"|"NORTE"|"NORESTE"|"NORESTE"|"COAHUILA"|"COAHUILA"|"SALTILLO"|"SALTILLO"|"Y"|"N"|"IZZI"|"SALTILLO"|"SALTILLO"|"ON NET"
493|"FAC051F48842D571B8EFAAD5F75CBBCCA52BCE8F"|3|"IX"|"084"|"CABLEMAS"|"METRO"|"METRO"|"METROPOLITANA"|"MXSUR"|"MEXICO"|"IXTAPALUCA"|"IXTAPALUCA"|"IXTAPALUCA LOS REYES"|"Y"|"N"|"IZZI"|"SAN BUENAVENTURA"|"IXTAPALUCA"|"ON NET"
579|"1069605073349640AA7110564B994745702F4B2C"|3|"SLP"|"573"|"CABLECOM"|"NORTE"|"INTERIOR"|"NORESTE"|"GOLFO"|"SAN LUIS POTOSI"|"SAN LUIS POTOSI"|"SAN LUIS POTOSI"|"SOLEDAD DE GRACIANO SANCHEZ"|"Y"|"Y"|"IZZI"|"SOLEDAD DE GRACIANO SANCHEZ"|"SAN LUIS POTOSI"|"NO IDENTIFICADA"
587|"A7A9E6D3E202B976B8F18FEB566374B4F65A1770"|3|"VHA"|"533"|"CABLECOM"|"SUR"|"INTERIOR"|"SURESTE"|"SURESTE"|"TABASCO"|"VILLAHERMOSA"|"MACULTEPEC"|"MACULTEPEC"|"Y"|"Y"|"IZZI"|"MACULTEPEC"|"VILLA HERMOSA"|"NO IDENTIFICADA"
305|"A2DDD8258AD789D5C41A9D98CFB0A25260B1C8C5"|3|"AB"|"000"|"CABLEVISIÓN"|"METRO"|"METRO"|"METROPOLITANA"|"MXNORTE"|"MEXICO"|"ARBOLEDAS"|"METROPOLITANA"|"ARBOLEDAS"|"Y"|"Y"|"IZZI"|"METROPOLITANA"|"ARBOLEDAS"|"NO IDENTIFICADA"
781|"8D1F32FCC92A8B785540AA1C6AC6F81BB8CF2C32"|3|"PDS"|"551"|"CABLECOM"|"NORTE"|"NORTE"|"NORESTE"|"NORESTE"|"COAHUILA"|"PIEDRAS NEGRAS"|"PIEDRAS NEGRAS"|"PIEDRAS NEGRAS"||"Y"|"WIZZ"|"PIEDRAS NEGRAS"|"PIEDRAS NEGRAS"|"ON NET"
750|"47EB89E44CD70621623862D8FF4435DDD98E13D5"|3|"JLP"|"537"|"CABLECOM"|"SUR"|"INTERIOR"|"SURESTE"|"SURESTE"|"TABASCO"|"PMS CÁRDENAS"|"JALPA"|"JALPA"||"Y"|"WIZZ"|"JALPA"|"CARDENAS"|"OFF NET"
756|"5AA2FAF2DD1AC1E7652346D2389213CB6BD17E4E"|3|"API"|"562"|"CABLECOM"|"SUR"|"INTERIOR"|"SURESTE"|"GOLFO"|"TLAXCALA"|"PMG APIZACO"|"APIZACO"|"APIZACO"||"Y"|"WIZZ"|"APIZACO"|"APIZACO"|"ON NET"
2225||3|"1"|"759"|"SKY"|"SUR"|"INTERIOR"|"SURESTE"|"GOLFO"|"Veracruz de Ignacio de la Llave"|"HUB VERACRUZ"|"NO IDENTIFICADA"|"AYAHUALULCO"|"N"||"ND"|"OFFNET"|"SIN PLAZA WR"|"OFF RED"
2229||3|"1"|"759"|"SKY"|"SUR"|"INTERIOR"|"SURESTE"|"GOLFO"|"Veracruz de Ignacio de la Llave"|"HUB SAN ANDRES TUXTLA"|"NO IDENTIFICADA"|"HUEYAPAN DE OCAMPO"|"N"||"ND"|"OFFNET"|"SIN PLAZA WR"|"OFF RED"
2233||3|"1"|"759"|"SKY"|"NORTE"|"INTERIOR"|"NORESTE"|"GOLFO"|"San Luis Potosí"|"HUB VALLES"|"NO IDENTIFICADA"|"TAMANZUNCHALE"|"N"||"ND"|"OFFNET"|"SIN PLAZA WR"|"OFF RED"
2103|"787D41D9C35C57EF9E4ABA799BACEFAC312149A4"|30||"0"|"SKY"|"SUR"|"SUR"|"OCCIDENTE"|"OCCIDENTE"|"JALISCO"|"SKY - JALISCO"|"SKY - JALISCO"|"SKY - JALISCO"|||||"SIN PLAZA WR"|"NO IDENTIFICADA"
2249||3|"1"|"759"|"SKY"|"METRO"|"METRO"|"METROPOLITANA"|"MXNORTE"|"Ciudad de México"|"HUB CUAJIMALPA"|"NO IDENTIFICADA"|"CUAJIMALPA"|"N"||"ND"|"OFFNET"|"SIN PLAZA WR"|"ON NET"
2253||3|"1"|"759"|"SKY"|"SUR"|"INTERIOR"|"SURESTE"|"GOLFO"|"Puebla"|"HUB TECAMACHALCO"|"NO IDENTIFICADA"|"HUATLATLAUCA"|"N"||"ND"|"OFFNET"|"SIN PLAZA WR"|"OFF RED"
2257||3|"1"|"759"|"SKY"|"METRO"|"METRO"|"METROPOLITANA"|"MXNORTE"|"Hidalgo"|"HUB TULANCINGO"|"NO IDENTIFICADA"|"CUAUTEPEC"|"N"||"ND"|"OFFNET"|"SIN PLAZA WR"|"OFF NET"
611|"7CF97391ED98FA571856BAE9349108C7B4249A66"|3|"OJU"|"094"|"CABLEMAS"|"SUR"|"INTERIOR"|"OCCIDENTE"|"CENTRO"|"JALISCO"|"PMC TEOCALTICHE"|"OJUELOS"|"OJUELOS"|"N"|"Y"|"WIZZ"|"OJUELOS"|"TEOCALTICHE"|"OFF NET"
989|"4D24F0082F8093A6D272FFF14E14795E06AD87C6"|16|"REY"|"304"|"TVI"|"NORTE"|"METROSUR"|"NORESTE"|"GOLFO"|"TAMAULIPAS"|"REYNOSA TVI"|"REYNOSA"|"REYNOSA"|"Y"|"Y"|"IZZI"|"REYNOSA"|"REYNOSA"|"NO IDENTIFICADA"
993|"1575A043A69B31915ABC5D0BFEDE6E912164B0CA"|16|"MEC"|"578"|"CABLEMAS"|"METRO"|"METROSUR"|"METROPOLITANA"|"MXNORTE"|"MEXICO"|"MELCHOR OCAMPO"|"MELCHOR"|"COACALCO"|"Y"|"Y"|"IZZI"|"COACALCO"|"MELCHOR OCAMPO"|"NO IDENTIFICADA"
997|"90A98F5BCBFA6DD5E38676FC66D156CB09A47264"|16|"MEO"|"588"|"CABLEMAS"|"METRO"|"METROSUR"|"METROPOLITANA"|"MXNORTE"|"MEXICO"|"MELCHOR OCAMPO"|"MELCHOR"|"TULTITLAN"|"Y"|"Y"|"IZZI"|"TULTITLAN"|"MELCHOR OCAMPO"|"NO IDENTIFICADA"
355|"518A187C37FCE7BE990B8C18BF64259B6E0ECD43"|3|"UM"|"028"|"CABLEMAS"|"SUR"|"INTERIOR"|"SURESTE"|"SURESTE"|"YUCATAN"|"MERIDA"|"UMAN"|"UMAN"|"Y"|"Y"|"IZZI"|"UMAN"|"MERIDA"|"OFF NET"
363|"F77A29BB460A4474D97679A83459BB4ECD09BDE2"|3|"CX"|"062"|"CABLEMAS"|"SUR"|"INTERIOR"|"SURESTE"|"SURESTE"|"YUCATAN"|"VALLADOLID"|"CHEMAX"|"CHEMAX"|"Y"|"Y"|"IZZI"|"CHEMAX"|"MERIDA"|"OFF NET"
371|"F42B04A68EB639AD93253546C477B6C7BED9E2EA"|3|"DL"|"052"|"CABLEMAS"|"NORTE"|"NORTE"|"PACIFICO"|"PACIFICO"|"CHIHUAHUA"|"CHIHUAHUA"|"DELICIAS"|"DELICIAS"|"Y"|"Y"|"IZZI"|"DELICIAS"|"CHIHUAHUA"|"ON NET"
379|"86484E772A6EE0A2E56EF090805CAD48274F0287"|3|"MO"|"056"|"CABLEMAS"|"NORTE"|"NORTE"|"PACIFICO"|"PACIFICO"|"CHIHUAHUA"|"CHIHUAHUA"|"MEOQUI"|"MEOQUI"|"Y"|"Y"|"IZZI"|"MEOQUI"|"CHIHUAHUA"|"OFF NET"
387|"931F64C908FDF435ACE06C34D855F9EB9C07F6B4"|3|"TX"|"067"|"CABLEMAS"|"SUR"|"INTERIOR"|"SURESTE"|"SURESTE"|"YUCATAN"|"VALLADOLID"|"TEMAX"|"TEMAX"|"Y"|"Y"|"IZZI"|"TEMAX"|"MERIDA"|"OFF NET"
395|"841D3247735EDDEB579790C2B67FF665AB0A77FC"|3|"CJ"|"060"|"CABLEMAS"|"NORTE"|"NORTE"|"PACIFICO"|"PACIFICO"|"CHIHUAHUA"|"CD. JUAREZ"|"CD. JUAREZ"|"CD. JUAREZ"|"Y"|"Y"|"IZZI"|"CD. JUAREZ"|"CD. JUAREZ"|"ON NET"
403|"B2E2BED60DD0A3564BCD8675CE52B0E3CBDA4E9C"|3|"PC"|"037"|"CABLEMAS"|"SUR"|"INTERIOR"|"SURESTE"|"SURESTE"|"QUINTANA ROO"|"PLAYA DEL CARMEN"|"PLAYA DEL CARMEN"|"PLAYA DEL CARMEN"|"Y"|"Y"|"IZZI"|"PLAYA DEL CARMEN"|"CANCUN"|"ON NET"
411|"C06739015EAB4B674B23122968E46A5F6DBF13E8"|3|"APO"|"300"|"TVI"|"NORTE"|"NORTE"|"NORESTE"|"NORESTE"|"NUEVO LEON"|"MONTERREY"|"APODACA"|"APODACA"|"Y"|"Y"|"IZZI"|"MONTERREY"|"MTY - SENDERO"|"ON NET"
419|"C807D98361A931A083B4F46E07570272CA5AF257"|3|"ESC"|"300"|"TVI"|"NORTE"|"NORTE"|"NORESTE"|"NORESTE"|"NUEVO LEON"|"MONTERREY"|"ESCOBEDO"|"ESCOBEDO"|"Y"|"Y"|"IZZI"|"MONTERREY"|"MTY - SENDERO"|"NO IDENTIFICADA"
427|"8A4D70ABC8EB06CF916F0875D7B080CA10B8FDBD"|3|"LNC"|"300"|"TVI"|"NORTE"|"NORTE"|"NORESTE"|"NORESTE"|"NUEVO LEON"|"MONTERREY"|"LINCOLN"|"LINCOLN"|"Y"|"Y"|"IZZI"|"MONTERREY"|"MTY - SENDERO"|"NO IDENTIFICADA"
435|"879AB3F3833A8D90BA52CBAB35A8E142BA270C98"|3|"SBA"|"300"|"TVI"|"NORTE"|"NORTE"|"NORESTE"|"NORESTE"|"NUEVO LEON"|"MONTERREY"|"SANTA BARBARA"|"SANTA BARBARA"|"Y"|"Y"|"IZZI"|"MONTERREY"|"MTY - SANTA CATARINA"|"NO IDENTIFICADA"
445|"286F5EB138DBE289655D368C3B1E8D0C3B648314"|3|"RG"|"000"|"CABLEVISIÓN"|"METRO"|"METRO"|"METROPOLITANA"|"MXSUR"|"CIUDAD DE MEXICO"|"ROJO GOMEZ"|"METROPOLITANA"|"ROJO GOMEZ"|"Y"|"Y"|"IZZI"|"METROPOLITANA"|"ROJO GOMEZ"|"NO IDENTIFICADA"
455|"09B1AB2313345BA526B7B25316A6CDA5838148B0"|3|"CC"|"071"|"CABLEMAS"|"SUR"|"INTERIOR"|"SURESTE"|"SURESTE"|"VERACRUZ"|"COATZACOALCOS"|"COATZACOALCOS"|"COATZACOALCOS"|"Y"|"Y"|"IZZI"|"COATZACOALCOS"|"COATZACOALCOS"|"ON NET"
463|"9D877BDC80581BFDFC514301B55EDF5995158427"|3|"JL"|"075"|"CABLEMAS"|"SUR"|"INTERIOR"|"SURESTE"|"SURESTE"|"VERACRUZ"|"MINATITLAN"|"JALTIPAN"|"JALTIPAN"|"Y"|"Y"|"IZZI"|"JALTIPAN"|"COATZACOALCOS"|"OFF NET"
2385||3|"1"|"759"|"SKY"|"SUR"|"INTERIOR"|"SURESTE"|"GOLFO"|"Veracruz de Ignacio de la Llave"|"HUB XALAPA"|"NO IDENTIFICADA"|"MARTINEZ DE LA TORRE"|"N"||"ND"|"OFFNET"|"SIN PLAZA WR"|"OFF NET"
2248||3|"1"|"759"|"SKY"|"SUR"|"INTERIOR"|"OCCIDENTE"|"OCCIDENTE"|"Michoacán de Ocampo"|"HUB URUAPAN"|"NO IDENTIFICADA"|"APATZINGAN"|"N"||"ND"|"OFFNET"|"SIN PLAZA WR"|"OFF NET"
2311||3|"1"|"759"|"SKY"|"SUR"|"INTERIOR"|"OCCIDENTE"|"OCCIDENTE"|"Michoacán de Ocampo"|"HUB URUAPAN"|"NO IDENTIFICADA"|"LOS REYES"|"N"||"ND"|"OFFNET"|"SIN PLAZA WR"|"OFF NET"
2397||3|"1"|"759"|"SKY"|"NORTE"|"NORTE"|"PACIFICO"|"PACIFICO"|"Sonora"|"HUB HERMOSILLO"|"NO IDENTIFICADA"|"HERMOSILLO"|"N"||"ND"|"OFFNET"|"SIN PLAZA WR"|"OFF NET"
2401||3|"1"|"759"|"SKY"|"SUR"|"INTERIOR"|"SURESTE"|"SURESTE"|"Chiapas"|"HUB SAN CRISTOBAL"|"NO IDENTIFICADA"|"SAN CRISTOBAL"|"N"||"ND"|"OFFNET"|"SIN PLAZA WR"|"OFF NET"
2405||3|"1"|"759"|"SKY"|"NORTE"|"NORTE"|"PACIFICO"|"PACIFICO"|"Chihuahua"|"HUB PARRAL"|"NO IDENTIFICADA"|"VALLE DE ZARAGOZA"|"N"||"ND"|"OFFNET"|"SIN PLAZA WR"|"OFF RED"
2409||3|"1"|"759"|"SKY"|"METRO"|"METRO"|"METROPOLITANA"|"MXNORTE"|"Hidalgo"|"HUB IXMIQUILPAN"|"NO IDENTIFICADA"|"TEPEHUACAN"|"N"||"ND"|"OFFNET"|"SIN PLAZA WR"|"OFF RED"
2413||3|"1"|"759"|"SKY"|"METRO"|"METRO"|"METROPOLITANA"|"MXSUR"|"México"|"HUB CHALCO"|"NO IDENTIFICADA"|"AYAPANGO"|"N"||"ND"|"OFFNET"|"SIN PLAZA WR"|"OFF RED"
2417||3|"1"|"759"|"SKY"|"NORTE"|"NORTE"|"NORESTE"|"NORESTE"|"Nuevo León"|"HUB MONTERREY"|"NO IDENTIFICADA"|"SAN NICOLAS DE LOS GARZA"|"N"||"ND"|"OFFNET"|"SIN PLAZA WR"|"ON NET"
2421||3|"1"|"759"|"SKY"|"SUR"|"INTERIOR"|"SURESTE"|"SURESTE"|"Chiapas"|"HUB TAPACHULA"|"NO IDENTIFICADA"|"BEJUCAL DE OCAMPO"|"N"||"ND"|"OFFNET"|"SIN PLAZA WR"|"OFF NET"
2425||3|"1"|"759"|"SKY"|"NORTE"|"NORTE"|"PACIFICO"|"PACIFICO"|"Chihuahua"|"HUB GUACHOCHI"|"NO IDENTIFICADA"|"GUADALUPE Y CALVO"|"N"||"ND"|"OFFNET"|"SIN PLAZA WR"|"OFF RED"
2429||3|"1"|"759"|"SKY"|"NORTE"|"INTERIOR"|"PACIFICO"|"CENTRO"|"Durango"|"HUB DURANGO"|"NO IDENTIFICADA"|"DUR GUADALUPE VICTORIA"|"N"||"ND"|"OFFNET"|"SIN PLAZA WR"|"OFF NET"
2391||3|"1"|"759"|"SKY"|"SUR"|"INTERIOR"|"OCCIDENTE"|"OCCIDENTE"|"Michoacán de Ocampo"|"HUB ZITACUARO"|"NO IDENTIFICADA"|"ZITACUARO"|"N"||"ND"|"OFFNET"|"SIN PLAZA WR"|"OFF NET"
2437||3|"1"|"759"|"SKY"|"METRO"|"METRO"|"METROPOLITANA"|"MXNORTE"|"Ciudad de México"|"HUB AZCAPOTZALCO"|"NO IDENTIFICADA"|"AZCAPOTZALCO"|"N"||"ND"|"OFFNET"|"SIN PLAZA WR"|"ON NET"
2441||3|"1"|"759"|"SKY"|"SUR"|"INTERIOR"|"SURESTE"|"GOLFO"|"Puebla"|"HUB PUEBLA"|"NO IDENTIFICADA"|"TIANGUISMANALCO"|"N"||"ND"|"OFFNET"|"SIN PLAZA WR"|"ON NET"
2445||3|"1"|"759"|"SKY"|"NORTE"|"INTERIOR"|"NORESTE"|"GOLFO"|"Tamaulipas"|"HUB VICTORIA"|"NO IDENTIFICADA"|"XICONTENCATL"|"N"||"ND"|"OFFNET"|"SIN PLAZA WR"|"ON NET"
2449||3|"1"|"759"|"SKY"|"SUR"|"INTERIOR"|"SURESTE"|"GOLFO"|"Puebla"|"HUB IZUCAR DE MATAMOROS"|"NO IDENTIFICADA"|"TULCINGO"|"N"||"ND"|"OFFNET"|"SIN PLAZA WR"|"OFF NET"
2480||3|"1"|"759"|"SKY"|"SUR"|"INTERIOR"|"OCCIDENTE"|"OCCIDENTE"|"Michoacán de Ocampo"|"HUB ZITACUARO"|"NO IDENTIFICADA"|"HIDALGO MICH"|"N"||"ND"|"OFFNET"|"SIN PLAZA WR"|"OFF NET"
2457||3|"1"|"759"|"SKY"|"METRO"|"METRO"|"METROPOLITANA"|"MXSUR"|"Ciudad de México"|"HUB XOCHIMILCO"|"NO IDENTIFICADA"|"XOCHIMILCO"|"N"||"ND"|"OFFNET"|"SIN PLAZA WR"|"ON NET"
2549||3|"1"|"759"|"SKY"|"SUR"|"INTERIOR"|"OCCIDENTE"|"OCCIDENTE"|"Michoacán de Ocampo"|"HUB ZAMORA"|"NO IDENTIFICADA"|"PURANDIRO"|"N"||"ND"|"OFFNET"|"SIN PLAZA WR"|"OFF NET"
5391||16||||"SUR"||"SURESTE"||"VERACRUZ"|"HUB POZA RICA"|"HUB POZA RICA"|"ESPINAL"||||||"OFF RED"
5395||16|||"CABLEMAS"|"NORTE"||"PACIFICO"||"BAJA CALIFORNIA"|"HUB TIJUANA"|"HUB TIJUANA"|"TIJUANA"||||||"ON NET"
5399||16|||"TELECABLE"|"NORTE"||"PACIFICO"||"DURANGO"|"HUB DURANGO"|"HUB DURANGO"|"DURANGO"||||||"ON NET"
5403||16|||"SKY"|"SUR"||"OCCIDENTE"||"GUERRERO"|"HUB CHILAPA"|"HUB CHILAPA"|"ACATEPEC"||||||"OFF RED"
5407||16|||"TELECABLE"|"NORTE"||"PACIFICO"||"NAYARIT"|"HUB TEPIC"|"HUB TEPIC"|"SANTIAGO IXCUINTLA"||||||"OFF NET"
5411||16|||"TELECABLE"|"SUR"||"OCCIDENTE"||"JALISCO"|"HUB CIUDAD GUZMAN"|"HUB CIUDAD GUZMAN"|"TOLIMAN"||||||"OFF NET"
4550||5|||"SKY"|"SUR"||"SURESTE"||"PUEBLA"|"HUB TEHUACAN"|"HUB TEHUACAN"|"SAN JOSE MIAHUTLAN"||||||"OFF RED"
4554||5|||"SKY"|"SUR"||"OCCIDENTE"||"OAXACA"|"HUB HUATULCO"|"HUB HUATULCO"|"POCHUTLA"||||||"OFF RED"
4558||5|||"SKY"|"SUR"||"SURESTE"||"YUCATAN"|"HUB MERIDA"|"HUB MERIDA"|"MUXUPIP"||||||"OFF NET"
4562||5|||"SKY"|"SUR"||"SURESTE"||"VERACRUZ"|"HUB SAN ANDRES TUXTLA"|"HUB SAN ANDRES TUXTLA"|"SANTIAGO SOCHIAPAN"||||||"OFF RED"
4566||5|||"TELECABLE"|"NORTE"||"NORESTE"||"TAMAULIPAS"|"HUB NUEVO LAREDO"|"HUB NUEVO LAREDO"|"NUEVO LAREDO"||||||"ON NET"
4570||5|||"SKY"|"SUR"||"SURESTE"||"VERACRUZ"|"HUB PANUCO"|"HUB PANUCO"|"TANTOYUCA"||||||"OFF RED"
4574||5|||"TELECABLE"|"SUR"||"OCCIDENTE"||"COLIMA"|"HUB TECOMAN"|"HUB TECOMAN"|"TECOMAN"||||||"OFF NET"
5414||3|"ATX"|"759"|"TVI"|"SUR"|"INTERIOR"|"SURESTE"|"GOLFO"|"PUEBLA"|"PUEBLA"|"PUEBLA"|"PUEBLA"||||"OFFNET"|"SIN PLAZA WR"|"OFF NET"
5418||3|"BCS"|"759"|"TVI"|"NORTE"|"OFFNET"|"PACIFICO"|"OFFNET"|"BAJA CALIFORNIA SUR"|"BAJA CALIFORNIA SUR"|"BAJA CALIFORNIA SUR"|"BAJA CALIFORNIA SUR"||||"OFFNET"|"SIN PLAZA WR"|"OFF NET"
5422||3|"CDMX"|"760"|"SKY"|"METRO"|"OFFNET"|"METROPOLITANA"|"OFFNET"|"CIUDAD DE MEXICO"|"CIUDAD DE MEXICO"|"CIUDAD DE MEXICO"|"CIUDAD DE MEXICO"||||"OFFNET SKY"|"SIN PLAZA WR"|"OFF NET"
5426||3|"CHH"|"760"|"SKY"|"NORTE"|"OFFNET"|"PACIFICO"|"OFFNET"|"CHIHUAHUA"|"CHIHUAHUA"|"CHIHUAHUA"|"CHIHUAHUA"||||"OFFNET SKY"|"SIN PLAZA WR"|"OFF NET"
5430||3|"COAH"|"760"|"SKY"|"NORTE"|"OFFNET"|"NORESTE"|"OFFNET"|"COAHUILA"|"COAHUILA"|"COAHUILA"|"COAHUILA"||||"OFFNET SKY"|"SIN PLAZA WR"|"OFF NET"
5434||3|"CUN"|"759"|"TVI"|"SUR"|"INTERIOR"|"SURESTE"|"SURESTE"|"TABASCO"|"TABASCO"|"TABASCO"|"TABASCO"||||"OFFNET"|"SIN PLAZA WR"|"OFF NET"
5438||3|"EMEX"|"760"|"SKY"|"METRO"|"OFFNET"|"METROPOLITANA"|"OFFNET"|"ESTADO DE MEXICO"|"ESTADO DE MEXICO"|"ESTADO DE MEXICO"|"ESTADO DE MEXICO"||||"OFFNET SKY"|"SIN PLAZA WR"|"OFF NET"
5442||3|"GUA"|"759"|"TVI"|"NORTE"|"OFFNET"|"NORESTE"|"OFFNET"|"GUANAJUATO"|"GUANAJUATO"|"GUANAJUATO"|"GUANAJUATO"||||"OFFNET"|"SIN PLAZA WR"|"OFF NET"
5446||3|"JAL"|"760"|"SKY"|"SUR"|"OFFNET"|"OCCIDENTE"|"OFFNET"|"JALISCO"|"JALISCO"|"JALISCO"|"JALISCO"||||"OFFNET SKY"|"SIN PLAZA WR"|"OFF NET"
5450||3|"MICH"|"759"|"TVI"|"SUR"|"OFFNET"|"OCCIDENTE"|"OFFNET"|"MICHOACAN DE OCAMPO"|"MICHOACAN DE OCAMPO"|"MICHOACAN DE OCAMPO"|"MICHOACAN DE OCAMPO"||||"OFFNET"|"SIN PLAZA WR"|"OFF NET"
5454||3|"MORS"|"760"|"SKY"|"METRO"|"OFFNET"|"METROPOLITANA"|"OFFNET"|"MORELOS"|"MORELOS"|"MORELOS"|"MORELOS"||||"OFFNET SKY"|"SIN PLAZA WR"|"OFF NET"
5458||3|"NAY"|"760"|"SKY"|"NORTE"|"OFFNET"|"PACIFICO"|"OFFNET"|"NAYARIT"|"NAYARIT"|"NAYARIT"|"NAYARIT"||||"OFFNET SKY"|"SIN PLAZA WR"|"OFF NET"
5462||3|"OAX"|"759"|"TVI"|"SUR"|"OFFNET"|"OCCIDENTE"|"OFFNET"|"OAXACA"|"OAXACA"|"OAXACA"|"OAXACA"||||"OFFNET"|"SIN PLAZA WR"|"OFF NET"
5466||3|"PZ"|"759"|"TVI"|"SUR"|"INTERIOR"|"SURESTE"|"SURESTE"|"VERACRUZ"|"VERACRUZ DE IGNACIO DE LA LLAVE"|"VERACRUZ DE IGNACIO DE LA LLAVE"|"VERACRUZ DE IGNACIO DE LA LLAVE"||||"OFFNET"|"SIN PLAZA WR"|"OFF NET"
5470||3|"ROO"|"760"|"SKY"|"SUR"|"OFFNET"|"SURESTE"|"OFFNET"|"QUINTANA ROO"|"QUINTANA ROO"|"QUINTANA ROO"|"QUINTANA ROO"||||"OFFNET SKY"|"SIN PLAZA WR"|"OFF NET"
5474||3|"SJR"|"759"|"TVI"|"NORTE"|"INTERIOR"|"NORESTE"|"CENTRO"|"QUERETARO"|"QUERETARO"|"QUERETARO"|"QUERETARO"||||"OFFNET"|"SIN PLAZA WR"|"OFF NET"
5478||3|"SON"|"760"|"SKY"|"NORTE"|"OFFNET"|"PACIFICO"|"OFFNET"|"SONORA"|"SONORA"|"SONORA"|"SONORA"||||"OFFNET SKY"|"SIN PLAZA WR"|"OFF NET"
5482||3|"TAB"|"759"|"TVI"|"SUR"|"OFFNET"|"SURESTE"|"OFFNET"|"TABASCO"|"TABASCO"|"TABASCO"|"TABASCO"||||"OFFNET"|"SIN PLAZA WR"|"OFF NET"
5486||3|"TLAX"|"760"|"SKY"|"SUR"|"OFFNET"|"SURESTE"|"OFFNET"|"TLAXCALA"|"TLAXCALA"|"TLAXCALA"|"TLAXCALA"||||"OFFNET SKY"|"SIN PLAZA WR"|"OFF NET"
5490||3|"VER"|"759"|"TVI"|"SUR"|"OFFNET"|"SURESTE"|"OFFNET"|"VERACRUZ"|"VERACRUZ DE IGNACIO DE LA LLAVE"|"VERACRUZ DE IGNACIO DE LA LLAVE"|"VERACRUZ DE IGNACIO DE LA LLAVE"||||"OFFNET"|"SIN PLAZA WR"|"OFF NET"
5494||3|"YUC"|"759"|"TVI"|"SUR"|"OFFNET"|"SURESTE"|"OFFNET"|"YUCATAN"|"YUCATAN"|"YUCATAN"|"YUCATAN"||||"OFFNET"|"SIN PLAZA WR"|"OFF NET"
5498||5|"AGU"|"759"|"TVI"|"NORTE"||"OCCIDENTE"||"AGUASCALIENTES"|"AGUASCALIENTES"|"AGUASCALIENTES"|"AGUASCALIENTES"|||||"SIN PLAZA WR"|"OFF NET"
5502||5|"BCN"|"760"|"SKY"|"NORTE"||"PACIFICO"||"BAJA CALIFORNIA"|"BAJA CALIFORNIA"|"BAJA CALIFORNIA"|"BAJA CALIFORNIA"|||||"SIN PLAZA WR"|"OFF NET"
5506||5|"CAM"|"759"|"TVI"|"SUR"||"SURESTE"||"CAMPECHE"|"CAMPECHE"|"CAMPECHE"|"CAMPECHE"|||||"SIN PLAZA WR"|"OFF NET"
5510||5|"CE"|"760"|"SKY"|"METRO"||"METROPOLITANA"||"CIUDAD DE MEXICO"|"CIUDAD DE MEXICO"|"CIUDAD DE MEXICO"|"CIUDAD DE MEXICO"|||||"SIN PLAZA WR"|"OFF NET"
5514||5|"CHIA"|"760"|"SKY"|"SUR"||"SURESTE"||"CHIAPAS"|"CHIAPAS"|"CHIAPAS"|"CHIAPAS"|||||"SIN PLAZA WR"|"OFF NET"
5518||5|"COL"|"759"|"TVI"|"SUR"||"OCCIDENTE"||"COLIMA"|"COLIMA"|"COLIMA"|"COLIMA"|||||"SIN PLAZA WR"|"OFF NET"
5522||5|"DUR"|"759"|"TVI"|"NORTE"||"PACIFICO"||"DURANGO"|"DURANGO"|"DURANGO"|"DURANGO"|||||"SIN PLAZA WR"|"OFF NET"
5316||16|||"SKY"|"SUR"||"OCCIDENTE"||"OAXACA"|"HUB HUATULCO"|"HUB HUATULCO"|"HUAMELULA"||||||"OFF RED"
5320||16|||"SKY"|"SUR"||"OCCIDENTE"||"OAXACA"|"HUB PINOTEPA"|"HUB PINOTEPA"|"HUAXPALTEPEC"||||||"OFF NET"
5324||16|||"CABLEMAS"|"NORTE"||"PACIFICO"||"ZACATECAS"|"HUB PINOS"|"HUB PINOS"|"PINOS"||||||"OFF RED"
5328||16|||"SKY"|"SUR"||"OCCIDENTE"||"OAXACA"|"HUB HUAJUAPAN"|"HUB HUAJUAPAN"|"TEOTITLAN"||||||"OFF NET"
5332||16|||"SKY"|"SUR"||"SURESTE"||"CHIAPAS"|"HUB REFORMA"|"HUB REFORMA"|"OSTUACAN"||||||"OFF RED"
5336||16|||"CABLEMAS"|"NORTE"||"PACIFICO"||"CHIHUAHUA"|"HUB CHIHUAHUA"|"HUB CHIHUAHUA"|"SAUCILLO"||||||"OFF NET"
5340||16|||"TELECABLE"|"NORTE"||"NORESTE"||"GUANAJUATO"|"HUB PENJAMO"|"HUB PENJAMO"|"PURISIMA DEL RINCON"||||||"OFF NET"
5344||16|||"SKY"|"SUR"||"OCCIDENTE"||"MICHOACAN"|"HUB ZITACUARO"|"HUB ZITACUARO"|"JUNGAPEO"||||||"OFF RED"
5348||16|||"TELECABLE"|"METRO"||"METROPOLITANA"||"MORELOS"|"HUB PUENTE DE IXTLA"|"HUB PUENTE DE IXTLA"|"PUENTE DE IXTLA"||||||"OFF NET"
5352||16|||"TVI"|"NORTE"||"NORESTE"||"NUEVO LEON"|"HUB MONTERREY"|"HUB MONTERREY"|"SANTA CATARINA"||||||"ON NET"
5356||16|||"CABLECOM"|"NORTE"||"PACIFICO"||"SONORA"|"HUB CUMPAS"|"HUB CUMPAS"|"CUMPAS"||||||"OFF NET"
5360||16|||"CABLECOM"|"NORTE"||"NORESTE"||"SAN LUIS POTOSI"|"HUB MATEHUALA"|"HUB MATEHUALA"|"VILLA DE RAMOS"||||||"OFF NET"
5364||16|||"CABLECOM"|"NORTE"||"NORESTE"||"SAN LUIS POTOSI"|"HUB RIOVERDE"|"HUB RIOVERDE"|"RIOVERDE"||||||"OFF NET"
5002||16|||"TVI"|"NORTE"||"NORESTE"||"NUEVO LEON"|"HUB MONTERREY"|"HUB MONTERREY"|"SAN NICOLAS DE LOS GARZA"||||||"ON NET"
5006||16|||"CABLEVISIÓN"|"NORTE"||"NORESTE"||"NUEVO LEON"|"HUB LINARES"|"HUB LINARES"|"MIER Y NORIEGA"||||||"OFF NET"
5010||16|||"CABLEVISIÓN"|"METRO"||"METROPOLITANA"||"CIUDAD DE MEXICO"|"HUB IZTAPALAPA"|"HUB IZTAPALAPA"|"IZTAPALAPA"||||||"ON NET"
5014||16|||"SKY"|"NORTE"||"PACIFICO"||"BAJA CALIFORNIA SUR"|"HUB COMONDU"|"HUB COMONDU"|"MULEGE"||||||"OFF NET"
5018||16|||"CABLEMAS"|"SUR"||"SURESTE"||"CHIAPAS"|"HUB SAN CRISTOBAL"|"HUB SAN CRISTOBAL"|"COMITAN"||||||"OFF NET"
5022||16|||"SKY"|"SUR"||"SURESTE"||"CHIAPAS"|"HUB TAPACHULA"|"HUB TAPACHULA"|"ESCUINTLA"||||||"OFF RED"
5026||16|||"SKY"|"NORTE"||"PACIFICO"||"CHIHUAHUA"|"HUB CUAUHTEMOC CHIH"|"HUB CUAUHTEMOC CHIH"|"MADERA"||||||"OFF NET"
5030||16|||"TELECABLE"|"SUR"||"OCCIDENTE"||"JALISCO"|"HUB COLOTLAN"|"HUB COLOTLAN"|"COLOTLAN"||||||"OFF NET"
5034||16|||"TELECABLE"|"SUR"||"OCCIDENTE"||"JALISCO"|"HUB TEPATITLAN"|"HUB TEPATITLAN"|"TEPATITLAN"||||||"ON NET"
5038||16|||"CABLECOM"|"NORTE"||"NORESTE"||"GUANAJUATO"|"HUB SAN MIGUEL DE ALLENDE"|"HUB SAN MIGUEL DE ALLENDE"|"SAN JOSE ITURBIDE"||||||"OFF RED"
4070||3|||"TELECABLE"|"NORTE"|"INTERIOR"|"PACIFICO"|"CENTRO"|"ZACATECAS"|"HUB GUADALUPE"|"HUB GUADALUPE"|"JEREZ"||||"Sin RPT"||"OFF NET"
3180||3|||"CABLEMAS"|"NORTE"|"INTERIOR"|"NORESTE"|"CENTRO"|"QUERETARO"|"HUB JALPA DE SERRA"|"HUB JALPA DE SERRA"|"LANDA DE MATAMOROS"||||"Sin RPT"||"OFF RED"
3005||3|||"CABLECOM"|"NORTE"|"NORTE"|"PACIFICO"|"PACIFICO"|"SONORA"|"HUB CUMPAS"|"HUB CUMPAS"|"CUMPAS"||||"Sin RPT"||"OFF NET"
4058||3|||"CABLEMAS"|"SUR"|"INTERIOR"|"OCCIDENTE"|"OCCIDENTE"|"JALISCO"|"HUB TEPATITLAN"|"HUB TEPATITLAN"|"YAHUALICA JAL"||||"Sin RPT"||"ON NET"
5583||5|"OFFNET"|"759"|"TVI"|||||||||||||"SIN PLAZA WR"|"OFF NET"
5628||5|"AC"|"759"|"TVI"|"SUR"||"OCCIDENTE"||"GUERRERO"|"HUB ACAPULCO"|"ACAPULCO"|"ACAPULCO"||||"OFFNET"||"OFF NET"
3002||3|||"TELECABLE"|"SUR"|"INTERIOR"|"OCCIDENTE"|"OCCIDENTE"|"MICHOACAN"|"HUB URUAPAN"|"HUB URUAPAN"|"LOS REYES"||||"Sin RPT"||"OFF NET"
3045||3|||"SKY"|"NORTE"|"NORTE"|"NORESTE"|"NORESTE"|"NUEVO LEON"|"HUB GENERAL TERAN"|"HUB GENERAL TERAN"|"CERRALVO"||||"Sin RPT"||"OFF NET"
3490||3|||"CABLEMAS"|"NORTE"|"NORTE"|"PACIFICO"|"PACIFICO"|"CHIHUAHUA"|"HUB JUAREZ"|"HUB JUAREZ"|"AHUMADA"||||"Sin RPT"||"OFF NET"
3169||3|||"SKY"|"NORTE"|"NORTE"|"PACIFICO"|"PACIFICO"|"CHIHUAHUA"|"HUB CUAUHTEMOC CHIH"|"HUB CUAUHTEMOC CHIH"|"IGNACIO ZARAGOZA"||||"Sin RPT"||"OFF NET"
3262||3|||"SKY"|"SUR"|"INTERIOR"|"SURESTE"|"GOLFO"|"VERACRUZ"|"HUB TIERRA BLANCA"|"HUB TIERRA BLANCA"|"IGNACIO DE LA LLAVE"||||"Sin RPT"||"OFF RED"
3062||3|||"SKY"|"SUR"|"INTERIOR"|"OCCIDENTE"|"OCCIDENTE"|"GUERRERO"|"HUB IGUALA"|"HUB IGUALA"|"TETIPAC"||||"Sin RPT"||"OFF RED"
3391||3|||"SKY"|"SUR"|"INTERIOR"|"OCCIDENTE"|"SURESTE"|"OAXACA"|"HUB HUATULCO"|"HUB HUATULCO"|"VILLA SOLA DE VEGA"||||"Sin RPT"||"OFF RED"
3438||3|||"TELECABLE"|"SUR"|"INTERIOR"|"OCCIDENTE"|"OCCIDENTE"|"JALISCO"|"HUB GUADALAJARA"|"HUB GUADALAJARA"|"TALA"||||"Sin RPT"||"OFF NET"
3159||3|||"CABLEMAS"|"SUR"|"INTERIOR"|"SURESTE"|"GOLFO"|"VERACRUZ"|"HUB XALAPA"|"HUB XALAPA"|"PEROTE"||||"Sin RPT"||"OFF NET"
4000||3|||"TELECABLE"|"SUR"|"INTERIOR"|"OCCIDENTE"|"OCCIDENTE"|"MICHOACAN"|"HUB URUAPAN"|"HUB URUAPAN"|"COTIJA"||||"Sin RPT"||"OFF NET"
4054||3|||"CABLEMAS"|"METRO"|"METRO"|"METROPOLITANA"|"MXNORTE"|"HIDALGO"|"HUB HUEJUTLA"|"HUB HUEJUTLA"|"HGO YAHUALICA"||||"Sin RPT"||"OFF RED"
5526||5|"GRO"|"759"|"TVI"|"SUR"||"OCCIDENTE"||"GUERRERO"|"GUERRERO"|"GUERRERO"|"GUERRERO"|||||"SIN PLAZA WR"|"OFF NET"
5530||5|"HGO"|"759"|"TVI"|"METRO"||"METROPOLITANA"||"HIDALGO"|"HIDALGO"|"HIDALGO"|"HIDALGO"|||||"SIN PLAZA WR"|"OFF NET"
5534||5|"JUA"|"759"|"TVI"|"NORTE"||"NORESTE"||"NUEVO LEON"|"NUEVO LEON"|"NUEVO LEON"|"NUEVO LEON"|||||"SIN PLAZA WR"|"OFF NET"
5538||5|"MOR"|"760"|"SKY"|"METRO"||"METROPOLITANA"||"MORELOS"|"MORELOS"|"MORELOS"|"MORELOS"|||||"SIN PLAZA WR"|"OFF NET"
5542||5|"MTH"|"759"|"TVI"|"NORTE"||"NORESTE"||"SAN LUIS POTOSI"|"SAN LUIS POTOSI"|"SAN LUIS POTOSI"|"SAN LUIS POTOSI"|||||"SIN PLAZA WR"|"OFF NET"
5546||5|"NLE"|"759"|"TVI"|"NORTE"||"NORESTE"||"NUEVO LEON"|"NUEVO LEON"|"NUEVO LEON"|"NUEVO LEON"|||||"SIN PLAZA WR"|"OFF NET"
5550||5|"PUE"|"760"|"SKY"|"SUR"||"SURESTE"||"PUEBLA"|"PUEBLA"|"PUEBLA"|"PUEBLA"|||||"SIN PLAZA WR"|"OFF NET"
5554||5|"QUE"|"760"|"SKY"|"NORTE"||"NORESTE"||"QUERETARO"|"QUERETARO"|"QUERETARO"|"QUERETARO"|||||"SIN PLAZA WR"|"OFF NET"
5558||5|"SIN"|"760"|"SKY"|"NORTE"||"PACIFICO"||"SINALOA"|"SINALOA"|"SINALOA"|"SINALOA"|||||"SIN PLAZA WR"|"OFF NET"
5562||5|"SLPO"|"760"|"SKY"|"NORTE"||"NORESTE"||"SAN LUIS POTOSI"|"SAN LUIS POTOSI"|"SAN LUIS POTOSI"|"SAN LUIS POTOSI"|||||"SIN PLAZA WR"|"OFF NET"
5566||5|"ST"|"759"|"TVI"|"METRO"||"METROPOLITANA"||"ESTADO DE MEXICO"|"ESTADO DE MEXICO"|"ESTADO DE MEXICO"|"ESTADO DE MEXICO"|||||"SIN PLAZA WR"|"OFF NET"
5570||5|"TAMS"|"760"|"SKY"|"NORTE"||"NORESTE"||"TAMAULIPAS"|"TAMAULIPAS"|"TAMAULIPAS"|"TAMAULIPAS"|||||"SIN PLAZA WR"|"OFF NET"
5574||5|"TLQ"|"760"|"SKY"|"SUR"||"OCCIDENTE"||"JALISCO"|"JALISCO"|"JALISCO"|"JALISCO"|||||"SIN PLAZA WR"|"OFF NET"
5578||5|"VO"|"759"|"TVI"|"METRO"||"METROPOLITANA"||"ESTADO DE MEXICO"|"ESTADO DE MEXICO"|"ESTADO DE MEXICO"|"ESTADO DE MEXICO"|||||"SIN PLAZA WR"|"OFF NET"
2465||3|"1"|"759"|"SKY"|"METRO"|"METRO"|"METROPOLITANA"|"MXSUR"|"Morelos"|"HUB AYALA"|"NO IDENTIFICADA"|"AYALA"|"N"||"ND"|"OFFNET"|"SIN PLAZA WR"|"OFF NET"
2469||3|"1"|"759"|"SKY"|"SUR"|"INTERIOR"|"SURESTE"|"GOLFO"|"Veracruz de Ignacio de la Llave"|"HUB PANUCO"|"NO IDENTIFICADA"|"PLATON SANCHEZ"|"N"||"ND"|"OFFNET"|"SIN PLAZA WR"|"OFF NET"
2861||3|"1"|"759"|"SKY"|"SUR"|"INTERIOR"|"SURESTE"|"SURESTE"|"Campeche"|"HUB CARMEN"|"NO IDENTIFICADA"|"PALIZADA"|"N"||"ND"|"OFFNET"|"SIN PLAZA WR"|"OFF NET"
2865||3|"1"|"759"|"SKY"|"NORTE"|"INTERIOR"|"NORESTE"|"GOLFO"|"San Luis Potosí"|"HUB MEXQUITIC"|"NO IDENTIFICADA"|"VILLA DE ARISTA"|"N"||"ND"|"OFFNET"|"SIN PLAZA WR"|"OFF NET"
2869||3|"1"|"759"|"SKY"|"SUR"|"INTERIOR"|"SURESTE"|"GOLFO"|"Tlaxcala"|"HUB SAN PABLO DEL MONTE"|"NO IDENTIFICADA"|"TETLAHUACA"|"N"||"ND"|"OFFNET"|"SIN PLAZA WR"|"ON NET"
2873||3|"1"|"759"|"SKY"|"SUR"|"INTERIOR"|"SURESTE"|"SURESTE"|"Chiapas"|"HUB REFORMA"|"NO IDENTIFICADA"|"REFORMA"|"N"||"ND"|"OFFNET"|"SIN PLAZA WR"|"OFF NET"
2807||3|"1"|"759"|"SKY"|"SUR"|"INTERIOR"|"OCCIDENTE"|"SURESTE"|"Oaxaca"|"HUB HUATULCO"|"NO IDENTIFICADA"|"MIXTEPEC"|"N"||"ND"|"OFFNET"|"SIN PLAZA WR"|"OFF NET"
2630||3|"1"|"759"|"SKY"|"SUR"|"INTERIOR"|"OCCIDENTE"|"OCCIDENTE"|"Jalisco"|"HUB TEPATITLAN"|"NO IDENTIFICADA"|"JUANACATLAN"|"N"||"ND"|"OFFNET"|"SIN PLAZA WR"|"OFF NET"
2784||3|"1"|"759"|"SKY"|"SUR"|"INTERIOR"|"OCCIDENTE"|"OCCIDENTE"|"Jalisco"|"HUB COLOTLAN"|"NO IDENTIFICADA"|"BOLAÑOS"|"N"||"ND"|"OFFNET"|"SIN PLAZA WR"|"OFF NET"
2711||3|"1"|"759"|"SKY"|"NORTE"|"INTERIOR"|"NORESTE"|"CENTRO"|"Querétaro"|"HUB SAN JUAN DEL RIO"|"NO IDENTIFICADA"|"PEDRO ESCOBEDO"|"N"||"ND"|"OFFNET"|"SIN PLAZA WR"|"OFF NET"
2715||3|"1"|"759"|"SKY"|"SUR"|"INTERIOR"|"SURESTE"|"SURESTE"|"Yucatán"|"HUB MERIDA"|"NO IDENTIFICADA"|"PROGRESO"|"N"||"ND"|"OFFNET"|"SIN PLAZA WR"|"ON NET"
2719||3|"1"|"759"|"SKY"|"SUR"|"INTERIOR"|"SURESTE"|"SURESTE"|"Yucatán"|"HUB TEKAX"|"NO IDENTIFICADA"|"YAXCABA"|"N"||"ND"|"OFFNET"|"SIN PLAZA WR"|"OFF RED"
2856||3|"1"|"759"|"SKY"|"SUR"|"INTERIOR"|"OCCIDENTE"|"OCCIDENTE"|"Jalisco"|"HUB TEPATITLAN"|"NO IDENTIFICADA"|"MEXTICACAN"|"N"||"ND"|"OFFNET"|"SIN PLAZA WR"|"ON NET"
2727||3|"1"|"759"|"SKY"|"NORTE"|"NORTE"|"NORESTE"|"NORESTE"|"Nuevo León"|"HUB MONTERREY"|"NO IDENTIFICADA"|"PESQUERIA"|"N"||"ND"|"OFFNET"|"SIN PLAZA WR"|"ON NET"
2731||3|"1"|"759"|"SKY"|"SUR"|"INTERIOR"|"SURESTE"|"GOLFO"|"Puebla"|"HUB ZACATLAN"|"NO IDENTIFICADA"|"TLAOLA"|"N"||"ND"|"OFFNET"|"SIN PLAZA WR"|"OFF RED"
2735||3|"1"|"759"|"SKY"|"SUR"|"INTERIOR"|"SURESTE"|"SURESTE"|"Chiapas"|"HUB SAN CRISTOBAL"|"NO IDENTIFICADA"|"TEOPISCA"|"N"||"ND"|"OFFNET"|"SIN PLAZA WR"|"OFF RED"
2739||3|"1"|"759"|"SKY"|"NORTE"|"INTERIOR"|"PACIFICO"|"CENTRO"|"Durango"|"HUB SANTIAGO PAPASQUIARO"|"NO IDENTIFICADA"|"SAN DIMAS"|"N"||"ND"|"OFFNET"|"SIN PLAZA WR"|"OFF NET"
1018|"D6660657B8658C14D5696407C73509513B7F9F42"|16|"ECT"|"574"|"CABLEMAS"|"METRO"|"METROSUR"|"METROPOLITANA"|"MXNORTE"|"MEXICO"|"ECATEPEC"|"LOS REYES"|"LOS REYES ACOZAC"|"Y"|"Y"|"IZZI"|"LOS REYES ACOZAC"|"ECATEPEC"|"NO IDENTIFICADA"
1022|"74E47DF38A8E67DE94669963F181A6AB79B69EA0"|16|"SLP"|"572"|"CABLECOM"|"NORTE"|"METROSUR"|"NORESTE"|"GOLFO"|"SAN LUIS POTOSI"|"SAN LUIS POTOSI"|"SAN LUIS POTOSI"|"SAN LUIS POTOSI"|"Y"|"Y"|"IZZI"|"SAN LUIS POTOSI"|"SAN LUIS POTOSI"|"NO IDENTIFICADA"
1026|"C2A954AA561BA3A9D71F9FDE56FB28B9BFB5F43C"|16|"PAC"|"601"|"CABLECOM"|"METRO"|"METROSUR"|"METROPOLITANA"|"MXNORTE"|"HIDALGO"|"PACHUCA"|"PACHUCA"|"PACHUCA"|"Y"|"Y"|"IZZI"|"PACHUCA"|"PACHUCA"|"NO IDENTIFICADA"
1030|"CF825A52C6697E81913BED26193C67DC5BD93AFC"|16|"VHA"|"531"|"CABLECOM"|"SUR"|"METROSUR"|"SURESTE"|"SURESTE"|"TABASCO"|"VILLAHERMOSA"|"VILLA HERMOSA"|"VILLAHERMOSA"|"Y"|"Y"|"IZZI"|"VILLAHERMOSA"|"VILLA HERMOSA"|"NO IDENTIFICADA"
1034|"5D7112A44C46035B8D4B0D6960A381CF4F6ACF25"|16|"ZAC"|"598"|"CABLECOM"|"NORTE"|"NORTE"|"PACIFICO"|"CENTRO"|"ZACATECAS"|"ZACATECAS"|"ZACATECAS"|"ZACATECAS"|"Y"|"Y"|"IZZI"|"ZACATECAS"|"ZACATECAS"|"NO IDENTIFICADA"
2241||3|"1"|"759"|"SKY"|"SUR"|"INTERIOR"|"OCCIDENTE"|"OCCIDENTE"|"Guerrero"|"HUB IGUALA"|"NO IDENTIFICADA"|"TELOLOAPAN"|"N"||"ND"|"OFFNET"|"SIN PLAZA WR"|"OFF NET"
2269||3|"1"|"759"|"SKY"|"SUR"|"INTERIOR"|"OCCIDENTE"|"OCCIDENTE"|"Guerrero"|"HUB IGUALA"|"NO IDENTIFICADA"|"APAXTLA"|"N"||"ND"|"OFFNET"|"SIN PLAZA WR"|"OFF NET"
2357||3|"1"|"759"|"SKY"|"SUR"|"INTERIOR"|"OCCIDENTE"|"OCCIDENTE"|"Colima"|"HUB VILLA DE ALVAREZ"|"NO IDENTIFICADA"|"VILLA DE ALVAREZ"|"N"||"ND"|"OFFNET"|"SIN PLAZA WR"|"OFF NET"
472|"9AE1E2C6FAD7516ACF81B0BC157B11827C918B4F"|5|"CG"|"046"|"CABLEMAS"|"SUR"|"NORTE"|"OCCIDENTE"|"OCCIDENTE"|"GUERRERO"|"CHILPANCINGO"|"CHILPANCINGO"|"CHILPANCINGO"||"Y"|"IZZI"||"CHILPANCINGO"|"NO IDENTIFICADA"
618|"BA224B5A647611AC675A0C616219EF3B4CA1610E"|5|"IG"|"016"|"CABLEMAS"|"SUR"|"NORTE"|"OCCIDENTE"|"OCCIDENTE"|"GUERRERO"|"PMO IGUALA"|"IGUALA"|"IGUALA"||"Y"|"WIZZ"||"IGUALA"|"NO IDENTIFICADA"
2220||3|"1"|"759"|"SKY"|"SUR"|"INTERIOR"|"SURESTE"|"SURESTE"|"Yucatán"|"HUB IZAMAL"|"NO IDENTIFICADA"|"TEKANTO"|"N"||"ND"|"OFFNET"|"SIN PLAZA WR"|"OFF NET"
2671||3|"1"|"759"|"SKY"|"METRO"|"METRO"|"METROPOLITANA"|"MXNORTE"|"Hidalgo"|"HUB HUEJUTLA"|"NO IDENTIFICADA"|"ZACUALTIPAN"|"N"||"ND"|"OFFNET"|"SIN PLAZA WR"|"OFF NET"
2675||3|"1"|"759"|"SKY"|"NORTE"|"INTERIOR"|"NORESTE"|"GOLFO"|"Tamaulipas"|"HUB VICTORIA"|"NO IDENTIFICADA"|"TULA TAM"|"N"||"ND"|"OFFNET"|"SIN PLAZA WR"|"OFF RED"
2679||3|"1"|"759"|"SKY"|"NORTE"|"INTERIOR"|"PACIFICO"|"CENTRO"|"Zacatecas"|"HUB FRESNILLO"|"NO IDENTIFICADA"|"GRAL FCO R MURGUIA"|"N"||"ND"|"OFFNET"|"SIN PLAZA WR"|"OFF RED"
2683||3|"1"|"759"|"SKY"|"NORTE"|"INTERIOR"|"NORESTE"|"GOLFO"|"San Luis Potosí"|"HUB SAN LUIS POTOSI"|"NO IDENTIFICADA"|"SANTA MARIA DEL RIO"|"N"||"ND"|"OFFNET"|"SIN PLAZA WR"|"OFF RED"
2687||3|"1"|"759"|"SKY"|"SUR"|"INTERIOR"|"SURESTE"|"GOLFO"|"Puebla"|"HUB PUEBLA"|"NO IDENTIFICADA"|"ACTEOPAN"|"N"||"ND"|"OFFNET"|"SIN PLAZA WR"|"OFF NET"
2691||3|"1"|"759"|"SKY"|"NORTE"|"NORTE"|"NORESTE"|"NORESTE"|"Coahuila de Zaragoza"|"HUB SALTILLO"|"NO IDENTIFICADA"|"CASTAÑOS"|"N"||"ND"|"OFFNET"|"SIN PLAZA WR"|"ON NET"
2695||3|"1"|"759"|"SKY"|"SUR"|"INTERIOR"|"SURESTE"|"GOLFO"|"Tlaxcala"|"HUB YAHUQUEMEHCAN"|"NO IDENTIFICADA"|"XALTOCAN"|"N"||"ND"|"OFFNET"|"SIN PLAZA WR"|"OFF NET"
2699||3|"1"|"759"|"SKY"|"NORTE"|"INTERIOR"|"NORESTE"|"GOLFO"|"San Luis Potosí"|"HUB SAN LUIS POTOSI"|"NO IDENTIFICADA"|"TIERRA NUEVA"|"N"||"ND"|"OFFNET"|"SIN PLAZA WR"|"OFF NET"
2825||3|"1"|"759"|"SKY"|"SUR"|"INTERIOR"|"SURESTE"|"SURESTE"|"Chiapas"|"HUB TAPACHULA"|"NO IDENTIFICADA"|"MOTOZINTLA"|"N"||"ND"|"OFFNET"|"SIN PLAZA WR"|"OFF RED"
2829||3|"1"|"759"|"SKY"|"NORTE"|"INTERIOR"|"NORESTE"|"CENTRO"|"Guanajuato"|"HUB SAN MIGUEL DE ALLENDE"|"NO IDENTIFICADA"|"SAN MIGUEL DE ALLENDE"|"N"||"ND"|"OFFNET"|"SIN PLAZA WR"|"OFF NET"
2833||3|"1"|"759"|"SKY"|"SUR"|"INTERIOR"|"SURESTE"|"GOLFO"|"Veracruz de Ignacio de la Llave"|"HUB TIERRA BLANCA"|"NO IDENTIFICADA"|"IGNACIO DE LA LLAVE"|"N"||"ND"|"OFFNET"|"SIN PLAZA WR"|"OFF RED"
2837||3|"1"|"759"|"SKY"|"SUR"|"INTERIOR"|"SURESTE"|"GOLFO"|"Puebla"|"HUB HUAUCHINANGO"|"NO IDENTIFICADA"|"VENUSTIANO CARRANZA PUE"|"N"||"ND"|"OFFNET"|"SIN PLAZA WR"|"OFF NET"
2841||3|"1"|"759"|"SKY"|"SUR"|"INTERIOR"|"SURESTE"|"SURESTE"|"Quintana Roo"|"HUB CHETUMAL"|"NO IDENTIFICADA"|"BACALAR"|"N"||"ND"|"OFFNET"|"SIN PLAZA WR"|"OFF NET"
2845||3|"1"|"759"|"SKY"|"NORTE"|"INTERIOR"|"PACIFICO"|"CENTRO"|"Zacatecas"|"HUB PINOS"|"NO IDENTIFICADA"|"PINOS"|"N"||"ND"|"OFFNET"|"SIN PLAZA WR"|"OFF RED"
2646||3|"1"|"759"|"SKY"|"SUR"|"INTERIOR"|"OCCIDENTE"|"SURESTE"|"Oaxaca"|"HUB HUAJUAPAN"|"NO IDENTIFICADA"|"HUAJUAPAN"|"N"||"ND"|"OFFNET"|"SIN PLAZA WR"|"OFF NET"
2853||3|"1"|"759"|"SKY"|"NORTE"|"INTERIOR"|"NORESTE"|"GOLFO"|"San Luis Potosí"|"HUB MATEHUALA"|"NO IDENTIFICADA"|"CEDRAL"|"N"||"ND"|"OFFNET"|"SIN PLAZA WR"|"OFF NET"
2785||3|"1"|"759"|"SKY"|"SUR"|"INTERIOR"|"OCCIDENTE"|"SURESTE"|"Oaxaca"|"HUB PINOTEPA"|"NO IDENTIFICADA"|"TLAXIACO"|"N"||"ND"|"OFFNET"|"SIN PLAZA WR"|"OFF RED"
458|"85C8124F6C5DAFEC66C98F27209A37BDDA85CB6B"|5|"NN"|"073"|"CABLEMAS"|"SUR"|"METROSUR"|"SURESTE"|"SURESTE"|"VERACRUZ"|"COATZACOALCOS"|"NANCHITAL"|"NANCHITAL"||"Y"|"IZZI"||"COATZACOALCOS"|"NO IDENTIFICADA"
2407||3|"1"|"759"|"SKY"|"SUR"|"INTERIOR"|"OCCIDENTE"|"OCCIDENTE"|"Guerrero"|"HUB COYUCA"|"NO IDENTIFICADA"|"PUNGARABATO"|"N"||"ND"|"OFFNET"|"SIN PLAZA WR"|"OFF NET"
284|"A9A59337209A33C96E24DDB962C43B056643397F"|1|"74"|"074"|"CABLEMAS"|"SUR"|"METROSUR"|"SURESTE"|"SURESTE"|"VERACRUZ"|"PMS ACAYUCAN"|"LAS CHOAPAS"|"LAS CHOAPAS"||"Y"|||"VERACRUZ"|"NO IDENTIFICADA"
66|"DF419D9D3D1CA7DCE57FB791928F3B25CE3BBE35"|4|"171I"|"0"|"TVI"|"NORTE"|"NORTE"|"NORESTE"|"NORESTE"|"NUEVO LEON"|"AREA METROPOLITANA"|"AREA METROPOLITANA"|"AREA METROPOLITANA"||"Y"|||"ND"|"NO IDENTIFICADA"
2609||3|"1"|"759"|"SKY"|"SUR"|"INTERIOR"|"OCCIDENTE"|"OCCIDENTE"|"Guerrero"|"HUB ZIHUATANEJO"|"NO IDENTIFICADA"|"ISIDORO MONTES"|"N"||"ND"|"OFFNET"|"SIN PLAZA WR"|"OFF RED"
2849||3|"1"|"759"|"SKY"|"SUR"|"INTERIOR"|"OCCIDENTE"|"OCCIDENTE"|"Guerrero"|"HUB COYUCA"|"NO IDENTIFICADA"|"SAN MIGUEL TOTOLAPAN"|"N"||"ND"|"OFFNET"|"SIN PLAZA WR"|"OFF NET"
1110|"FBDE8A52936D3D41985AD8AF516662A99C871A6B"|16|"SLV"|"559"|"CABLEMAS"|"NORTE"|"NORTE"|"NORESTE"|"CENTRO"|"GUANAJUATO"|"PMC MOROLEON"|"SALVATIERRA"|"SALVATIERRA"||"Y"|"WIZZ"|"SALVATIERRA"|"MOROLEON"|"NO IDENTIFICADA"
1114|"F744D57801ED54B26B26913C616E81E87E5D26DA"|16|"HUM"|"540"|"CABLECOM"|"SUR"|"METROSUR"|"SURESTE"|"SURESTE"|"TABASCO"|"PMS CÁRDENAS"|"HUIMANGUILLO"|"HUIMANGUILLO"||"Y"|"WIZZ"|"HUIMANGUILLO"|"CARDENAS"|"NO IDENTIFICADA"
468|"BB7694FB9860DA780342E648CE03C5BB6EDAA030"|5|"ZN"|"400"|"TELECABLE"|"SUR"|"NORTE"|"OCCIDENTE"|"OCCIDENTE"|"JALISCO"|"ZAPOPAN"|"ZAPOPAN"|"ZAPOPAN"||"N"|"IZZI"||"ZAPOPAN"|"NO IDENTIFICADA"
1122|"85B36B31359EE8F507B4E7433A0A9AE610CDE2FF"|16|"CMA"|"534"|"CABLECOM"|"SUR"|"METROSUR"|"SURESTE"|"SURESTE"|"TABASCO"|"PMS CÁRDENAS"|"COMALCALCO"|"COMALCALCO"||"Y"|"WIZZ"|"COMALCALCO"|"CARDENAS"|"NO IDENTIFICADA"
1126|"A105916619F5278045F6DAFE23AB2F8D34350F8A"|16|"LET"|"548"|"CABLEMAS"|"SUR"|"METROSUR"|"SURESTE"|"SURESTE"|"VERACRUZ"|"PMS LOS TUXTLAS"|"LERDO"|"LERDO DE TEJADA"||"Y"|"WIZZ"|"LERDO DE TEJADA"|"VERACRUZ"|"NO IDENTIFICADA"
1130|"0179725D9D5DD4F57CCAC5DF94CB2D8E012CD22C"|16|"MAC"|"532"|"CABLECOM"|"SUR"|"METROSUR"|"SURESTE"|"SURESTE"|"TABASCO"|"PMS CÁRDENAS"|"MACUSPANA"|"MACUSPANA"||"Y"|"WIZZ"|"MACUSPANA"|"CARDENAS"|"NO IDENTIFICADA"
476|"251119E3CAA3B03EDF300B7C9D461E2F1EE407EC"|5|"LG"|"017"|"CABLEMAS"|"SUR"|"NORTE"|"OCCIDENTE"|"CENTRO"|"JALISCO"|"LAGOS"|"LAGOS"|"LAGOS"||"Y"|"IZZI"||"LAGOS"|"NO IDENTIFICADA"
2265||3|"1"|"759"|"SKY"|"SUR"|"INTERIOR"|"SURESTE"|"GOLFO"|"Veracruz de Ignacio de la Llave"|"HUB VERACRUZ"|"NO IDENTIFICADA"|"COTAXTLA"|"N"||"ND"|"OFFNET"|"SIN PLAZA WR"|"OFF RED"
467|"03C6FAE52F2A5F67EF6673E1609CBE4E8F6E52FD"|3|"ZN"|"400"|"TELECABLE"|"SUR"|"INTERIOR"|"OCCIDENTE"|"OCCIDENTE"|"JALISCO"|"ZAPOPAN"|"ZAPOPAN"|"ZAPOPAN"|"Y"|"N"|"IZZI"|"ZAPOPAN"|"ZAPOPAN"|"ON NET"
2273||3|"1"|"759"|"SKY"|"SUR"|"INTERIOR"|"SURESTE"|"GOLFO"|"Puebla"|"HUB PUEBLA"|"NO IDENTIFICADA"|"HUEJOTZINGO"|"N"||"ND"|"OFFNET"|"SIN PLAZA WR"|"OFF NET"
2277||3|"1"|"759"|"SKY"|"NORTE"|"INTERIOR"|"PACIFICO"|"CENTRO"|"Zacatecas"|"HUB FRESNILLO"|"NO IDENTIFICADA"|"JUAN ALDAMA"|"N"||"ND"|"OFFNET"|"SIN PLAZA WR"|"OFF NET"
2281||3|"1"|"759"|"SKY"|"SUR"|"INTERIOR"|"SURESTE"|"GOLFO"|"Veracruz de Ignacio de la Llave"|"HUB TIERRA BLANCA"|"NO IDENTIFICADA"|"TLALIXCOYAN"|"N"||"ND"|"OFFNET"|"SIN PLAZA WR"|"OFF NET"
2285||3|"1"|"759"|"SKY"|"SUR"|"INTERIOR"|"SURESTE"|"GOLFO"|"Tlaxcala"|"HUB SAN PABLO DEL MONTE"|"NO IDENTIFICADA"|"SAN PABLO DEL MONTE"|"N"||"ND"|"OFFNET"|"SIN PLAZA WR"|"ON NET"
2244||3|"1"|"759"|"SKY"|"SUR"|"INTERIOR"|"OCCIDENTE"|"OCCIDENTE"|"Jalisco"|"HUB GUADALAJARA"|"NO IDENTIFICADA"|"SAN MARTIN HIDALGO"|"N"||"ND"|"OFFNET"|"SIN PLAZA WR"|"OFF NET"
2293||3|"1"|"759"|"SKY"|"SUR"|"INTERIOR"|"SURESTE"|"SURESTE"|"Chiapas"|"HUB REFORMA"|"NO IDENTIFICADA"|"SUNUAPA"|"N"||"ND"|"OFFNET"|"SIN PLAZA WR"|"OFF NET"
2297||3|"1"|"759"|"SKY"|"NORTE"|"NORTE"|"NORESTE"|"NORESTE"|"Nuevo León"|"HUB LINARES"|"NO IDENTIFICADA"|"GENERAL ZARAGOZA"|"N"||"ND"|"OFFNET"|"SIN PLAZA WR"|"OFF NET"
2301||3|"1"|"759"|"SKY"|"NORTE"|"INTERIOR"|"NORESTE"|"CENTRO"|"Querétaro"|"HUB JALPA DE SERRA"|"NO IDENTIFICADA"|"ARROYO SECO"|"N"||"ND"|"OFFNET"|"SIN PLAZA WR"|"OFF RED"
504|"8B54E1D4F3EDCBB252DDBBB654738705C2F14B0D"|5|"CIV"|"303"|"CABLECOM"|"NORTE"|"METROSUR"|"NORESTE"|"GOLFO"|"TAMAULIPAS"|"VICTORIA"|"CD. VICTORIA"|"CD. VICTORIA"||"Y"|"IZZI"||"CD. VICTORIA"|"NO IDENTIFICADA"
512|"1CFF4F132F79B64FB03128A5930D7770BC3EE82E"|5|"REY"|"304"|"TVI"|"NORTE"|"METROSUR"|"NORESTE"|"GOLFO"|"TAMAULIPAS"|"REYNOSA TVI"|"REYNOSA"|"REYNOSA"||"Y"|"IZZI"||"REYNOSA"|"NO IDENTIFICADA"
520|"D11481884AC79BDB904E4F9FF25EC761538D63FC"|5|"MEC"|"578"|"CABLEMAS"|"METRO"|"METROSUR"|"METROPOLITANA"|"MXNORTE"|"MEXICO"|"MELCHOR OCAMPO"|"MELCHOR"|"COACALCO"||"Y"|"IZZI"||"MELCHOR OCAMPO"|"NO IDENTIFICADA"
528|"3F8AF99A857F9DE8D1CF69B023393C6FFD006CE0"|5|"MEO"|"588"|"CABLEMAS"|"METRO"|"METROSUR"|"METROPOLITANA"|"MXNORTE"|"MEXICO"|"MELCHOR OCAMPO"|"MELCHOR"|"TULTITLAN"||"Y"|"IZZI"||"MELCHOR OCAMPO"|"NO IDENTIFICADA"
536|"1081E97C8402FFEAB6E3C2A8C2C3EDA112D2750B"|5|"MEO"|"591"|"CABLEMAS"|"METRO"|"METROSUR"|"METROPOLITANA"|"MXNORTE"|"MEXICO"|"MELCHOR OCAMPO"|"MELCHOR"|"TULTEPEC"||"Y"|"IZZI"||"MELCHOR OCAMPO"|"NO IDENTIFICADA"
544|"570342C30CADA9B93BE112C698B27E3FEA4FF3D6"|5|"TAM"|"431"|"TELECABLE"|"NORTE"|"METROSUR"|"NORESTE"|"GOLFO"|"TAMAULIPAS"|"TAMPICO"|"TAMPICO"|"TAMPICO"||"Y"|"IZZI"||"TAMPICO"|"NO IDENTIFICADA"
552|"C07895F32250475886774D12A7737EC7F5685AF0"|5|"ORI"|"545"|"CABLEMAS"|"SUR"|"METROSUR"|"SURESTE"|"SURESTE"|"VERACRUZ"|"ORIZABA"|"CIUDAD MENDOZA"|"CIUDAD MENDOZA"||"Y"|"IZZI"||"ORIZABA"|"NO IDENTIFICADA"
560|"6728C31537AFDBD48BB19C5CAE68D6796460E9F4"|5|"CM"|"584"|"CABLEMAS"|"METRO"|"METROSUR"|"METROPOLITANA"|"MXCENTRO"|"MEXICO"|"CHIMALHUACAN"|"TEXCOCO"|"TEXCOCO"||"Y"|"IZZI"||"CHIMALHUACAN"|"NO IDENTIFICADA"
2488||3|"1"|"759"|"SKY"|"METRO"|"METRO"|"METROPOLITANA"|"MXSUR"|"Ciudad de México"|"HUB MILPA ALTA"|"NO IDENTIFICADA"|"MILPA ALTA"|"N"||"ND"|"OFFNET"|"SIN PLAZA WR"|"ON NET"
2492||3|"1"|"759"|"SKY"|"NORTE"|"NORTE"|"PACIFICO"|"PACIFICO"|"Chihuahua"|"HUB CUAUHTEMOC CHIH"|"NO IDENTIFICADA"|"GUERRERO"|"N"||"ND"|"OFFNET"|"SIN PLAZA WR"|"OFF NET"
444|"C8240FE157CBF8965E9AB77F6B494F4E6E042475"|5|"OX"|"045"|"CABLEMAS"|"SUR"|"METROSUR"|"OCCIDENTE"|"SURESTE"|"OAXACA"|"OAXACA"|"OAXACA"|"OAXACA"||"Y"|"IZZI"||"OAXACA"|"NO IDENTIFICADA"
443|"220ED1803371B218E2AE513DB35405A98F1BF73D"|3|"OX"|"045"|"CABLEMAS"|"SUR"|"INTERIOR"|"OCCIDENTE"|"SURESTE"|"OAXACA"|"OAXACA"|"OAXACA"|"OAXACA"|"Y"|"Y"|"IZZI"|"OAXACA"|"OAXACA"|"ON NET"
2504||3|"1"|"759"|"SKY"|"SUR"|"INTERIOR"|"SURESTE"|"SURESTE"|"Chiapas"|"HUB TAPACHULA"|"NO IDENTIFICADA"|"UNION JUAREZ"|"N"||"ND"|"OFFNET"|"SIN PLAZA WR"|"OFF NET"
2508||3|"1"|"759"|"SKY"|"SUR"|"INTERIOR"|"SURESTE"|"GOLFO"|"Puebla"|"HUB AMOZOC"|"NO IDENTIFICADA"|"ACATZINGO"|"N"||"ND"|"OFFNET"|"SIN PLAZA WR"|"OFF NET"
2512||3|"1"|"759"|"SKY"|"METRO"|"METRO"|"METROPOLITANA"|"MXNORTE"|"México"|"HUB VILLA VICTORIA"|"NO IDENTIFICADA"|"VILLA VICTORIA"|"N"||"ND"|"OFFNET"|"SIN PLAZA WR"|"OFF RED"
2516||3|"1"|"759"|"SKY"|"METRO"|"METRO"|"METROPOLITANA"|"MXNORTE"|"México"|"HUB TOLUCA"|"NO IDENTIFICADA"|"VILLA GUERRERO"|"N"||"ND"|"OFFNET"|"SIN PLAZA WR"|"OFF NET"
2520||3|"1"|"759"|"SKY"|"METRO"|"METRO"|"METROPOLITANA"|"MXNORTE"|"México"|"HUB TOLUCA"|"NO IDENTIFICADA"|"ZUMPAHUACAN"|"N"||"ND"|"OFFNET"|"SIN PLAZA WR"|"OFF RED"
2524||3|"1"|"759"|"SKY"|"NORTE"|"INTERIOR"|"PACIFICO"|"CENTRO"|"Zacatecas"|"HUB PINOS"|"NO IDENTIFICADA"|"LORETO"|"N"||"ND"|"OFFNET"|"SIN PLAZA WR"|"OFF NET"
2528||3|"1"|"759"|"SKY"|"NORTE"|"NORTE"|"PACIFICO"|"PACIFICO"|"Baja California Sur"|"HUB COMONDU"|"NO IDENTIFICADA"|"MULEGE"|"N"||"ND"|"OFFNET"|"SIN PLAZA WR"|"OFF NET"
2532||3|"1"|"759"|"SKY"|"NORTE"|"NORTE"|"PACIFICO"|"PACIFICO"|"Sonora"|"HUB CUMPAS"|"NO IDENTIFICADA"|"CUMPAS"|"N"||"ND"|"OFFNET"|"SIN PLAZA WR"|"OFF NET"
2536||3|"1"|"759"|"SKY"|"SUR"|"INTERIOR"|"SURESTE"|"GOLFO"|"Veracruz de Ignacio de la Llave"|"HUB POZA RICA"|"NO IDENTIFICADA"|"FILOMENO MATA"|"N"||"ND"|"OFFNET"|"SIN PLAZA WR"|"OFF NET"
2540||3|"1"|"759"|"SKY"|"SUR"|"INTERIOR"|"SURESTE"|"SURESTE"|"Chiapas"|"HUB REFORMA"|"NO IDENTIFICADA"|"CHIS JUAREZ"|"N"||"ND"|"OFFNET"|"SIN PLAZA WR"|"OFF RED"
2204||3|"1"|"759"|"SKY"|"SUR"|"INTERIOR"|"OCCIDENTE"|"SURESTE"|"Oaxaca"|"HUB HUATULCO"|"NO IDENTIFICADA"|"XITLA"|"N"||"ND"|"OFFNET"|"SIN PLAZA WR"|"OFF RED"
2707||3|"1"|"759"|"SKY"|"SUR"|"INTERIOR"|"OCCIDENTE"|"SURESTE"|"Oaxaca"|"HUB TUXTEPEC"|"NO IDENTIFICADA"|"VALLE NACIONAL"|"N"||"ND"|"OFFNET"|"SIN PLAZA WR"|"OFF RED"
2552||3|"1"|"759"|"SKY"|"METRO"|"METRO"|"METROPOLITANA"|"MXNORTE"|"México"|"HUB TOLUCA"|"NO IDENTIFICADA"|"TIANGUISTENGO MEX"|"N"||"ND"|"OFFNET"|"SIN PLAZA WR"|"OFF NET"
2760||3|"1"|"759"|"SKY"|"SUR"|"INTERIOR"|"OCCIDENTE"|"SURESTE"|"Oaxaca"|"HUB HUATULCO"|"NO IDENTIFICADA"|"HUATULCO"|"N"||"ND"|"OFFNET"|"SIN PLAZA WR"|"OFF NET"
2560||3|"1"|"759"|"SKY"|"SUR"|"INTERIOR"|"SURESTE"|"GOLFO"|"Veracruz de Ignacio de la Llave"|"HUB PANUCO"|"NO IDENTIFICADA"|"NARANJOS"|"N"||"ND"|"OFFNET"|"SIN PLAZA WR"|"OFF NET"
2366||3|"1"|"759"|"SKY"|"SUR"|"INTERIOR"|"OCCIDENTE"|"SURESTE"|"Oaxaca"|"HUB PINOTEPA"|"NO IDENTIFICADA"|"TEOJOMULCO"|"N"||"ND"|"OFFNET"|"SIN PLAZA WR"|"OFF NET"
2372||3|"1"|"759"|"SKY"|"SUR"|"INTERIOR"|"OCCIDENTE"|"SURESTE"|"Oaxaca"|"HUB HUAJUAPAN"|"NO IDENTIFICADA"|"ACATLAN DE PEREZ"|"N"||"ND"|"OFFNET"|"SIN PLAZA WR"|"OFF RED"
2572||3|"1"|"759"|"SKY"|"SUR"|"INTERIOR"|"SURESTE"|"GOLFO"|"Puebla"|"HUB TECAMACHALCO"|"NO IDENTIFICADA"|"TEPEACA"|"N"||"ND"|"OFFNET"|"SIN PLAZA WR"|"OFF NET"
2576||3|"1"|"759"|"SKY"|"NORTE"|"NORTE"|"PACIFICO"|"PACIFICO"|"Sonora"|"HUB NOGALES"|"NO IDENTIFICADA"|"AGUA PRIETA"|"N"||"ND"|"OFFNET"|"SIN PLAZA WR"|"OFF NET"
2580||3|"1"|"759"|"SKY"|"SUR"|"INTERIOR"|"SURESTE"|"SURESTE"|"Chiapas"|"HUB REFORMA"|"NO IDENTIFICADA"|"SOLISTAHUACAN"|"N"||"ND"|"OFFNET"|"SIN PLAZA WR"|"OFF NET"
2584||3|"1"|"759"|"SKY"|"METRO"|"METRO"|"METROPOLITANA"|"MXNORTE"|"Hidalgo"|"HUB TULANCINGO"|"NO IDENTIFICADA"|"ZEMPOALA"|"N"||"ND"|"OFFNET"|"SIN PLAZA WR"|"OFF NET"
2588||3|"1"|"759"|"SKY"|"METRO"|"METRO"|"METROPOLITANA"|"MXNORTE"|"México"|"HUB IXTLAHUACA"|"NO IDENTIFICADA"|"IXTLAHUACA"|"N"||"ND"|"OFFNET"|"SIN PLAZA WR"|"OFF RED"
2592||3|"1"|"759"|"SKY"|"NORTE"|"NORTE"|"PACIFICO"|"PACIFICO"|"Chihuahua"|"HUB PARRAL"|"NO IDENTIFICADA"|"CAMARGO CHIH"|"N"||"ND"|"OFFNET"|"SIN PLAZA WR"|"ON NET"
2596||3|"1"|"759"|"SKY"|"METRO"|"METRO"|"METROPOLITANA"|"MXNORTE"|"Hidalgo"|"HUB IXMIQUILPAN"|"NO IDENTIFICADA"|"IXMIQUILPAN"|"N"||"ND"|"OFFNET"|"SIN PLAZA WR"|"OFF NET"
2600||3|"1"|"759"|"SKY"|"METRO"|"METRO"|"METROPOLITANA"|"MXNORTE"|"México"|"HUB TOLUCA"|"NO IDENTIFICADA"|"TOLUCA"|"N"||"ND"|"OFFNET"|"SIN PLAZA WR"|"ON NET"
2604||3|"1"|"759"|"SKY"|"NORTE"|"INTERIOR"|"PACIFICO"|"CENTRO"|"Zacatecas"|"HUB VALPARAISO"|"NO IDENTIFICADA"|"VALPARAISO"|"N"||"ND"|"OFFNET"|"SIN PLAZA WR"|"OFF NET"
2434||3|"1"|"759"|"SKY"|"SUR"|"INTERIOR"|"OCCIDENTE"|"SURESTE"|"Oaxaca"|"HUB PINOTEPA"|"NO IDENTIFICADA"|"SAN LORENZO"|"N"||"ND"|"OFFNET"|"SIN PLAZA WR"|"OFF RED"
2612||3|"1"|"759"|"SKY"|"METRO"|"METRO"|"METROPOLITANA"|"MXNORTE"|"Hidalgo"|"HUB PACHUCA"|"NO IDENTIFICADA"|"SAN SALVADOR"|"N"||"ND"|"OFFNET"|"SIN PLAZA WR"|"OFF RED"
2616||3|"1"|"759"|"SKY"|"NORTE"|"INTERIOR"|"PACIFICO"|"CENTRO"|"Zacatecas"|"HUB VALPARAISO"|"NO IDENTIFICADA"|"MONTE ESCOBEDO"|"N"||"ND"|"OFFNET"|"SIN PLAZA WR"|"OFF NET"
2620||3|"1"|"759"|"SKY"|"METRO"|"METRO"|"METROPOLITANA"|"MXNORTE"|"México"|"HUB TOLUCA"|"NO IDENTIFICADA"|"OCUILAN"|"N"||"ND"|"OFFNET"|"SIN PLAZA WR"|"OFF RED"
2624||3|"1"|"759"|"SKY"|"SUR"|"INTERIOR"|"SURESTE"|"GOLFO"|"Tlaxcala"|"HUB HUAMANTLA"|"NO IDENTIFICADA"|"ZITLALTEPEC"|"N"||"ND"|"OFFNET"|"SIN PLAZA WR"|"OFF NET"
2463||3|"1"|"759"|"SKY"|"SUR"|"INTERIOR"|"OCCIDENTE"|"SURESTE"|"Oaxaca"|"HUB HUAJUAPAN"|"NO IDENTIFICADA"|"TEPEUXILA"|"N"||"ND"|"OFFNET"|"SIN PLAZA WR"|"OFF RED"
2632||3|"1"|"759"|"SKY"|"SUR"|"INTERIOR"|"SURESTE"|"SURESTE"|"Chiapas"|"HUB REFORMA"|"NO IDENTIFICADA"|"OSTUACAN"|"N"||"ND"|"OFFNET"|"SIN PLAZA WR"|"OFF RED"
2636||3|"1"|"759"|"SKY"|"METRO"|"METRO"|"METROPOLITANA"|"MXSUR"|"Ciudad de México"|"HUB VENUSTIANO CARRANZA"|"NO IDENTIFICADA"|"VENUSTIANO CARRANZA CDMX"|"N"||"ND"|"OFFNET"|"SIN PLAZA WR"|"ON NET"
2474||3|"1"|"759"|"SKY"|"SUR"|"INTERIOR"|"OCCIDENTE"|"SURESTE"|"Oaxaca"|"HUB HUAJUAPAN"|"NO IDENTIFICADA"|"COIXTLAHUACA"|"N"||"ND"|"OFFNET"|"SIN PLAZA WR"|"OFF NET"
2644||3|"1"|"759"|"SKY"|"SUR"|"INTERIOR"|"SURESTE"|"SURESTE"|"Tabasco"|"HUB MACUSPANA"|"NO IDENTIFICADA"|"TACOTALPA"|"N"||"ND"|"OFFNET"|"SIN PLAZA WR"|"OFF RED"
2648||3|"1"|"759"|"SKY"|"NORTE"|"INTERIOR"|"PACIFICO"|"CENTRO"|"Nayarit"|"HUB BAHIA DE BANDERAS"|"NO IDENTIFICADA"|"AHUACATLAN"|"N"||"ND"|"OFFNET"|"SIN PLAZA WR"|"OFF RED"
2652||3|"1"|"759"|"SKY"|"SUR"|"INTERIOR"|"SURESTE"|"GOLFO"|"Veracruz de Ignacio de la Llave"|"HUB XALAPA"|"NO IDENTIFICADA"|"ATZALAN"|"N"||"ND"|"OFFNET"|"SIN PLAZA WR"|"OFF RED"
2656||3|"1"|"759"|"SKY"|"SUR"|"INTERIOR"|"SURESTE"|"SURESTE"|"Quintana Roo"|"HUB CARRILLO PUERTO"|"NO IDENTIFICADA"|"CARRILLO PUERTO"|"N"||"ND"|"OFFNET"|"SIN PLAZA WR"|"OFF RED"
2660||3|"1"|"759"|"SKY"|"METRO"|"METRO"|"METROPOLITANA"|"MXNORTE"|"Ciudad de México"|"HUB MIGUEL HIDALGO"|"NO IDENTIFICADA"|"MIGUEL HIDALGO"|"N"||"ND"|"OFFNET"|"SIN PLAZA WR"|"ON NET"
2519||3|"1"|"759"|"SKY"|"SUR"|"INTERIOR"|"OCCIDENTE"|"SURESTE"|"Oaxaca"|"HUB TUXTEPEC"|"NO IDENTIFICADA"|"SAN PEDRO YOLOX"|"N"||"ND"|"OFFNET"|"SIN PLAZA WR"|"OFF RED"
2668||3|"1"|"759"|"SKY"|"METRO"|"METRO"|"METROPOLITANA"|"MXNORTE"|"México"|"HUB VILLA VICTORIA"|"NO IDENTIFICADA"|"LUVIANOS"|"N"||"ND"|"OFFNET"|"SIN PLAZA WR"|"OFF RED"
2547||3|"1"|"759"|"SKY"|"SUR"|"INTERIOR"|"OCCIDENTE"|"SURESTE"|"Oaxaca"|"HUB OAXACA"|"NO IDENTIFICADA"|"SAN BALTAZAR"|"N"||"ND"|"OFFNET"|"SIN PLAZA WR"|"OFF RED"
2788||3|"1"|"759"|"SKY"|"NORTE"|"INTERIOR"|"NORESTE"|"CENTRO"|"Querétaro"|"HUB CADEREYTA DE MONTES"|"NO IDENTIFICADA"|"CADEREYTA DE MONTES"|"N"||"ND"|"OFFNET"|"SIN PLAZA WR"|"OFF RED"
2792||3|"1"|"759"|"SKY"|"NORTE"|"INTERIOR"|"PACIFICO"|"CENTRO"|"Nayarit"|"HUB DEL NAYAR"|"NO IDENTIFICADA"|"SANTA MARIA DEL ORO"|"N"||"ND"|"OFFNET"|"SIN PLAZA WR"|"OFF RED"
2796||3|"1"|"759"|"SKY"|"SUR"|"INTERIOR"|"SURESTE"|"SURESTE"|"Yucatán"|"HUB MERIDA"|"NO IDENTIFICADA"|"TIXKOKOB"|"N"||"ND"|"OFFNET"|"SIN PLAZA WR"|"OFF NET"
2800||3|"1"|"759"|"SKY"|"SUR"|"INTERIOR"|"SURESTE"|"SURESTE"|"Yucatán"|"HUB TEKAX"|"NO IDENTIFICADA"|"TECOH"|"N"||"ND"|"OFFNET"|"SIN PLAZA WR"|"OFF RED"
2804||3|"1"|"759"|"SKY"|"NORTE"|"NORTE"|"NORESTE"|"NORESTE"|"Nuevo León"|"HUB GENERAL TERAN"|"NO IDENTIFICADA"|"CHINA"|"N"||"ND"|"OFFNET"|"SIN PLAZA WR"|"OFF NET"
2808||3|"1"|"759"|"SKY"|"SUR"|"INTERIOR"|"SURESTE"|"GOLFO"|"Puebla"|"HUB ZACATLAN"|"NO IDENTIFICADA"|"CHIGNAHUAPAN"|"N"||"ND"|"OFFNET"|"SIN PLAZA WR"|"OFF RED"
2812||3|"1"|"759"|"SKY"|"NORTE"|"INTERIOR"|"PACIFICO"|"CENTRO"|"Sinaloa"|"HUB CULIACAN"|"NO IDENTIFICADA"|"CULIACAN"|"N"||"ND"|"OFFNET"|"SIN PLAZA WR"|"OFF NET"
2816||3|"1"|"759"|"SKY"|"NORTE"|"NORTE"|"NORESTE"|"NORESTE"|"Coahuila de Zaragoza"|"HUB TORREON"|"NO IDENTIFICADA"|"TORREON"|"N"||"ND"|"OFFNET"|"SIN PLAZA WR"|"OFF NET"
2820||3|"1"|"759"|"SKY"|"METRO"|"METRO"|"METROPOLITANA"|"MXNORTE"|"Hidalgo"|"HUB TULA"|"NO IDENTIFICADA"|"TEZONTEPEC"|"N"||"ND"|"OFFNET"|"SIN PLAZA WR"|"OFF NET"
1984|"D503DDA569E75E7023C2C6A37B7ECF82D8A6D2C2"|5|"TXPR"|"098"|"CABLEMAS"|"SUR"|"METROSUR"|"SURESTE"|"GOLFO"|"VERACRUZ"|"TUXPAM"|"TUXPAM"|"TUXPAM"|||"IZZI"||"SIN PLAZA WR"|"NO IDENTIFICADA"
1981|"D503DDA569E75E7023C2C6A37B7ECF82D8A6D2C2"|5|"TXP"|"098"|"CABLEMAS"|"SUR"|"METROSUR"|"SURESTE"|"GOLFO"|"VERACRUZ"|"TUXPAM"|"TUXPAM"|"TUXPAM"|||"IZZI"||"SIN PLAZA WR"|"NO IDENTIFICADA"
1537|"F8A553E2D8FBE1690E9836466946DE61AE3F74A0"|5|"ELS"|"453"|"TELECABLE"|"SUR"|"NORTE"|"OCCIDENTE"|"OCCIDENTE"|"JALISCO"|"GUADALAJARA"|"GUADALAJARA"|"EL SALTO"||"Y"|"IZZI"|"EL SALTO"|"SIN PLAZA WR"|"NO IDENTIFICADA"
929|"CBDD3060304813383EADBA8B7BC0DDDDA6170A54"|16|"CT"|"041"|"CABLEMAS"|"METRO"|"METROSUR"|"METROPOLITANA"|"MXSUR"|"MORELOS"|"CUAUTLA"|"CUAUTLA"|"CUAUTLA"|"Y"|"Y"|"IZZI"|"CUAUTLA"|"CUERNAVACA"|"NO IDENTIFICADA"
2745||3|"1"|"759"|"SKY"|"METRO"|"METRO"|"METROPOLITANA"|"MXNORTE"|"Ciudad de México"|"HUB BENITO JUAREZ"|"NO IDENTIFICADA"|"BENITO JUAREZ CDMX"|"N"||"ND"|"OFFNET"|"SIN PLAZA WR"|"ON NET"
2749||3|"1"|"759"|"SKY"|"NORTE"|"NORTE"|"PACIFICO"|"PACIFICO"|"Chihuahua"|"HUB CUAUHTEMOC CHIH"|"NO IDENTIFICADA"|"MADERA"|"N"||"ND"|"OFFNET"|"SIN PLAZA WR"|"OFF NET"
2753||3|"1"|"759"|"SKY"|"SUR"|"INTERIOR"|"SURESTE"|"GOLFO"|"Puebla"|"HUB HUAUCHINANGO"|"NO IDENTIFICADA"|"PAHUATLAN"|"N"||"ND"|"OFFNET"|"SIN PLAZA WR"|"OFF RED"
2757||3|"1"|"759"|"SKY"|"NORTE"|"INTERIOR"|"PACIFICO"|"CENTRO"|"Zacatecas"|"HUB MAZAPIL"|"NO IDENTIFICADA"|"MAZAPIL"|"N"||"ND"|"OFFNET"|"SIN PLAZA WR"|"OFF NET"
2761||3|"1"|"759"|"SKY"|"SUR"|"INTERIOR"|"SURESTE"|"GOLFO"|"Puebla"|"HUB TEHUACAN"|"NO IDENTIFICADA"|"ZOQUITLAN"|"N"||"ND"|"OFFNET"|"SIN PLAZA WR"|"OFF RED"
2765||3|"1"|"759"|"SKY"|"NORTE"|"INTERIOR"|"PACIFICO"|"CENTRO"|"Zacatecas"|"HUB GUADALUPE"|"NO IDENTIFICADA"|"TEPETONGO"|"N"||"ND"|"OFFNET"|"SIN PLAZA WR"|"OFF RED"
2769||3|"1"|"759"|"SKY"|"NORTE"|"INTERIOR"|"NORESTE"|"GOLFO"|"San Luis Potosí"|"HUB VALLES"|"NO IDENTIFICADA"|"CIUDAD VALLES"|"N"||"ND"|"OFFNET"|"SIN PLAZA WR"|"ON NET"
2773||3|"1"|"759"|"SKY"|"NORTE"|"NORTE"|"NORESTE"|"NORESTE"|"Coahuila de Zaragoza"|"HUB SAN BUENAVENTURA"|"NO IDENTIFICADA"|"CUATRO CIENEGAS"|"N"||"ND"|"OFFNET"|"SIN PLAZA WR"|"OFF NET"
2777||3|"1"|"759"|"SKY"|"SUR"|"INTERIOR"|"SURESTE"|"SURESTE"|"Chiapas"|"HUB SAN CRISTOBAL"|"NO IDENTIFICADA"|"TILA"|"N"||"ND"|"OFFNET"|"SIN PLAZA WR"|"OFF RED"
1066|"CE528410FE76B8547A094F13A217495532C27297"|16|"RHI"|"412"|"TELECABLE"|"SUR"|"NORTE"|"OCCIDENTE"|"OCCIDENTE"|"MICHOACAN"|"PMO LOS REYES HIGUERITA"|"LOS REYES"|"LOS REYES HIGUERITA"||"Y"|"WIZZ"|"LOS REYES HIGUERITA"|"TEOCALTICHE"|"NO IDENTIFICADA"
2338||3|"1"|"759"|"SKY"|"NORTE"|"INTERIOR"|"NORESTE"|"CENTRO"|"Guanajuato"|"HUB GUANAJUATO"|"NO IDENTIFICADA"|"SAN FELIPE"|"N"||"ND"|"OFFNET"|"SIN PLAZA WR"|"OFF RED"
2342||3|"1"|"759"|"SKY"|"SUR"|"INTERIOR"|"SURESTE"|"GOLFO"|"Puebla"|"HUB PUEBLA"|"NO IDENTIFICADA"|"SAN ANDRES CHOLULA"|"N"||"ND"|"OFFNET"|"SIN PLAZA WR"|"OFF NET"
2346||3|"1"|"759"|"SKY"|"METRO"|"METRO"|"METROPOLITANA"|"MXNORTE"|"Ciudad de México"|"HUB GUSTAVO A MADERO"|"NO IDENTIFICADA"|"GUSTAVO A MADERO"|"N"||"ND"|"OFFNET"|"SIN PLAZA WR"|"ON NET"
1098|"E0E318B69FE52B7E8849DDB78C1720067FEA2293"|16|"PUR"|"557"|"CABLECOM"|"SUR"|"NORTE"|"OCCIDENTE"|"OCCIDENTE"|"MICHOACAN"|"PMO LOS REYES HIGUERITA"|"PUREPERO"|"PUREPERO"||"Y"|"WIZZ"|"PUREPERO"|"TEOCALTICHE"|"NO IDENTIFICADA"
1121|"35FFBB5229051FC0E10740D25A610E2CE8F4B74A"|16|"ZCP"|"556"|"CABLECOM"|"SUR"|"NORTE"|"OCCIDENTE"|"OCCIDENTE"|"MICHOACAN"|"PMO LOS REYES HIGUERITA"|"ZACAPU"|"ZACAPU"||"Y"|"WIZZ"|"ZACAPU"|"TEOCALTICHE"|"NO IDENTIFICADA"
2358||3|"1"|"759"|"SKY"|"NORTE"|"INTERIOR"|"PACIFICO"|"CENTRO"|"Nayarit"|"HUB DEL NAYAR"|"NO IDENTIFICADA"|"JALA"|"N"||"ND"|"OFFNET"|"SIN PLAZA WR"|"OFF NET"
2362||3|"1"|"759"|"SKY"|"SUR"|"INTERIOR"|"SURESTE"|"GOLFO"|"Veracruz de Ignacio de la Llave"|"HUB POZA RICA"|"NO IDENTIFICADA"|"ALAMO TEMAPACHE"|"N"||"ND"|"OFFNET"|"SIN PLAZA WR"|"OFF RED"
132|"4BDD0041CF0FCB2A1CBD7828A49EB3B2405DE991"|6|"CC26"|"0"|"CABLECOM"|"SUR"|"NORTE"|"OCCIDENTE"|"OCCIDENTE"|"MICHOACAN"|"PMO LOS REYES HIGUERITA"|"PUREPERO"|"PUREPERO"||"Y"|||"TEOCALTICHE"|"NO IDENTIFICADA"
2370||3|"1"|"759"|"SKY"|"METRO"|"METRO"|"METROPOLITANA"|"MXSUR"|"Morelos"|"HUB PUENTE DE IXTLA"|"NO IDENTIFICADA"|"PUENTE DE IXTLA"|"N"||"ND"|"OFFNET"|"SIN PLAZA WR"|"OFF NET"
659|"175DAD30E672E885D56162AB191854FBA4A66237"|3|"RHI"|"412"|"TELECABLE"|"SUR"|"INTERIOR"|"OCCIDENTE"|"OCCIDENTE"|"MICHOACAN"|"PMO LOS REYES HIGUERITA"|"LOS REYES"|"LOS REYES HIGUERITA"||"Y"|"WIZZ"|"LOS REYES HIGUERITA"|"TEOCALTICHE"|"NO IDENTIFICADA"
568|"CB86780B9EEBEA86EA7F53C20356DEC8B4618C3A"|5|"ECT"|"086"|"CABLEMAS"|"METRO"|"METROSUR"|"METROPOLITANA"|"MXNORTE"|"MEXICO"|"ECATEPEC"|"TECAMAC"|"TECAMAC"||"Y"|"IZZI"||"ECATEPEC"|"NO IDENTIFICADA"
596|"4B18C55C57A1C58916102FBE726C2AFA929205EE"|5|"QRO"|"596"|"CABLECOM"|"NORTE"|"NORTE"|"NORESTE"|"CENTRO"|"QUERETARO"|"QUERETARO"|"QUERETARO"|"QUERETARO"||"Y"|"IZZI"||"QUERETARO"|"NO IDENTIFICADA"
1039|"0CEBDB6E61D786E2AA4DBEC5574DF7A4E27C3351"|16|"OJU"|"094"|"CABLEMAS"|"SUR"|"NORTE"|"OCCIDENTE"|"CENTRO"|"JALISCO"|"PMC TEOCALTICHE"|"OJUELOS"|"OJUELOS"|"N"|"Y"|"WIZZ"|"OJUELOS"|"TEOCALTICHE"|"NO IDENTIFICADA"
720|"A2692E7B97672E4AF3091A38E0E4FC882BCA3303"|5|"NAC"|"539"|"CABLECOM"|"SUR"|"METROSUR"|"SURESTE"|"SURESTE"|"TABASCO"|"PMS CÁRDENAS"|"NACAJUCA"|"NACAJUCA"||"Y"|"WIZZ"||"CARDENAS"|"NO IDENTIFICADA"
732|"89C3F3C493704992754E824368BE3AF42D92925E"|5|"TZY"|"594"|"CABLEMAS"|"METRO"|"METROSUR"|"METROPOLITANA"|"MXNORTE"|"HIDALGO"|"PMM TULA"|"TIZAYUCA"|"TIZAYUCA"||"Y"|"WIZZ"||"TULA"|"NO IDENTIFICADA"
228|"ACE3325820447DE151A4ADB4CD560809D7CC3208"|6|"CC52"|"0"|"CABLECOM"|"SUR"|"METROSUR"|"SURESTE"|"SURESTE"|"VERACRUZ"|"PMS LOS TUXTLAS"|"CATEMACO"|"CATEMACO"||"Y"|||"VERACRUZ"|"NO IDENTIFICADA"
232|"495245643D3A5CA29A85069EE13AD645DCFEBBCF"|8|"CC53"|"0"|"CABLECOM"|"SUR"|"METROSUR"|"SURESTE"|"SURESTE"|"CAMPECHE"|"CIUDAD DEL CARMEN"|"CD. DEL CARMEN"|"CIUDAD DEL CARMEN"||"Y"|||"CIUDAD DEL CARMEN"|"NO IDENTIFICADA"
944|"8630F99D8A899D82283328EE739A9483411CDE54"|16|"GPA"|"300"|"TVI"|"NORTE"|"NORTE"|"NORESTE"|"NORESTE"|"NUEVO LEON"|"MONTERREY"|"GUADALUPE"|"GUADALUPE"|"Y"|"Y"|"IZZI"|"MONTERREY"|"MTY - REVOLUCION"|"NO IDENTIFICADA"
2002|"52224CF2D6BE81F5B52A0D41C6B1B83AD1A4929B"|16|"CHO"|"615"|"CABLECOM"|"SUR"|"METROSUR"|"SURESTE"|"GOLFO"|"PUEBLA"|"CHOLULA"|"CHOLULA"|"CHOLULA"|||"IZZI"||"SIN PLAZA WR"|"NO IDENTIFICADA"
2185||5|"CELR"|"597"|"CABLECOM"|"NORTE"||"NORESTE"||"GUANAJUATO"|"CELAYA"|"CELAYA"|"CELAYA"|||||"SIN PLAZA WR"|"NO IDENTIFICADA"
977|"65186103962E35725D4409D9677CE2DE9E7D2B28"|16|"GRL"|"301"|"CABLECOM"|"NORTE"|"NORTE"|"NORESTE"|"NORESTE"|"COAHUILA"|"COAHUILA"|"SALTILLO"|"SALTILLO"|"Y"|"Y"|"IZZI"|"SALTILLO"|"SALTILLO"|"NO IDENTIFICADA"
186|"367E76FC8087A6565D589E96884CD4DDA093CDEF"|7|"TC39"|"0"|"TELECABLE"|"NORTE"|"NORTE"|"NORESTE"|"OCCIDENTE"|"TAMAULIPAS"|"MIRAMAR"|"MIRAMAR"|"MIRAMAR"||"Y"|||"ND"|"NO IDENTIFICADA"
198|"CC0E962ECF3615FCB79100E233D7B933D7D6E596"|8|"CC42"|"0"|"CABLEMAS"|"SUR"|"METROSUR"|"SURESTE"|"GOLFO"|"PUEBLA"|"TLAXCALA"|"SAN MARTIN"|"SAN MARTIN TEXMELUCAN"||"Y"|||"TLAXCALA"|"NO IDENTIFICADA"
68|"6505B0BFFC62D2B154E60F4A7ABFAFC0E8B3BAB6"|8|"CC11"|"0"|"CABLEMAS"|"METRO"|"METROSUR"|"METROPOLITANA"|"MXNORTE"|"MEXICO"|"MELCHOR OCAMPO"|"MELCHOR"|"MELCHOR OCAMPO"||"Y"|||"MELCHOR OCAMPO"|"NO IDENTIFICADA"
1049|"DA9BF253CE9BC1ACB85CA9D1A086004014B95494"|16|"TLA"|"026"|"CABLEMAS"|"METRO"|"METROSUR"|"METROPOLITANA"|"MXNORTE"|"HIDALGO"|"PMM TULA"|"TULA"|"TULA"|"N"|"Y"|"WIZZ"|"TULA"|"TULA"|"NO IDENTIFICADA"
1053|"E97584D23C114D224C54C723D16828E325BCB2AE"|16|"MCV"|"312"|"TVI"|"NORTE"|"NORTE"|"NORESTE"|"NORESTE"|"COAHUILA"|"MONCLOVA"|"MONCLOVA"|"MONCLOVA"|"N"|"Y"|"WIZZ"|"MONCLOVA"|"MONCLOVA"|"NO IDENTIFICADA"
1057|"FDCE8BC59E77CE872EC25D8E45A1341966C09520"|16|"SFE"|"309"|"TVI"|"NORTE"|"METROSUR"|"NORESTE"|"GOLFO"|"TAMAULIPAS"|"MATAMOROS"|"SAN FERNANDO"|"SAN FERNANDO"|"Y"|"Y"|"WIZZ"|"SAN FERNANDO"|"MATAMOROS"|"NO IDENTIFICADA"
1000|"D18F38F32EDF8069608B205479F3345519A00B41"|16|"MEO"|"593"|"CABLEMAS"|"METRO"|"METROSUR"|"METROPOLITANA"|"MXNORTE"|"MEXICO"|"MELCHOR OCAMPO"|"MELCHOR"|"MOCUAUTITLAN"|"Y"|"Y"|"IZZI"|"CUAUTITLAN"|"MELCHOR OCAMPO"|"NO IDENTIFICADA"
1004|"05142ED33BBD1F1270EB13E10D5DEC470BBEDF32"|16|"ALT"|"432"|"TELECABLE"|"NORTE"|"METROSUR"|"NORESTE"|"GOLFO"|"TAMAULIPAS"|"ALTAMIRA"|"ALTAMIRA"|"ALTAMIRA"|"Y"|"Y"|"IZZI"|"ALTAMIRA"|"ALTAMIRA"|"NO IDENTIFICADA"
1008|"40A7040B34ABCD4719DB6CEEEB2F816B9478110C"|16|"COR"|"606"|"CABLECOM"|"SUR"|"METROSUR"|"SURESTE"|"SURESTE"|"VERACRUZ"|"CORDOBA"|"CORDOBA"|"FORTIN"|"Y"|"Y"|"IZZI"|"FORTIN DE LAS FLORES"|"CORDOBA"|"NO IDENTIFICADA"
1012|"888DA48039BD5F20BA89A4E08EBA54AD712A1690"|16|"CM"|"083"|"CABLEMAS"|"METRO"|"METROSUR"|"METROPOLITANA"|"MXCENTRO"|"MEXICO"|"CHIMALHUACAN"|"CHIMALHUACAN"|"CHIMALHUACAN"|"Y"|"Y"|"IZZI"|"CHIMALHUACAN"|"CHIMALHUACAN"|"NO IDENTIFICADA"
1016|"C4717A25103938AC3218C655B1CA6B5BF0A2058E"|16|"ECA"|"579"|"CABLEMAS"|"METRO"|"METROSUR"|"METROPOLITANA"|"MXNORTE"|"MEXICO"|"ECATEPEC"|"ECATEPEC"|"ECATEPEC"|"Y"|"Y"|"IZZI"|"ECATEPEC"|"ECATEPEC"|"NO IDENTIFICADA"
2182||3|"CTR"|"41"|"CABLEMAS"|"METRO"|"METRO"|"METROPOLITANA"|"MXSUR"|"MORELOS"|"CUAUTLA"|"CUAUTLA"|"CUAUTLA"||||"Sin RPT"|"SIN PLAZA WR"|"ON NET"
2160||3|"OFF NET"|"759"|"TVI"|"OFF NET"|"OFFNET"|"OFF NET"|"OFFNET"|"OFF NET"|"OFF NET"|"OFF NET"|"OFF NET"||||"OFFNET"|"SIN PLAZA WR"|"NO IDENTIFICADA"
2607||3|"1"|"759"|"SKY"|"SUR"|"INTERIOR"|"OCCIDENTE"|"OCCIDENTE"|"Jalisco"|"HUB GUADALAJARA"|"NO IDENTIFICADA"|"IXTLAHUACAN DEL RIO"|"N"||"ND"|"OFFNET"|"SIN PLAZA WR"|"OFF RED"
2206||3|"1"|"759"|"SKY"|"SUR"|"INTERIOR"|"SURESTE"|"GOLFO"|"Veracruz de Ignacio de la Llave"|"HUB XALAPA"|"NO IDENTIFICADA"|"URSULO GALVAN"|"N"||"ND"|"OFFNET"|"SIN PLAZA WR"|"OFF NET"
2210||3|"1"|"759"|"SKY"|"SUR"|"INTERIOR"|"SURESTE"|"GOLFO"|"Veracruz de Ignacio de la Llave"|"HUB PANUCO"|"NO IDENTIFICADA"|"CHALMA"|"N"||"ND"|"OFFNET"|"SIN PLAZA WR"|"OFF RED"
2214||3|"1"|"759"|"SKY"|"NORTE"|"NORTE"|"NORESTE"|"NORESTE"|"Nuevo León"|"HUB MONTERREY"|"NO IDENTIFICADA"|"MONTERREY"|"N"||"ND"|"OFFNET"|"SIN PLAZA WR"|"ON NET"
2218||3|"1"|"759"|"SKY"|"NORTE"|"NORTE"|"NORESTE"|"NORESTE"|"Nuevo León"|"HUB MONTERREY"|"NO IDENTIFICADA"|"SALINAS VICTORIA"|"N"||"ND"|"OFFNET"|"SIN PLAZA WR"|"ON NET"
652|"C303138AD7FB825EBC5E5CA8C9715F6ED4425BD9"|5|"PPG"|"700"|"IZZI FLEX"|"OTROS"||"PREPAGO"||"ND"|"PREPAGO"|"PREPAGO"|"PREPAGO"||"Y"|"FLEX"||"ND"|"NO IDENTIFICADA"
320|"B4A777EDE34DCAE69513E92DCB37735D52FB9945"|5|"PL"|"000"|"CABLEVISIÓN"|"METRO"|"METROSUR"|"METROPOLITANA"|"MXCENTRO"|"CIUDAD DE MEXICO"|"POLANCO"|"METROPOLITANA"|"POLANCO"||"Y"|"IZZI"||"POLANCO"|"NO IDENTIFICADA"
328|"C9EFDD9A0898DBBC3FBE05695EC4ED9D73264E57"|5|"VA"|"000"|"CABLEVISIÓN"|"METRO"|"METROSUR"|"METROPOLITANA"|"MXCENTRO"|"CIUDAD DE MEXICO"|"VALLE"|"METROPOLITANA"|"VALLE"||"Y"|"IZZI"||"VALLE"|"NO IDENTIFICADA"
336|"FAB6D580C00CEAD740230A84D2082030D29679AE"|5|"ME"|"031"|"CABLEMAS"|"SUR"|"METROSUR"|"SURESTE"|"SURESTE"|"YUCATAN"|"MERIDA"|"MERIDA"|"MERIDA"||"Y"|"IZZI"||"MERIDA"|"NO IDENTIFICADA"
344|"910E4DF97689ECA161B536EDF8FA25A96EDEC77D"|5|"DE"|"000"|"CABLEVISIÓN"|"METRO"||"ND"||"ND"|"ND"|"ND"|"ND"||"N"|"ND"||"ND"|"NO IDENTIFICADA"
53|"08C92D16474F29C342EF25B0A07E2D09ECCCF153"|7|"TC7"|"0"|"TELECABLE"|"NORTE"|"NORTE"|"NORESTE"|"CENTRO"|"GUANAJUATO"|"PMC SAN FCO DEL RINCÓN"|"MANUEL DOBLADO"|"MANUEL DOBLADO"||"Y"|||"MOROLEON"|"NO IDENTIFICADA"
57|"CA5B4CE3D60551712CD7748A38A35FC15FF29E7B"|4|"KFZW"|"0"|"TVI"|"NORTE"|"METROSUR"|"NORESTE"|"GOLFO"|"SAN LUIS POTOSI"|"SAN LUIS POTOSI"|"SAN LUIS POTOSI"|"SAN LUIS POTOSI"||"N"|||"SAN LUIS POTOSI"|"NO IDENTIFICADA"
736|"AA024932F7A7DC0B4F9FEE72046DA501185A7E95"|5|"JLP"|"537"|"CABLECOM"|"SUR"|"METROSUR"|"SURESTE"|"SURESTE"|"TABASCO"|"PMS CÁRDENAS"|"JALPA"|"JALPA"||"Y"|"WIZZ"||"CARDENAS"|"NO IDENTIFICADA"
1181|"81C53692B53080DE343A72685E56FE0DEBE7C502"|11|"0"|"0"|"AXTEL"|"ND"||"ND"||"ND"|"ND"|"ND"|"ND"||"N"|||"ND"|"NO IDENTIFICADA"
4|"E3B8439EA0A1F533927115104A360D2D5823AE94"|5|"-3"|"0"|"CABLECOM"|"NO IDENTIFICADA"||"NO IDENTIFICADA"||"ND"|"NO IDENTIFICADA"|"NO IDENTIFICADA"|"NO IDENTIFICADA"||"N"|"ND"||"ND"|"NO IDENTIFICADA"
10|"30D71912C33AA0D84CE759B9E9A154012C70D3BA"|2|"0"|"0"|"CABLEMAS"|"METRO"||"ND"||"ND"|"ND"|"ND"|"ND"||"N"|||"ND"|"NO IDENTIFICADA"
15|"E490280B98A21FA19AB5545BD88273E7EF992EF1"|7|"0"|"0"|"TELECABLE"|"METRO"||"ND"||"ND"|"ND"|"ND"|"ND"||"N"|||"ND"|"NO IDENTIFICADA"
20|"39A14F947DB923FDE914DF1E231E438D5B71B653"|4|"1"|"0"|"TVI"|"NORTE"||"ND"||"ND"|"ND"|"ND"|"ND"||"Y"|||"ND"|"NO IDENTIFICADA"
24|"D96AEC1402BAC31916976B0416789B9EE4557638"|8|"1"|"0"|"CABLECOM"|"METRO"||"ND"||"ND"|"ND"|"ND"|"ND"||"Y"|||"ND"|"NO IDENTIFICADA"
234|"7A30D7C39EA9EA1C21813FEB9FBD2DB72AFD53AA"|6|"CC54"|"0"|"CABLEMAS"|"SUR"|"METROSUR"|"SURESTE"|"SURESTE"|"VERACRUZ"|"ORIZABA"|"CIUDAD MENDOZA"|"CIUDAD MENDOZA"||"Y"|||"ORIZABA"|"NO IDENTIFICADA"
238|"0B5F6684972370ACE47B1E9AAEAB8D3BE193DCB8"|8|"CC55"|"0"|"CABLECOM"|"SUR"|"METROSUR"|"SURESTE"|"SURESTE"|"TABASCO"|"PMS CÁRDENAS"|"COMALCALCO"|"COMALCALCO"||"Y"|||"CARDENAS"|"NO IDENTIFICADA"
242|"42F04D2503849EE8A17CD3C4CCAD6CB669F24431"|2|"56"|"056"|"CABLEMAS"|"NORTE"|"NORTE"|"PACIFICO"|"PACIFICO"|"CHIHUAHUA"|"CHIHUAHUA"|"MEOQUI"|"MEOQUI"||"Y"|||"CHIHUAHUA"|"NO IDENTIFICADA"
246|"753C279D319EA286701FC2EF28668177C24F6F3F"|8|"CC58"|"0"|"CABLECOM"|"SUR"|"METROSUR"|"SURESTE"|"SURESTE"|"TABASCO"|"PMS CÁRDENAS"|"CUNDUACAN"|"CUNDUACAN"||"Y"|||"CARDENAS"|"NO IDENTIFICADA"
292|"5A6EDEFF6640A116067E802CEDB9913BA0C034C4"|1|"82"|"082"|"CABLEMAS"|"NORTE"|"NORTE"|"NORESTE"|"CENTRO"|"GUANAJUATO"|"PENJAMO"|"PENJAMO"|"PENJAMO"||"Y"|||"ND"|"NO IDENTIFICADA"
350|"194F19B08491ACB3B695521CAD4647B48F90A7B7"|5|"ML"|"066"|"CABLEMAS"|"SUR"|"METROSUR"|"SURESTE"|"SURESTE"|"YUCATAN"|"VALLADOLID"|"MOTUL"|"MOTUL"||"Y"|"IZZI"||"MERIDA"|"NO IDENTIFICADA"
358|"4F73E60BF1C37E41328587AF4D9495014C150018"|5|"PR"|"029"|"CABLEMAS"|"SUR"|"METROSUR"|"SURESTE"|"SURESTE"|"YUCATAN"|"MERIDA"|"PROGRESO"|"PUERTO PROGRESO"||"Y"|"IZZI"||"MERIDA"|"NO IDENTIFICADA"
366|"9E76F4F1E5E3B8A7A52B656B9BCE32F4A5D231E9"|5|"IL"|"065"|"CABLEMAS"|"SUR"|"METROSUR"|"SURESTE"|"SURESTE"|"YUCATAN"|"VALLADOLID"|"IZAMAL"|"IZAMAL"||"Y"|"IZZI"||"MERIDA"|"NO IDENTIFICADA"
374|"C80A01CEA15C4F476190CA1ABEED0FAF86E6FA73"|5|"CO"|"053"|"CABLEMAS"|"NORTE"|"NORTE"|"PACIFICO"|"PACIFICO"|"CHIHUAHUA"|"CHIHUAHUA"|"CUAUHTEMOC"|"CUAUHTEMOC"||"Y"|"IZZI"||"CHIHUAHUA"|"NO IDENTIFICADA"
382|"38C33B4D2FC64C7498F09776546DC30A83D228BD"|5|"PZ"|"024"|"CABLEMAS"|"SUR"|"METROSUR"|"SURESTE"|"GOLFO"|"VERACRUZ"|"POZA RICA"|"POZA RICA"|"POZA RICA"||"Y"|"IZZI"||"POZA RICA"|"NO IDENTIFICADA"
390|"AB0F7B95CF01D4CE25CF10EEA884A647BB25B69A"|5|"CV"|"040"|"CABLEMAS"|"METRO"|"METROSUR"|"METROPOLITANA"|"MXSUR"|"MORELOS"|"CUERNAVACA"|"CUERNAVACA"|"CUERNAVACA"||"Y"|"IZZI"||"CUERNAVACA"|"NO IDENTIFICADA"
276|"313FD9D6E3870BE14A5940BDADE6BABC823A0A40"|6|"CC72"|"0"|"CABLECOM"|"SUR"|"METROSUR"|"SURESTE"|"SURESTE"|"VERACRUZ"|"PMS LOS TUXTLAS"|"SAN ANDRES"|"SAN ANDRES TUXTLA"||"Y"|||"VERACRUZ"|"NO IDENTIFICADA"
281|"7D4A29FA1E9C0EB3AA387CEF2338C41352001558"|1|"73"|"073"|"CABLEMAS"|"SUR"|"METROSUR"|"SURESTE"|"SURESTE"|"VERACRUZ"|"COATZACOALCOS"|"NANCHITAL"|"NANCHITAL"||"Y"|||"COATZACOALCOS"|"NO IDENTIFICADA"
2378||3|"1"|"759"|"SKY"|"NORTE"|"INTERIOR"|"NORESTE"|"GOLFO"|"Tamaulipas"|"HUB VICTORIA"|"NO IDENTIFICADA"|"CASAS"|"N"||"ND"|"OFFNET"|"SIN PLAZA WR"|"OFF NET"
2102|"787D41D9C35C57EF9E4ABA799BACEFAC312149A4"|30||"0"|"SKY"|"SUR"|"SUR"|"OCCIDENTE"|"OCCIDENTE"|"MICHOACAN DE OCAMPO"|"SKY - MICHOACAN"|"SKY - MICHOACAN"|"SKY - MICHOACAN"|||||"SIN PLAZA WR"|"NO IDENTIFICADA"
933|"23F52F112BA687F0B912DB8DB80A0B6AB571DC55"|16|"CZ"|"038"|"CABLEMAS"|"SUR"|"METROSUR"|"SURESTE"|"SURESTE"|"QUINTANA ROO"|"PMS RIVIERA MAYA"|"COZUMEL"|"COZUMEL"|"N"|"Y"|"WIZZ"|"COZUMEL"|"RIVIERA MAYA"|"NO IDENTIFICADA"
937|"78889361B4B66B5B95EE39FA465EF0F0C92A6D1F"|16|"CN"|"035"|"CABLEMAS"|"SUR"|"METROSUR"|"SURESTE"|"SURESTE"|"QUINTANA ROO"|"CANCUN"|"CANCUN"|"CANCUN"|"Y"|"Y"|"IZZI"|"CANCUN"|"CANCUN"|"NO IDENTIFICADA"
941|"3E324E58CEAC3271D10A79AD77C96D9D749FF05C"|16|"CER"|"300"|"TVI"|"NORTE"|"NORTE"|"NORESTE"|"NORESTE"|"NUEVO LEON"|"MONTERREY"|"CERCADO"|"CERCADO"|"Y"|"Y"|"IZZI"|"MONTERREY"|"MTY - REVOLUCION"|"NO IDENTIFICADA"
634|"98E25A7A86154408F6434235A23E1CD386E7889E"|5|"VL"|"022"|"CABLEMAS"|"NORTE"|"METROSUR"|"NORESTE"|"GOLFO"|"SAN LUIS POTOSI"|"PMG VALLES"|"VALLES"|"VALLES"||"Y"|"WIZZ"||"VALLES"|"NO IDENTIFICADA"
950|"5CB89958EAD85D889ACE7B2066793A925A2BE748"|16|"SNI"|"300"|"TVI"|"NORTE"|"NORTE"|"NORESTE"|"NORESTE"|"NUEVO LEON"|"MONTERREY"|"SAN NICOLAS"|"SAN NICOLAS"|"Y"|"Y"|"IZZI"|"MONTERREY"|"MTY - SENDERO"|"NO IDENTIFICADA"
954|"35DC6C29CE22F2D402ADF0E675EFF3DCEDC9341D"|16|"GRL"|"300"|"TVI"|"NORTE"|"NORTE"|"NORESTE"|"NORESTE"|"NUEVO LEON"|"MONTERREY"|"MONTERREY"|"GENERAL"|"Y"|"Y"|"IZZI"|"MONTERREY"|"GENERAL"|"NO IDENTIFICADA"
958|"208AC8448C87D30974A356B153368B27242A6F84"|16|"SI"|"000"|"CABLEVISIÓN"|"METRO"|"METROSUR"|"METROPOLITANA"|"MXCENTRO"|"CIUDAD DE MEXICO"|"SANTA ANITA"|"METROPOLITANA"|"SANTA ANITA"|"Y"|"Y"|"IZZI"|"METROPOLITANA"|"SANTA ANITA"|"NO IDENTIFICADA"
664|"9605924D7BDEEE67CEF8D79EDD73DB495B00B59B"|5|"CDG"|"407"|"TELECABLE"|"SUR"|"NORTE"|"OCCIDENTE"|"OCCIDENTE"|"JALISCO"|"CIUDAD GUZMAN"|"CD. GUZMAN"|"CIUDAD GUZMAN"||"Y"|"WIZZ"||"CIUDAD GUZMAN"|"NO IDENTIFICADA"
2101|"787D41D9C35C57EF9E4ABA799BACEFAC312149A4"|30||"0"|"SKY"|"NORTE"|"NORTE"|"NORESTE"|"NORESTE"|"NUEVO LEON"|"SKY - NUEVO LEON"|"SKY - NUEVO LEON"|"SKY - NUEVO LEON"|||||"SIN PLAZA WR"|"NO IDENTIFICADA"
2105|"787D41D9C35C57EF9E4ABA799BACEFAC312149A4"|30||"0"|"SKY"|"NORTE"|"SUR"|"NORESTE"|"GOLFO"|"SAN LUIS POTOSI"|"SKY - SAN LUIS POTOSI"|"SKY - SAN LUIS POTOSI"|"SKY - SAN LUIS POTOSI"|||||"SIN PLAZA WR"|"NO IDENTIFICADA"
2109|"787D41D9C35C57EF9E4ABA799BACEFAC312149A4"|30||"0"|"SKY"|"NORTE"|"NORTE"|"PACIFICO"|"CENTRO"|"SINALOA"|"SKY - SINALOA"|"SKY - SINALOA"|"SKY - SINALOA"|||||"SIN PLAZA WR"|"NO IDENTIFICADA"
2113|"787D41D9C35C57EF9E4ABA799BACEFAC312149A4"|30||"0"|"SKY"|"NORTE"|"NORTE"|"NORESTE"|"CENTRO"|"GUANAJUATO"|"SKY - GUANAJUATO"|"SKY - GUANAJUATO"|"SKY - GUANAJUATO"|||||"SIN PLAZA WR"|"NO IDENTIFICADA"
2117|"787D41D9C35C57EF9E4ABA799BACEFAC312149A4"|30||"0"|"SKY"|"NORTE"|"NORTE"|"PACIFICO"|"PACIFICO"|"CHIHUAHUA"|"SKY - CHIHUAHUA"|"SKY - CHIHUAHUA"|"SKY - CHIHUAHUA"|||||"SIN PLAZA WR"|"NO IDENTIFICADA"
2121|"787D41D9C35C57EF9E4ABA799BACEFAC312149A4"|30||"0"|"SKY"|"METRO"|"METRO"|"METROPOLITANA"|"NO IDENTIFICADA"|"MEXICO"|"SKY - MEXICO"|"SKY - MEXICO"|"SKY - MEXICO"|||||"SIN PLAZA WR"|"NO IDENTIFICADA"
2477||3|"1"|"759"|"SKY"|"SUR"|"INTERIOR"|"SURESTE"|"SURESTE"|"Yucatán"|"HUB MERIDA"|"NO IDENTIFICADA"|"KANASIN"|"N"||"ND"|"OFFNET"|"SIN PLAZA WR"|"ON NET"
2481||3|"1"|"759"|"SKY"|"NORTE"|"NORTE"|"NORESTE"|"NORESTE"|"Nuevo León"|"HUB MONTERREY"|"NO IDENTIFICADA"|"DOCTOR GONZALEZ"|"N"||"ND"|"OFFNET"|"SIN PLAZA WR"|"OFF NET"
2485||3|"1"|"759"|"SKY"|"NORTE"|"INTERIOR"|"NORESTE"|"GOLFO"|"San Luis Potosí"|"HUB VALLES"|"NO IDENTIFICADA"|"EBANO"|"N"||"ND"|"OFFNET"|"SIN PLAZA WR"|"OFF NET"
1060|"810DE7B96334B1EDDABD7FAEFEF071C0A123A6BB"|16|"TLX"|"563"|"CABLECOM"|"SUR"|"METROSUR"|"SURESTE"|"GOLFO"|"TLAXCALA"|"TLAXCALA"|"TLAXCALA"|"TLAXCALA"||"Y"|"IZZI"|"TLAXCALA"|"TLAXCALA"|"NO IDENTIFICADA"
1064|"7C643620A34B5C63B823D5C723E7985B02467096"|16|"MON"|"437"|"TELECABLE"|"NORTE"|"NORTE"|"NORESTE"|"CENTRO"|"GUANAJUATO"|"PMC MOROLEON"|"MOROLEON"|"MOROLEON"||"Y"|"WIZZ"|"MOROLEON"|"MOROLEON"|"NO IDENTIFICADA"
1068|"005105321D40576707E2F9FD5D1CDB69011BCF5A"|16|"SFR"|"422"|"TELECABLE"|"NORTE"|"NORTE"|"NORESTE"|"CENTRO"|"GUANAJUATO"|"PMC SAN FCO DEL RINCÓN"|"SAN FRANCISCO DEL RINCON"|"SAN FRANCISCO DEL RINCON"||"Y"|"WIZZ"|"SAN FRANCISCO DEL RINCON"|"MOROLEON"|"NO IDENTIFICADA"
219|"99AA176F35876B25012177BE3D7B623A558117C0"|2|"48"|"048"|"CABLEMAS"|"SUR"|"NORTE"|"OCCIDENTE"|"OCCIDENTE"|"GUERRERO"|"CHILAPA"|"CHILAPA"|"CHILAPA"||"Y"|||"ND"|"NO IDENTIFICADA"
969|"DB3E1E48E9D80B6C209DDE74F1A77FCD38619A86"|16|"CG"|"046"|"CABLEMAS"|"SUR"|"NORTE"|"OCCIDENTE"|"OCCIDENTE"|"GUERRERO"|"CHILPANCINGO"|"CHILPANCINGO"|"CHILPANCINGO"|"N"|"Y"|"IZZI"|"CHILPANCINGO"|"CHILPANCINGO"|"NO IDENTIFICADA"
202|"FAC3896C8B7F5F229E93081CADF48369BB7346D8"|8|"CC43"|"0"|"CABLECOM"|"SUR"|"NORTE"|"OCCIDENTE"|"OCCIDENTE"|"GUERRERO"|"PMO IGUALA"|"TAXCO"|"TAXCO"||"Y"|||"IGUALA"|"NO IDENTIFICADA"
1084|"C4273979AF20A77406FB85D74E438CEECDA7941B"|16|"SAI"|"440"|"TELECABLE"|"NORTE"|"NORTE"|"PACIFICO"|"CENTRO"|"NAYARIT"|"PMC SANTIAGO"|"SANTIAGO IXCUINTLA"|"SANTIAGO IXCUINTLA"||"Y"|"WIZZ"|"SANTIAGO IXCUINTLA"|"SANTIAGO"|"NO IDENTIFICADA"
204|"D116BCB23F53D6D396B6B040C71D8EB6D3DA06FA"|2|"43"|"043"|"CABLEMAS"|"SUR"|"NORTE"|"OCCIDENTE"|"OCCIDENTE"|"GUERRERO"|"ACAPULCO"|"ACAPULCO"|"ACAPULCO"||"Y"|||"ACAPULCO"|"NO IDENTIFICADA"
1096|"E409EE20CDFCC2AEAA76CEFD7014105F6B8A8C60"|16|"NAC"|"539"|"CABLECOM"|"SUR"|"METROSUR"|"SURESTE"|"SURESTE"|"TABASCO"|"PMS CÁRDENAS"|"NACAJUCA"|"NACAJUCA"||"Y"|"WIZZ"|"NACAJUCA"|"CARDENAS"|"NO IDENTIFICADA"
1100|"C327BD5296DAC8E8735277BCF888BA1FA93D557C"|16|"HUA"|"610"|"CABLECOM"|"SUR"|"METROSUR"|"SURESTE"|"SURESTE"|"VERACRUZ"|"PMS VERACRUZ"|"HUATUSCO"|"HUATUSCO"||"Y"|"WIZZ"|"HUATUSCO"|"VERACRUZ"|"NO IDENTIFICADA"
1104|"6C147A47B035DF06DDB21A6D40C914881ACBD852"|16|"ALV"|"549"|"CABLEMAS"|"SUR"|"METROSUR"|"SURESTE"|"SURESTE"|"VERACRUZ"|"PMS LOS TUXTLAS"|"ALVARADO"|"ALVARADO"||"Y"|"WIZZ"|"ALVARADO"|"VERACRUZ"|"NO IDENTIFICADA"
984|"6C546878D3D2199707E5ED716C6EAEADF1DC0CCA"|16|"NUL"|"418"|"TELECABLE"|"NORTE"|"NORTE"|"NORESTE"|"NORESTE"|"TAMAULIPAS"|"NUEVO LAREDO"|"NUEVO LAREDO"|"NUEVO LAREDO"|"Y"|"Y"|"IZZI"|"NUEVO LAREDO"|"NUEVO LAREDO"|"NO IDENTIFICADA"
988|"6FEE06A6D82411A479BECF5015C53D5570D25E76"|16|"COR"|"603"|"CABLECOM"|"SUR"|"METROSUR"|"SURESTE"|"SURESTE"|"VERACRUZ"|"CORDOBA"|"CORDOBA"|"CORDOBA"|"Y"|"Y"|"IZZI"|"CORDOBA"|"CORDOBA"|"NO IDENTIFICADA"
674|"681D59D36D53261AC7BEB0FDC7CF756F383782D8"|5|"ETZ"|"450"|"TELECABLE"|"SUR"|"NORTE"|"OCCIDENTE"|"OCCIDENTE"|"JALISCO"|"PMO TEQUILA"|"ETZATLAN"|"ETZATLAN"||"Y"|"WIZZ"||"TEPATITLAN"|"NO IDENTIFICADA"
2134|"787D41D9C35C57EF9E4ABA799BACEFAC312149A4"|30||"0"|"SKY"|"SUR"|"SUR"|"SURESTE"|"GOLFO"|"PUEBLA"|"SKY - PUEBLA"|"SKY - PUEBLA"|"SKY - PUEBLA"|||||"SIN PLAZA WR"|"NO IDENTIFICADA"
2138|"787D41D9C35C57EF9E4ABA799BACEFAC312149A4"|30||"0"|"SKY"|"PANAMA"|"PANAMA"|"PANAMA"|"PANAMA"|"PANAMA"|"SKY - PANAMA"|"SKY - PANAMA"|"SKY - PANAMA"|||||"SIN PLAZA WR"|"NO IDENTIFICADA"
2142|"787D41D9C35C57EF9E4ABA799BACEFAC312149A4"|30||"0"|"SKY"|"EL SALVADOR"|"EL SALVADOR"|"EL SALVADOR"|"EL SALVADOR"|"EL SALVADOR"|"SKY - EL SALVADOR"|"SKY - EL SALVADOR"|"SKY - EL SALVADOR"|||||"SIN PLAZA WR"|"NO IDENTIFICADA"
499|"FAC051F48842D571B8EFAAD5F75CBBCCA52BCE8F"|3|"IX"|"595"|"CABLEMAS"|"METRO"|"METRO"|"METROPOLITANA"|"MXSUR"|"MEXICO"|"IXTAPALUCA"|"IXTAPALUCA"|"IXTAPALUCA LOS REYES"|"Y"|"N"|"IZZI"|"AMECAMECA"|"IXTAPALUCA"|"ON NET"
515|"9D9127857658D7941EBCC33FCDB4399328B49645"|3|"IXT"|"595"|"CABLEMAS"|"METRO"|"METRO"|"METROPOLITANA"|"MXSUR"|"MEXICO"|"IXTAPALUCA"|"IXTAPALUCA"|"AMECAMECA"|"Y"|"Y"|"IZZI"|"AMECAMECA"|"IXTAPALUCA"|"ON NET"
523|"BC969D1228126B046CA3A2E4C297236876D4EF69"|3|"MEO"|"592"|"CABLEMAS"|"METRO"|"METRO"|"METROPOLITANA"|"MXNORTE"|"MEXICO"|"MELCHOR OCAMPO"|"MELCHOR"|"ZUMPANGO"|"Y"|"Y"|"IZZI"|"ZUMPANGO"|"MELCHOR OCAMPO"|"OFF NET"
531|"BA60C5FC2DAE3F6A2FB5EE0CFED461A053EDF53B"|3|"MEO"|"589"|"CABLEMAS"|"METRO"|"METRO"|"METROPOLITANA"|"MXNORTE"|"MEXICO"|"MELCHOR OCAMPO"|"MELCHOR"|"TEOLOYUCAN"|"Y"|"Y"|"IZZI"|"TEOLOYUCAN"|"MELCHOR OCAMPO"|"ON NET"
539|"D5750638FF4B7F3710F70D5FD8B0CF6248E593BC"|3|"GAR"|"300"|"TVI"|"NORTE"|"NORTE"|"NORESTE"|"NORESTE"|"NUEVO LEON"|"MONTERREY"|"GARCIA"|"GARCIA"|"Y"|"Y"|"IZZI"|"MONTERREY"|"MTY - SANTA CATARINA"|"ON NET"
547|"17DB48ADD713512C946922CA07385178373A1208"|3|"BAL"|"304"|"TVI"|"NORTE"|"INTERIOR"|"NORESTE"|"GOLFO"|"TAMAULIPAS"|"REYNOSA TVI"|"REYNOSA"|"BALCONES"|"Y"|"Y"|"IZZI"|"REYNOSA"|"REYNOSA"|"NO IDENTIFICADA"
555|"E2FD822FCDE21F24604D0CDC4FEA5E17DFB08BFE"|3|"CM"|"583"|"CABLEMAS"|"METRO"|"METRO"|"METROPOLITANA"|"MXSUR"|"MEXICO"|"CHIMALHUACAN"|"NEZAHUALCOYOTL"|"NEZAHUALCOYOTL"|"Y"|"Y"|"IZZI"|"NEZA"|"CHIMALHUACAN"|"ON NET"
563|"6CAB224529CC0306E4A8054809EAE9FA3D3F689D"|3|"CM"|"081"|"CABLEMAS"|"METRO"|"METRO"|"METROPOLITANA"|"MXSUR"|"MEXICO"|"CHIMALHUACAN"|"LOS REYES ACAQUILPAN"|"LOS REYES ACAQUILPAN"|"Y"|"Y"|"IZZI"|"IXTAPALUCA"|"CHIMALHUACAN"|"NO IDENTIFICADA"
571|"DD7C0CF45690AB4D234CB9DF1A437B4C49CC31A0"|3|"ECT"|"575"|"CABLEMAS"|"METRO"|"METRO"|"METROPOLITANA"|"MXNORTE"|"MEXICO"|"ECATEPEC"|"OJO DE AGUA"|"OJO DE AGUA"|"Y"|"Y"|"IZZI"|"OJO DE AGUA"|"ECATEPEC"|"NO IDENTIFICADA"
601|"5659FC398A45D932DAABCCA8FFB41C769CC4923C"|3|"ZAC"|"598"|"CABLECOM"|"NORTE"|"INTERIOR"|"PACIFICO"|"CENTRO"|"ZACATECAS"|"ZACATECAS"|"ZACATECAS"|"ZACATECAS"|"Y"|"Y"|"IZZI"|"ZACATECAS"|"ZACATECAS"|"ON NET"
1890|"D79A309C961ADAF5763CF0D6C84B79E85955FDF0"|5|"IXTR"|"582"|"CABLEMAS"|"METRO"|"METROSUR"|"METROPOLITANA"|"MXSUR"|"MEXICO"|"IXTAPALUCA"|"CHALCO"|"CHALCO"||"Y"|"IZZI"||"SIN PLAZA WR"|"NO IDENTIFICADA"
1905|"3B4EF5A040B0C506A2677557EAB8885DB84275AC"|5|"REPR"|"301"|"CABLECOM"|"NORTE"|"NORTE"|"NORESTE"|"NORESTE"|"COAHUILA"|"COAHUILA"|"SALTILLO"|"SALTILLO"||"Y"|"IZZI"||"SIN PLAZA WR"|"NO IDENTIFICADA"
1911|"6702CA7A04F247CB8A2F0B220AAAC5CDAB4ACCB1"|5|"TEZR"|"567"|"CABLEMAS"|"SUR"|"METROSUR"|"SURESTE"|"GOLFO"|"PUEBLA"|"PMG TEZIUTLAN"|"TEZIUTLAN"|"TEZIUTLAN"||"Y"|"IZZI"||"SIN PLAZA WR"|"NO IDENTIFICADA"
1917|"4300515073868845C662442D1EF9261C17B8AA73"|5|"SLAR"|"455"|"TELECABLE"|"NORTE"|"NORTE"|"NORESTE"|"CENTRO"|"GUANAJUATO"|"SALAMANCA"|"SALAMANCA"|"SALAMANCA"||"Y"|"IZZI"|"SALAMANCA"|"SIN PLAZA WR"|"NO IDENTIFICADA"
1920|"1F9C88138F46BF0E95C433A38898E7CC6D6F3078"|5|"SLRR"|"097"|"CABLEMAS"|"NORTE"|"NORTE"|"PACIFICO"|"PACIFICO"|"SONORA"|"SAN LUIS RIO COLORADO"|"SAN LUIS RIO COLORADO"|"SAN LUIS RIO COLORADO"|||"IZZI"||"SIN PLAZA WR"|"NO IDENTIFICADA"
2040||16|"VOR"|"000"|"CABLEVISIÓN"|"METRO"|"METROSUR"|"METROPOLITANA"|"MXNORTE"|"CIUDAD DE MEXICO"|"VALLEJO"|"METROPOLITANA"|"VALLEJO"|||||"SIN PLAZA WR"|"NO IDENTIFICADA"
1245|"521B33DA374AA3CF8B4EFBE13F1EBEAABCAA6039"|5|"TLR"|"000"|"CABLEVISIÓN"|"METRO"|"METROSUR"|"METROPOLITANA"|"MXSUR"|"CIUDAD DE MEXICO"|"TLALPAN"|"METROPOLITANA"|"TLALPAN"||"Y"|"IZZI"||"ND"|"NO IDENTIFICADA"
1306|"441E0065DADF24794964C8CC56AE15BCDE830022"|5|"FMAR000"|"000"|"CABLEVISIÓN"|"METRO"|"METROSUR"|"METROPOLITANA"|"MXCENTRO"|"CIUDAD DE MEXICO"|"ARAGON"|"METROPOLITANA"|"ARAGON"||"Y"|"IZZI"||"ND"|"NO IDENTIFICADA"
1310|"E2FB4C9DDA634969EFA26D8B3650A8947F079906"|5|"FMCM087"|"087"|"CABLEMAS"|"METRO"|"METROSUR"|"METROPOLITANA"|"MXCENTRO"|"MEXICO"|"CHIMALHUACAN"|"SAN VICENTE CHICOLOAPAN"|"SAN VICENTE CHICOLOAPAN"||"Y"|"IZZI"||"ND"|"NO IDENTIFICADA"
1314|"BC7CE9F3647165A3099458FF771597A43443509C"|5|"FMIX089"|"089"|"CABLEMAS"|"METRO"|"METROSUR"|"METROPOLITANA"|"MXSUR"|"MEXICO"|"IXTAPALUCA"|"IXTAPALUCA"|"IXTAPALUCA LOS REYES"||"N"|"IZZI"||"ND"|"NO IDENTIFICADA"
1318|"C74B10B47EBA225EE3671374D6FAC582BC87F714"|5|"FMMEC578"|"578"|"CABLEMAS"|"METRO"|"METROSUR"|"METROPOLITANA"|"MXNORTE"|"MEXICO"|"MELCHOR OCAMPO"|"MELCHOR"|"COACALCO"||"Y"|"IZZI"||"ND"|"NO IDENTIFICADA"
861|"47982916183F0227A69B3BB5E2869F9F6050674E"|5|"MAER"|"300"|"TVI"|"NORTE"|"NORTE"|"NORESTE"|"NORESTE"|"NUEVO LEON"|"MONTERREY"|"MTY AEROPUERTO"|"AEROPUERTO"||"Y"|"IZZI"||"MTY AEROPUERTO"|"NO IDENTIFICADA"
2189||5|"ACR"|"43"|"CABLEMAS"|"SUR"||"OCCIDENTE"||"GUERRERO"|"ACAPULCO"|"ACAPULCO"|"ACAPULCO"|||||"SIN PLAZA WR"|"NO IDENTIFICADA"
869|"B8F73D7E708F8F921E432377C2B4796284EF3AE7"|5|"MSER"|"300"|"TVI"|"NORTE"|"NORTE"|"NORESTE"|"NORESTE"|"NUEVO LEON"|"MONTERREY"|"MTY SURESTE"|"SURESTE"||"Y"|"IZZI"||"MTY SURESTE"|"NO IDENTIFICADA"
1573|"2870CB879159D2014C35C5A21700065F25CF7D70"|5|"TLQ"|"453"|"TELECABLE"|"SUR"|"NORTE"|"OCCIDENTE"|"OCCIDENTE"|"JALISCO"|"GUADALAJARA"|"TLAQUEPAQUE"|"TLAQUEPAQUE"||"Y"|"IZZI"|"TLAQUEPAQUE"|"TLAQUEPAQUE"|"NO IDENTIFICADA"
864|"F0AC37D156056EE5C913ACA7E85A217007F47BEA"|3|"MNOR"|"300"|"TVI"|"NORTE"|"NORTE"|"NORESTE"|"NORESTE"|"NUEVO LEON"|"MONTERREY"|"MTY NORTE"|"NORTE"||"Y"|"IZZI"|"MONTERREY"|"MTY NORTE"|"NO IDENTIFICADA"
1533|"B6511341B5AAD9B4DC1897C00D6998380FCA2081"|3|"ELSR"|"453"|"TELECABLE"|"SUR"|"INTERIOR"|"OCCIDENTE"|"OCCIDENTE"|"JALISCO"|"GUADALAJARA"|"GUADALAJARA"|"EL SALTO"|"Y"|"Y"|"IZZI"|"GUADALAJARA"|"SIN PLAZA WR"|"NO IDENTIFICADA"
1840|"949130149B3BB1A4A392F41086B4BDB75AC81151"|3|"ARR"|"000"|"CABLEVISIÓN"|"METRO"|"METRO"|"METROPOLITANA"|"MXSUR"|"CIUDAD DE MEXICO"|"ARAGON"|"METROPOLITANA"|"ARAGON"|||"IZZI"|"METROPOLITANA"|"SIN PLAZA WR"|"NO IDENTIFICADA"
1523|"EE340BBAD3D6D3CE60C6458070C41D2E080BE747"|3|"TJMR"|"011"|"CABLEMAS"|"NORTE"|"NORTE"|"PACIFICO"|"PACIFICO"|"BAJA CALIFORNIA"|"TIJUANA"|"TIJUANA"|"TIJUANA"|"Y"|"Y"|"IZZI"|"TIJUANA"|"SIN PLAZA WR"|"NO IDENTIFICADA"
1572|"646091844D81368E8815EFCA850D3D3FF147DC0A"|3|"TLQ"|"453"|"TELECABLE"|"SUR"|"INTERIOR"|"OCCIDENTE"|"OCCIDENTE"|"JALISCO"|"GUADALAJARA"|"TLAQUEPAQUE"|"TLAQUEPAQUE"||"Y"|"IZZI"|"GUADALAJARA"|"TLAQUEPAQUE"|"NO IDENTIFICADA"
1726|"ECC7E97D3B6EBAE7E73161757394868B0882B1F5"|3|"TLQR"|"453"|"TELECABLE"|"SUR"|"INTERIOR"|"OCCIDENTE"|"OCCIDENTE"|"JALISCO"|"GUADALAJARA"|"TLAQUEPAQUE"|"TLAQUEPAQUE"|"Y"|"Y"|"IZZI"|"GUADALAJARA"|"SIN PLAZA WR"|"NO IDENTIFICADA"
2023|"8D4D8C275C7B09DF8814A030EBCE0C1575BFD4E8"|3|"TALR"|"456"|"TELECABLE"|"SUR"|"INTERIOR"|"OCCIDENTE"|"OCCIDENTE"|"JALISCO"|"ZAPOPAN"|"TALA"|"TALA"||"Y"|"IZZI"|"TALA"|"SIN PLAZA WR"|"NO IDENTIFICADA"
1900|"A7A38E105A04A479E63F4D4A85742174BF64FA06"|16|"PUVR"|"406"|"TELECABLE"|"SUR"|"NORTE"|"OCCIDENTE"|"OCCIDENTE"|"JALISCO"|"PUERTO VALLARTA"|"PUERTO VALLARTA"|"PUERTO VALLARTA"||"Y"|"IZZI"||"SIN PLAZA WR"|"NO IDENTIFICADA"
2022|"673CBC6D9E0DB2FBB3F3D57E5161E080423B5047"|16|"TAL"|"456"|"TELECABLE"|"SUR"|"NORTE"|"OCCIDENTE"|"OCCIDENTE"|"JALISCO"|"ZAPOPAN"|"TALA"|"TALA"||"Y"|"IZZI"||"SIN PLAZA WR"|"NO IDENTIFICADA"
2024|"3174616E85E3B23497C79C6BA0DD476FA89119CF"|5|"TALR"|"456"|"TELECABLE"|"SUR"|"NORTE"|"OCCIDENTE"|"OCCIDENTE"|"JALISCO"|"ZAPOPAN"|"TALA"|"TALA"||"Y"|"IZZI"||"SIN PLAZA WR"|"NO IDENTIFICADA"
1220|"E725DE3EC1DE1E22C14D4A23E9C512AAF5A5771F"|3|"SLPR"|"572"|"CABLECOM"|"NORTE"|"INTERIOR"|"NORESTE"|"GOLFO"|"SAN LUIS POTOSI"|"SAN LUIS POTOSI"|"SAN LUIS POTOSI"|"SAN LUIS POTOSI"||"Y"|"IZZI"|"SAN LUIS POTOSI"|"ND"|"NO IDENTIFICADA"
1682|"E018D69CD032277D0A17F60F69468682E443FFA8"|16|"MER"|"031"|"CABLEMAS"|"SUR"|"METROSUR"|"SURESTE"|"SURESTE"|"YUCATAN"|"MERIDA"|"MERIDA"|"MERIDA"|"Y"|"Y"|"IZZI"|"MERIDA"|"MERIDA"|"NO IDENTIFICADA"
1842|"5AA7993CD90DF5F000D4CF9CD77AD1C4CFC4EC84"|16|"ARR"|"000"|"CABLEVISIÓN"|"METRO"|"METROSUR"|"METROPOLITANA"|"MXCENTRO"|"CIUDAD DE MEXICO"|"ARAGON"|"METROPOLITANA"|"ARAGON"|||"IZZI"||"SIN PLAZA WR"|"NO IDENTIFICADA"
1962|"D0E87FC1E7F59A0B62773B6D86EE6F382C38FB25"|16|"SLA"|"455"|"TELECABLE"|"NORTE"|"NORTE"|"NORESTE"|"CENTRO"|"GUANAJUATO"|"SALAMANCA"|"SALAMANCA"|"SALAMANCA"||"Y"|"IZZI"|"SALAMANCA"|"SIN PLAZA WR"|"NO IDENTIFICADA"
1481|"8DB2ABA38F58923C3A2E63A0CD99F35939AF0CD5"|5|"CUR"|"000"|"CABLEVISIÓN"|"METRO"|"METROSUR"|"METROPOLITANA"|"MXNORTE"|"MEXICO"|"CUAUTITLAN"|"METROPOLITANA"|"CUAUTITLAN"||"Y"|"IZZI"|"CUAUTITLAN"|"SIN PLAZA WR"|"NO IDENTIFICADA"
1527|"60832645D1F3168B3D84A8319032938CA767AA3D"|5|"MXR"|"014"|"CABLEMAS"|"NORTE"|"NORTE"|"PACIFICO"|"PACIFICO"|"BAJA CALIFORNIA"|"MEXICALI"|"MEXICALI"|"MEXICALI"|"Y"|"Y"|"IZZI"|"MEXICALI"|"SIN PLAZA WR"|"NO IDENTIFICADA"
1134|"581B602B22C7702067A88F72862766E45B41343B"|16|"MINR"|"300"|"TVI"|"NORTE"|"NORTE"|"NORESTE"|"NORESTE"|"NUEVO LEON"|"MONTERREY"|"MTY INDUSTRIAL"|"INDUSTRIAL"||"Y"|"IZZI"|"MONTERREY"|"MTY INDUSTRIAL"|"NO IDENTIFICADA"
1781|"45FE5EC39B22E95DAF7323CAB093C634E64A2F63"|5|"PCR"|"37"|"CABLEMAS"|"SUR"|"METROSUR"|"SURESTE"|"SURESTE"|"QUINTANA ROO"|"PLAYA DEL CARMEN"|"PLAYA DEL CARMEN"|"PLAYA DEL CARMEN"||"Y"|"IZZI"|"PLAYA DEL CARMEN"|"SIN PLAZA WR"|"NO IDENTIFICADA"
1896|"01AA8BB96B6188F9AAA5C708A3364ABC23C9DA0D"|5|"IXTR"|"595"|"CABLEMAS"|"METRO"|"METROSUR"|"METROPOLITANA"|"MXSUR"|"MEXICO"|"IXTAPALUCA"|"AMECAMECA"|"AMECAMECA"||"Y"|"IZZI"||"SIN PLAZA WR"|"NO IDENTIFICADA"
1902|"3B4EF5A040B0C506A2677557EAB8885DB84275AC"|5|"SASR"|"301"|"CABLECOM"|"NORTE"|"NORTE"|"NORESTE"|"NORESTE"|"COAHUILA"|"COAHUILA"|"SALTILLO"|"SALTILLO"||"Y"|"IZZI"||"SIN PLAZA WR"|"NO IDENTIFICADA"
1908|"3B4EF5A040B0C506A2677557EAB8885DB84275AC"|5|"RARR"|"301"|"CABLECOM"|"NORTE"|"NORTE"|"NORESTE"|"NORESTE"|"COAHUILA"|"COAHUILA"|"SALTILLO"|"SALTILLO"||"Y"|"IZZI"||"SIN PLAZA WR"|"NO IDENTIFICADA"
1914|"5CC551AD32D14DCED78F01DE82DF393AEF471318"|5|"CHOR"|"615"|"CABLECOM"|"SUR"|"METROSUR"|"SURESTE"|"GOLFO"|"PUEBLA"|"CHOLULA"|"CHOLULA"|"CHOLULA"||"Y"|"IZZI"||"SIN PLAZA WR"|"NO IDENTIFICADA"
1324|"A50281C494AA599778EBF0E83F2B3E7BD58CDFC1"|5|"FMSA000"|"000"|"CABLEVISIÓN"|"METRO"|"METROSUR"|"METROPOLITANA"|"MXSUR"|"CIUDAD DE MEXICO"|"SARATOGA"|"METROPOLITANA"|"SARATOGA"||"Y"|"IZZI"||"ND"|"NO IDENTIFICADA"
1742|"BD01A02944C28BAA8D6FA9FC1A5FA929C55AFBDA"|16|"TJBR"|"11"|"CABLEMAS"|"NORTE"|"NORTE"|"PACIFICO"|"PACIFICO"|"BAJA CALIFORNIA"|"TIJUANA"|"TIJUANA"|"TIJUANA"|"Y"|"Y"|"IZZI"|"TIJUANA"|"SIN PLAZA WR"|"NO IDENTIFICADA"
1805|"D9738FC468C2929D7FCFD7C5F9F6B562921B7A31"|16|"MZNR"|"613"|"CABLECOM"|"NORTE"|"NORTE"|"PACIFICO"|"CENTRO"|"SINALOA"|"MAZATLAN"|"MAZATLAN"|"MAZATLAN"||"Y"|"IZZI"||"SIN PLAZA WR"|"NO IDENTIFICADA"
1581|"9B850430D4ABD74A2416E91B48D1847ED3A1FF6B"|16|"FGDL"|"400"|"TELECABLE"|"SUR"|"NORTE"|"OCCIDENTE"|"OCCIDENTE"|"JALISCO"|"ZAPOPAN"|"ZAPOPAN"|"ZAPOPAN"||"Y"|"IZZI"|"ZAPOPAN"|"ZAPOPAN FTTH_AX"|"NO IDENTIFICADA"
1541|"A9663719F15020C1FC02502379F89ABE9C358361"|16|"MEOR"|"589"|"CABLEMAS"|"METRO"|"METROSUR"|"METROPOLITANA"|"MXNORTE"|"MEXICO"|"MELCHOR OCAMPO"|"MELCHOR"|"TEOLOYUCAN"|"Y"|"Y"|"IZZI"|"MELCHOR OCAMPO"|"SIN PLAZA WR"|"NO IDENTIFICADA"
1381|"976DE04C1592D7981DF35B1466008F6C85CCF7EE"|5|"GDL"|"453"|"TELECABLE"|"SUR"|"NORTE"|"OCCIDENTE"|"OCCIDENTE"|"JALISCO"|"GUADALAJARA"|"GUADALAJARA"|"GUADALAJARA"||"Y"|"IZZI"||"SIN PLAZA WR"|"NO IDENTIFICADA"
1423|"CE27537657DB6914D204DCA610924F4A354B4E17"|5|"GDLR"|"453"|"TELECABLE"|"SUR"|"NORTE"|"OCCIDENTE"|"OCCIDENTE"|"JALISCO"|"GUADALAJARA"|"GUADALAJARA"|"GUADALAJARA"||"Y"|"IZZI"||"SIN PLAZA WR"|"NO IDENTIFICADA"
1242|"7B4512F8F846C14643EEA1E0FA311BF865AC3445"|3|"CNR"|"035"|"CABLEMAS"|"SUR"|"INTERIOR"|"SURESTE"|"SURESTE"|"QUINTANA ROO"|"CANCUN"|"CANCUN"|"CANCUN"|"Y"|"Y"|"IZZI"|"CANCUN"|"ND"|"NO IDENTIFICADA"
1281|"F34677CE4650FA1619FDD4A72F7868527EA51819"|3|"FMAB000"|"000"|"CABLEVISIÓN"|"METRO"|"METRO"|"METROPOLITANA"|"MXNORTE"|"MEXICO"|"ARBOLEDAS"|"METROPOLITANA"|"ARBOLEDAS"|"Y"|"Y"|"IZZI"|"METROPOLITANA"|"ND"|"NO IDENTIFICADA"
1285|"C3B50AFD05A248A22D62F3315CC424FF7360E2C9"|3|"FMCM083"|"083"|"CABLEMAS"|"METRO"|"METRO"|"METROPOLITANA"|"MXSUR"|"MEXICO"|"CHIMALHUACAN"|"CHIMALHUACAN"|"CHIMALHUACAN"|"Y"|"Y"|"IZZI"|"CHIMALHUACAN"|"ND"|"NO IDENTIFICADA"
1289|"44F87FC4BA47D012C39888B0B5A7BF5AE7AB6DFC"|3|"FMIX081"|"081"|"CABLEMAS"|"METRO"|"METRO"|"METROPOLITANA"|"MXSUR"|"MEXICO"|"IXTAPALUCA"|"IXTAPALUCA"|"IXTAPALUCA LOS REYES"|"Y"|"Y"|"IZZI"|"IXTAPALUCA"|"ND"|"NO IDENTIFICADA"
1293|"A4A5ECE299CA3348AEB040A50A93A7D585176047"|3|"FMKI000"|"000"|"CABLEVISIÓN"|"METRO"|"METRO"|"METROPOLITANA"|"MXNORTE"|"CIUDAD DE MEXICO"|"SANTA FE"|"METROPOLITANA"|"SANTA FE"|"Y"|"Y"|"IZZI"|"METROPOLITANA"|"ND"|"NO IDENTIFICADA"
1297|"2035B8CA0A360F58190ECCE4D7BB1D1182B92F5F"|3|"FMMEO593"|"593"|"CABLEMAS"|"METRO"|"METRO"|"METROPOLITANA"|"MXNORTE"|"MEXICO"|"MELCHOR OCAMPO"|"MELCHOR"|"MOCUAUTITLAN"|"Y"|"Y"|"izzi"|"CUAUTITLAN"|"ND"|"NO IDENTIFICADA"
1301|"F7102A27D08107BDE80FF7ED433A321480125675"|3|"FMST000"|"000"|"CABLEVISIÓN"|"METRO"|"METRO"|"METROPOLITANA"|"MXNORTE"|"MEXICO"|"SATELITE"|"METROPOLITANA"|"SATELITE"|"Y"|"Y"|"IZZI"|"METROPOLITANA"|"ND"|"NO IDENTIFICADA"
1138|"6A163467D2419101EEB6D21C6F03423BE9575922"|16|"VAOR"|"300"|"TVI"|"NORTE"|"NORTE"|"NORESTE"|"NORESTE"|"NUEVO LEON"|"MONTERREY"|"MTY VALLE ORIENTE"|"VALLE ORIENTE"||"Y"|"IZZI"|"MONTERREY"|"MTY VALLE ORIENTE"|"NO IDENTIFICADA"
1147|"CBD6D4FDDAE30F2B6DAD3FCAED68649579FE1B07"|5|"FSLP"|"572"|"CABLECOM"|"NORTE"|"METROSUR"|"NORESTE"|"GOLFO"|"SAN LUIS POTOSI"|"SAN LUIS POTOSI"|"SAN LUIS POTOSI"|"SAN LUIS POTOSI"||"Y"|"IZZI"||"SAN LUIS POTOSI FTTH"|"NO IDENTIFICADA"
1584|"84492CF44EE086A3BD151D7C47A2DF42D845850E"|16|"FMPL000"|"000"|"CABLEVISIÓN"|"METRO"|"METROSUR"|"METROPOLITANA"|"MXCENTRO"|"CIUDAD DE MEXICO"|"POLANCO"|"METROPOLITANA"|"POLANCO"|"Y"|"Y"|"IZZI"|"METROPOLITANA"|"ND"|"NO IDENTIFICADA"
1592|"56A2CBED72CBC3BC7CEBD778B1E9ACC6724F7619"|16|"FMCA000"|"000"|"CABLEVISIÓN"|"METRO"|"METROSUR"|"METROPOLITANA"|"MXSUR"|"CIUDAD DE MEXICO"|"CENTRO DE ACOPIO"|"METROPOLITANA"|"CENTRO DE ACOPIO"|"Y"|"Y"|"IZZI"|"METROPOLITANA"|"ND"|"NO IDENTIFICADA"
1596|"4B640EF3D05C625F75D6534C34E63378633DA0DD"|16|"SLPR"|"572"|"CABLECOM"|"NORTE"|"METROSUR"|"NORESTE"|"GOLFO"|"SAN LUIS POTOSI"|"SAN LUIS POTOSI"|"SAN LUIS POTOSI"|"SAN LUIS POTOSI"|"Y"|"Y"|"IZZI"|"SAN LUIS POTOSI"|"ND"|"NO IDENTIFICADA"
1261|"113EB65B3A6C813408289C7CA938957537E95234"|5|"VOR"|"000"|"CABLEVISIÓN"|"METRO"|"METROSUR"|"METROPOLITANA"|"MXNORTE"|"CIUDAD DE MEXICO"|"VALLEJO"|"METROPOLITANA"|"VALLEJO"||"Y"|"IZZI"||"ND"|"NO IDENTIFICADA"
1308|"B5CAAD1296A532E1AAB0B4982C8732DC406EBA8F"|5|"FMCE000"|"000"|"CABLEVISIÓN"|"METRO"|"METROSUR"|"METROPOLITANA"|"MXCENTRO"|"CIUDAD DE MEXICO"|"CENTRO"|"METROPOLITANA"|"CENTRO"||"Y"|"IZZI"||"ND"|"NO IDENTIFICADA"
1312|"4E1AB51DC4EABC3505F025D49D92D740DB6DF3FA"|5|"FMECA579"|"579"|"CABLEMAS"|"METRO"|"METROSUR"|"METROPOLITANA"|"MXNORTE"|"MEXICO"|"ECATEPEC"|"ECATEPEC"|"ECATEPEC"||"Y"|"IZZI"||"ND"|"NO IDENTIFICADA"
1316|"9EB7701B9803105E61EE940924A4A712007BC8AA"|5|"FMIZ000"|"000"|"CABLEVISIÓN"|"METRO"|"METROSUR"|"METROPOLITANA"|"MXSUR"|"CIUDAD DE MEXICO"|"IZTAPALAPA"|"METROPOLITANA"|"IZTAPALAPA"||"Y"|"IZZI"||"ND"|"NO IDENTIFICADA"
1241|"A1D295F4362C7937C502FC9DCEAE88A81B68B1F0"|5|"ACAR"|"043"|"CABLEMAS"|"SUR"|"NORTE"|"OCCIDENTE"|"OCCIDENTE"|"GUERRERO"|"ACAPULCO"|"ACAPULCO"|"ACAPULCO"||"Y"|"IZZI"||"ND"|"NO IDENTIFICADA"
865|"AD828FB2B11AE63268F8C8AD2FCD72A0A60EDB9A"|5|"MNOR"|"300"|"TVI"|"NORTE"|"NORTE"|"NORESTE"|"NORESTE"|"NUEVO LEON"|"MONTERREY"|"MTY NORTE"|"NORTE"||"Y"|"IZZI"||"MTY NORTE"|"NO IDENTIFICADA"
1221|"70185E56E9C5004C216B14D94DF39B66D5250E29"|5|"SLPR"|"572"|"CABLECOM"|"NORTE"|"METROSUR"|"NORESTE"|"GOLFO"|"SAN LUIS POTOSI"|"SAN LUIS POTOSI"|"SAN LUIS POTOSI"|"SAN LUIS POTOSI"||"Y"|"IZZI"||"ND"|"NO IDENTIFICADA"
1567|"67C2A180E5080D7754B167049B24A20AF487B5A4"|5|"TLJ"|"453"|"TELECABLE"|"SUR"|"NORTE"|"OCCIDENTE"|"OCCIDENTE"|"JALISCO"|"GUADALAJARA"|"TLAJOMULCO"|"TLAJOMULCO"||"Y"|"IZZI"|"TLAJOMULCO"|"TLAJOMULCO"|"NO IDENTIFICADA"
1570|"9F5DD4ED892B392C65BC301A7720E3EEC2187E71"|5|"TNL"|"453"|"TELECABLE"|"SUR"|"NORTE"|"OCCIDENTE"|"OCCIDENTE"|"JALISCO"|"GUADALAJARA"|"TONALA"|"TONALA"||"Y"|"IZZI"|"TONALA"|"TONALA"|"NO IDENTIFICADA"
2303||3|"1"|"759"|"SKY"|"NORTE"|"INTERIOR"|"PACIFICO"|"CENTRO"|"Sinaloa"|"HUB AHOME"|"NO IDENTIFICADA"|"CHOIX"|"N"||"ND"|"OFFNET"|"SIN PLAZA WR"|"OFF NET"
2307||3|"1"|"759"|"SKY"|"METRO"|"METRO"|"METROPOLITANA"|"MXNORTE"|"México"|"HUB HUIXQUILUCAN"|"NO IDENTIFICADA"|"HUIXQUILUCAN"|"N"||"ND"|"OFFNET"|"SIN PLAZA WR"|"ON NET"
2333||3|"1"|"759"|"SKY"|"SUR"|"INTERIOR"|"OCCIDENTE"|"OCCIDENTE"|"Jalisco"|"HUB CIUDAD GUZMAN"|"NO IDENTIFICADA"|"TIZAPAN"|"N"||"ND"|"OFFNET"|"SIN PLAZA WR"|"OFF NET"
2315||3|"1"|"759"|"SKY"|"SUR"|"INTERIOR"|"SURESTE"|"GOLFO"|"Veracruz de Ignacio de la Llave"|"HUB XALAPA"|"NO IDENTIFICADA"|"TECOLUTLA"|"N"||"ND"|"OFFNET"|"SIN PLAZA WR"|"OFF RED"
2319||3|"1"|"759"|"SKY"|"SUR"|"INTERIOR"|"SURESTE"|"GOLFO"|"Veracruz de Ignacio de la Llave"|"HUB TIERRA BLANCA"|"NO IDENTIFICADA"|"COSAMALOAPAN"|"N"||"ND"|"OFFNET"|"SIN PLAZA WR"|"OFF NET"
2323||3|"1"|"759"|"SKY"|"NORTE"|"NORTE"|"NORESTE"|"NORESTE"|"Nuevo León"|"HUB MONTERREY"|"NO IDENTIFICADA"|"GUADALUPE NL"|"N"||"ND"|"OFFNET"|"SIN PLAZA WR"|"ON NET"
2327||3|"1"|"759"|"SKY"|"SUR"|"INTERIOR"|"SURESTE"|"GOLFO"|"Tlaxcala"|"HUB CALPULALPAN"|"NO IDENTIFICADA"|"IXTACUIXTLA"|"N"||"ND"|"OFFNET"|"SIN PLAZA WR"|"ON NET"
759|"9DA824921B2B36B2528B3934D3E284670084B15A"|3|"VSA"|"560"|"CABLEMAS"|"NORTE"|"INTERIOR"|"NORESTE"|"CENTRO"|"GUANAJUATO"|"PMC MOROLEON"|"VALLE DE SANTIAGO"|"VALLE DE SANTIAGO"||"Y"|"WIZZ"|"VALLE DE SANTIAGO"|"MOROLEON"|"OFF NET"
768|"87AC368704C8BF201DA4C924DCC5F7D8AF975509"|3|"APA"|"585"|"CABLEMAS"|"METRO"|"METRO"|"METROPOLITANA"|"MXNORTE"|"HIDALGO"|"PMM TULA"|"APAN"|"APAN"||"Y"|"WIZZ"|"APAN"|"TULA"|"ON NET"
777|"ED3DB7C486E4E629F31B5C45610B18571485CFAB"|3|"TEZ"|"567"|"CABLEMAS"|"SUR"|"INTERIOR"|"SURESTE"|"GOLFO"|"PUEBLA"|"PMG TEZIUTLAN"|"TEZIUTLAN"|"TEZIUTLAN"||"Y"|"IZZI"|"TEZIUTLAN"|"APIZACO"|"ON NET"
635|"350E7CB9783715A6CEC576337423D668338234D8"|3|"MTH"|"311"|"TVI"|"NORTE"|"INTERIOR"|"NORESTE"|"GOLFO"|"SAN LUIS POTOSI"|"PMG MATEHUALA"|"MATEHUALA"|"MATEHUALA"|"N"|"Y"|"WIZZ"|"MATEHUALA"|"MATEHUALA"|"ON NET"
643|"2C5FB50E58BB04C79D67E5AB9F49FF34725DEA22"|3|"UNL"|"701"|"AFIZZIONADOS TV"|"OTROS"|"OTROS"|"AFIZZIONADOS TV"|"AFIZZIONADOS TV"|"ND"|"AFIZZIONADOS TV"|"AFIZZIONADOS TV"|"AFIZZIONADOS TV"|"N"|"Y"|"AFIZZIONADOS"|"UNIVERSAL"|"ND"|"NO IDENTIFICADA"
651|"08018AC48931353E0F9AE55D66AC60B4C34AB048"|3|"PPG"|"700"|"IZZI FLEX"|"OTROS"|"OTROS"|"PREPAGO"|"Ventas"|"ND"|"PREPAGO"|"PREPAGO"|"PREPAGO"||"Y"|"FLEX"|"PREPAGO"|"ND"|"NO IDENTIFICADA"
317|"6F8A8E66CDE0E58797EB33AC6FAD53680D9FC350"|3|"KI"|"000"|"CABLEVISIÓN"|"METRO"|"METRO"|"METROPOLITANA"|"MXNORTE"|"CIUDAD DE MEXICO"|"SANTA FE"|"METROPOLITANA"|"SANTA FE"|"Y"|"Y"|"IZZI"|"METROPOLITANA"|"SANTA FE"|"NO IDENTIFICADA"
327|"340F3A156FB0D6AC667BDE52B382AF3698700975"|3|"VA"|"000"|"CABLEVISIÓN"|"METRO"|"METRO"|"METROPOLITANA"|"MXNORTE"|"CIUDAD DE MEXICO"|"VALLE"|"METROPOLITANA"|"VALLE"|"Y"|"Y"|"IZZI"|"METROPOLITANA"|"VALLE"|"NO IDENTIFICADA"
335|"33B43FD2BCF89F9E3B04B27583969D62015830F4"|3|"ME"|"031"|"CABLEMAS"|"SUR"|"INTERIOR"|"SURESTE"|"SURESTE"|"YUCATAN"|"MERIDA"|"MERIDA"|"MERIDA"|"Y"|"Y"|"IZZI"|"MERIDA"|"MERIDA"|"ON NET"
343|"1118665BBFFD95D5A63CFD476697151F36F46BB4"|3|"DE"|"000"|"CABLEVISIÓN"|"METRO"|"NO IDENTIFICADA"|"ND"|"NO IDENTIFICADA"|"ND"|"ND"|"ND"|"ND"|"N"|"N"|"ND"|"METROPOLITANA"|"ND"|"NO IDENTIFICADA"
795|"5CF6C0663470A1B3073F406F65958DD0240D145E"|3|"LBA"|"552"|"CABLECOM"|"SUR"|"INTERIOR"|"OCCIDENTE"|"OCCIDENTE"|"JALISCO"|"PMO LA BARCA"|"LA BARCA"|"LA BARCA"||"Y"|"WIZZ"|"LA BARCA"|"TEOCALTICHE"|"ON NET"
675|"D01FF7D6821395EA4FF43825D0A68B8F0686C2B4"|3|"TEQ"|"425"|"TELECABLE"|"SUR"|"INTERIOR"|"OCCIDENTE"|"OCCIDENTE"|"JALISCO"|"PMO TEQUILA"|"TEQUILA"|"TEQUILA"||"Y"|"WIZZ"|"TEQUILA"|"TEPATITLAN"|"ON NET"
5|"6E3945F69D5112D27872F4060419BD6947EF27BF"|3|"-2"|"0"|"TVI"|"NO IDENTIFICADA"|"NO IDENTIFICADA"|"NO IDENTIFICADA"|"NO IDENTIFICADA"|"ND"|"NO IDENTIFICADA"|"NO IDENTIFICADA"|"NO IDENTIFICADA"|"N"|"N"|"ND"|"Sin RPT"|"ND"|"NO IDENTIFICADA"
309|"691325913747D1333D36EBDE760C6497FD400673"|3|"CA"|"000"|"CABLEVISIÓN"|"METRO"|"METRO"|"METROPOLITANA"|"MXSUR"|"CIUDAD DE MEXICO"|"CENTRO DE ACOPIO"|"METROPOLITANA"|"CENTRO DE ACOPIO"|"Y"|"Y"|"IZZI"|"METROPOLITANA"|"CENTRO DE ACOPIO"|"NO IDENTIFICADA"
665|"E59A2E0B4FF209D398FA90F68667A1649E840ADB"|3|"CHP"|"403"|"TELECABLE"|"SUR"|"INTERIOR"|"OCCIDENTE"|"OCCIDENTE"|"JALISCO"|"PMO LA BARCA"|"CHAPALA"|"CHAPALA"||"Y"|"WIZZ"|"CHAPALA"|"TEOCALTICHE"|"OFF NET"
792|"AD5062E6AB6F49D177447DB884B5DA32B990A18E"|3|"SAT"|"602"|"CABLECOM"|"SUR"|"INTERIOR"|"SURESTE"|"SURESTE"|"VERACRUZ"|"PMS LOS TUXTLAS"|"SAN ANDRES"|"SAN ANDRES TUXTLA"||"Y"|"WIZZ"|"SAN ANDRES TUXTLA"|"VERACRUZ"|"OFF NET"
800|"7470FCA8F5A30B655D44648DBC321B3FD577811A"|3|"SAP"|"600"|"CABLECOM"|"NORTE"|"INTERIOR"|"NORESTE"|"CENTRO"|"GUANAJUATO"|"PMC SAN FCO DEL RINCÓN"|"SANTA ANA"|"SANTA ANA PACUECO"||"Y"|"WIZZ"|"SANTA ANA PACUECO"|"MOROLEON"|"OFF NET"
656|"0343C06FC6A11DD4EABA3F9F22613D3EEC1155A9"|3|"TAP"|"438"|"TELECABLE"|"SUR"|"INTERIOR"|"SURESTE"|"SURESTE"|"CHIAPAS"|"PMS TAPACHULA"|"TAPACHULA"|"TAPACHULA"||"Y"|"WIZZ"|"TAPACHULA"|"TAPACHULA"|"OFF NET"
660|"F21FB828015F55501C673DC39D95AF6EB5E3E1B3"|3|"CLA"|"452"|"TELECABLE"|"NORTE"|"INTERIOR"|"PACIFICO"|"CENTRO"|"ZACATECAS"|"PMC CALERA"|"CALERA"|"CALERA"||"Y"|"WIZZ"|"CALERA"|"CALERA"|"OFF NET"
2901||3|"OFFNET SKY"|"760"|"SKY"|"OFFNET SKY"|"OFFNET SKY"|"OFFNET SKY"|"OFFNET SKY"||"OFFNET SKY"|"OFFNET SKY"|"OFFNET SKY"||||"OFFNET SKY"|"SIN PLAZA WR"|"NO IDENTIFICADA"
2473||3|"1"|"759"|"SKY"|"NORTE"|"INTERIOR"|"PACIFICO"|"CENTRO"|"Nayarit"|"HUB DEL NAYAR"|"NO IDENTIFICADA"|"IXTLAN DEL RIO"|"N"||"ND"|"OFFNET"|"SIN PLAZA WR"|"ON NET"
481|"878F08A8673D47C00193A197B67B2B7C628E4C1F"|3|"RAR"|"301"|"CABLECOM"|"NORTE"|"NORTE"|"NORESTE"|"NORESTE"|"COAHUILA"|"COAHUILA"|"SALTILLO"|"SALTILLO"|"Y"|"N"|"IZZI"|"SALTILLO"|"SALTILLO"|"ON NET"
489|"E78D9257BC2002D3F1145E54E597C1D691E2B552"|3|"MTM"|"302"|"TVI"|"NORTE"|"INTERIOR"|"NORESTE"|"GOLFO"|"TAMAULIPAS"|"MATAMOROS"|"MATAMOROS"|"MATAMOROS"|"Y"|"Y"|"IZZI"|"MATAMOROS"|"MATAMOROS"|"ON NET"
575|"BE32894B5ABD519AA759E80D63DE3EB777E5B8E2"|3|"ECT"|"577"|"CABLEMAS"|"METRO"|"METRO"|"METROPOLITANA"|"MXNORTE"|"MEXICO"|"ECATEPEC"|"TEPEXPAN"|"TEPEXPAN"|"Y"|"Y"|"IZZI"|"TEPEXPAN"|"ECATEPEC"|"NO IDENTIFICADA"
583|"2362B88E5322956D88FD3C98FDD2E594912C5C03"|3|"TUL"|"605"|"CABLECOM"|"METRO"|"METRO"|"METROPOLITANA"|"MXNORTE"|"HIDALGO"|"TULANCINGO"|"TULANCINGO"|"TULANCINGO"|"Y"|"Y"|"IZZI"|"TULANCINGO"|"TULANCINGO"|"ON NET"
591|"9B8E07A43E8253C8E6C6A4ED8BD5A1AC58C6E5C5"|3|"VHA"|"542"|"CABLECOM"|"SUR"|"INTERIOR"|"SURESTE"|"SURESTE"|"TABASCO"|"VILLAHERMOSA"|"PLAYAS"|"PLAYAS DEL ROSARIO"|"Y"|"Y"|"IZZI"|"PLAYAS DEL ROSARIO"|"VILLA HERMOSA"|"NO IDENTIFICADA"
311|"DD31E470347DE99DA6E4F3AF88D26E98F6DEB351"|3|"CE"|"000"|"CABLEVISIÓN"|"METRO"|"METRO"|"METROPOLITANA"|"MXSUR"|"CIUDAD DE MEXICO"|"CENTRO"|"METROPOLITANA"|"CENTRO"|"Y"|"Y"|"IZZI"|"METROPOLITANA"|"CENTRO"|"ON NET"
744|"1F02586E3FE551D1803FC5D59F466703B6AF50C3"|3|"SNT"|"547"|"CABLEMAS"|"SUR"|"INTERIOR"|"SURESTE"|"SURESTE"|"VERACRUZ"|"PMS LOS TUXTLAS"|"SANTIAGO"|"SANTIAGO TUXTLA"||"Y"|"WIZZ"|"SANTIAGO TUXTLA"|"VERACRUZ"|"OFF NET"
753|"FF4FB90960D9DB59C0744608908543356043683B"|3|"CDS"|"586"|"CABLEMAS"|"METRO"|"METRO"|"METROPOLITANA"|"MXNORTE"|"HIDALGO"|"PMM TULA"|"SAHAGUN"|"SAHAGUN"||"Y"|"WIZZ"|"CD SAHAGUN"|"TULA"|"NO IDENTIFICADA"
2223||3|"1"|"759"|"SKY"|"SUR"|"INTERIOR"|"SURESTE"|"SURESTE"|"Yucatán"|"HUB TEKAX"|"NO IDENTIFICADA"|"TEKAX"|"N"||"ND"|"OFFNET"|"SIN PLAZA WR"|"OFF NET"
2227||3|"1"|"759"|"SKY"|"SUR"|"INTERIOR"|"SURESTE"|"GOLFO"|"Veracruz de Ignacio de la Llave"|"HUB TIERRA BLANCA"|"NO IDENTIFICADA"|"JOSE AZUETA"|"N"||"ND"|"OFFNET"|"SIN PLAZA WR"|"OFF RED"
2231||3|"1"|"759"|"SKY"|"SUR"|"INTERIOR"|"SURESTE"|"GOLFO"|"Puebla"|"HUB TEHUACAN"|"NO IDENTIFICADA"|"VICENTE GUERRERO"|"N"||"ND"|"OFFNET"|"SIN PLAZA WR"|"OFF RED"
2235||3|"1"|"759"|"SKY"|"SUR"|"INTERIOR"|"SURESTE"|"SURESTE"|"Tabasco"|"HUB CARDENAS"|"NO IDENTIFICADA"|"TAB CARDENAS"|"N"||"ND"|"OFFNET"|"SIN PLAZA WR"|"OFF NET"
2239||3|"1"|"759"|"SKY"|"NORTE"|"INTERIOR"|"PACIFICO"|"CENTRO"|"Durango"|"HUB SANTIAGO PAPASQUIARO"|"NO IDENTIFICADA"|"TAMAZULA"|"N"||"ND"|"OFFNET"|"SIN PLAZA WR"|"OFF NET"
2243||3|"1"|"759"|"SKY"|"METRO"|"METRO"|"METROPOLITANA"|"MXNORTE"|"Hidalgo"|"HUB HUEJUTLA"|"NO IDENTIFICADA"|"HGO YAHUALICA"|"N"||"ND"|"OFFNET"|"SIN PLAZA WR"|"OFF RED"
2247||3|"1"|"759"|"SKY"|"METRO"|"METRO"|"METROPOLITANA"|"MXNORTE"|"México"|"HUB IXTLAHUACA"|"NO IDENTIFICADA"|"JILOTEPEC"|"N"||"ND"|"OFFNET"|"SIN PLAZA WR"|"OFF NET"
2251||3|"1"|"759"|"SKY"|"NORTE"|"NORTE"|"PACIFICO"|"PACIFICO"|"Chihuahua"|"HUB GUACHOCHI"|"NO IDENTIFICADA"|"CARICHI"|"N"||"ND"|"OFFNET"|"SIN PLAZA WR"|"OFF RED"
2255||3|"1"|"759"|"SKY"|"NORTE"|"INTERIOR"|"NORESTE"|"GOLFO"|"San Luis Potosí"|"HUB RIOVERDE"|"NO IDENTIFICADA"|"RIOVERDE"|"N"||"ND"|"OFFNET"|"SIN PLAZA WR"|"OFF NET"
2259||3|"1"|"759"|"SKY"|"METRO"|"METRO"|"METROPOLITANA"|"MXNORTE"|"México"|"HUB VILLA VICTORIA"|"NO IDENTIFICADA"|"TLATLAYA"|"N"||"ND"|"OFFNET"|"SIN PLAZA WR"|"OFF RED"
2263||3|"1"|"759"|"SKY"|"SUR"|"INTERIOR"|"SURESTE"|"GOLFO"|"Puebla"|"HUB PUEBLA"|"NO IDENTIFICADA"|"OCOYUCAN"|"N"||"ND"|"OFFNET"|"SIN PLAZA WR"|"OFF NET"
991|"37B96A14F59256DC8CAFAFDDDCE71979097B2E45"|16|"IXT"|"595"|"CABLEMAS"|"METRO"|"METROSUR"|"METROPOLITANA"|"MXSUR"|"MEXICO"|"IXTAPALUCA"|"IXTAPALUCA"|"AMECAMECA"|"Y"|"Y"|"IZZI"|"AMECAMECA"|"IXTAPALUCA"|"NO IDENTIFICADA"
995|"E1CA6CA35927E57CCEFAD1089931AF84FF8E01F9"|16|"MEO"|"592"|"CABLEMAS"|"METRO"|"METROSUR"|"METROPOLITANA"|"MXNORTE"|"MEXICO"|"MELCHOR OCAMPO"|"MELCHOR"|"ZUMPANGO"|"Y"|"Y"|"IZZI"|"ZUMPANGO"|"MELCHOR OCAMPO"|"NO IDENTIFICADA"
351|"7AB82D146A252ABA3917AE1D95C647DA24F49497"|3|"ES"|"064"|"CABLEMAS"|"SUR"|"INTERIOR"|"SURESTE"|"SURESTE"|"YUCATAN"|"VALLADOLID"|"ESPITA"|"ESPITA"|"Y"|"Y"|"IZZI"|"ESPITA"|"MERIDA"|"NO IDENTIFICADA"
359|"52B3F8CA75595C6BBC87FF91BE16033861B3E449"|3|"VD"|"034"|"CABLEMAS"|"SUR"|"INTERIOR"|"SURESTE"|"SURESTE"|"YUCATAN"|"VALLADOLID"|"VALLADOLID"|"VALLADOLID"|"Y"|"Y"|"IZZI"|"VALLADOLID"|"MERIDA"|"ON NET"
367|"7FBA44A10815C80902E0E84D1ABB09F9E855E8B8"|3|"TM"|"068"|"CABLEMAS"|"SUR"|"INTERIOR"|"SURESTE"|"SURESTE"|"YUCATAN"|"VALLADOLID"|"TEMOZON"|"TEMOZON"|"Y"|"Y"|"IZZI"|"TEMOZON"|"MERIDA"|"NO IDENTIFICADA"
375|"E12A67FECDE7AE50C198FE95FF62B7CF2EAA03E2"|3|"CR"|"054"|"CABLEMAS"|"NORTE"|"NORTE"|"PACIFICO"|"PACIFICO"|"CHIHUAHUA"|"CHIHUAHUA"|"CAMARGO"|"CAMARGO"|"Y"|"Y"|"IZZI"|"CAMARGO"|"CHIHUAHUA"|"NO IDENTIFICADA"
383|"ED5C8B3008E6F5C60F4497C18AC3F1EEDBB2E938"|3|"CI"|"025"|"CABLEMAS"|"SUR"|"INTERIOR"|"SURESTE"|"SURESTE"|"VERACRUZ"|"POZA RICA"|"COATZINTLA"|"COATZINTLA"|"Y"|"Y"|"IZZI"|"COATZINTLA"|"POZA RICA"|"NO IDENTIFICADA"
391|"3190AFB8D2FA182581659BF3DCF706625947B1A3"|3|"CT"|"041"|"CABLEMAS"|"METRO"|"METRO"|"METROPOLITANA"|"MXSUR"|"MORELOS"|"CUAUTLA"|"CUAUTLA"|"CUAUTLA"|"Y"|"Y"|"IZZI"|"CUAUTLA"|"CUERNAVACA"|"ON NET"
399|"A11EE386B08DC1ECBFE185C60FE096263A9E0207"|3|"CZ"|"038"|"CABLEMAS"|"SUR"|"INTERIOR"|"SURESTE"|"SURESTE"|"QUINTANA ROO"|"PMS RIVIERA MAYA"|"COZUMEL"|"COZUMEL"|"N"|"Y"|"WIZZ"|"COZUMEL"|"RIVIERA MAYA"|"NO IDENTIFICADA"
407|"CC48312FEE951E798BE094B8F1B81558B56E4CBF"|3|"CN"|"035"|"CABLEMAS"|"SUR"|"INTERIOR"|"SURESTE"|"SURESTE"|"QUINTANA ROO"|"CANCUN"|"CANCUN"|"CANCUN"|"Y"|"Y"|"IZZI"|"CANCUN"|"CANCUN"|"ON NET"
415|"4BC06CDB812ED4954AF6FB311A9C0E06433701D8"|3|"CER"|"300"|"TVI"|"NORTE"|"NORTE"|"NORESTE"|"NORESTE"|"NUEVO LEON"|"MONTERREY"|"CERCADO"|"CERCADO"|"Y"|"Y"|"IZZI"|"MONTERREY"|"MTY - REVOLUCION"|"NO IDENTIFICADA"
423|"A53F5C87D54D76342F1621D31F0C0F6B289AA71A"|3|"HUI"|"300"|"TVI"|"NORTE"|"NORTE"|"NORESTE"|"NORESTE"|"NUEVO LEON"|"MONTERREY"|"HUINALA"|"HUINALA"|"Y"|"Y"|"IZZI"|"MONTERREY"|"MTY - JUAREZ"|"NO IDENTIFICADA"
431|"FCB771BF6AB00F72BEBBAF51437E73D89451E600"|3|"MAT"|"300"|"TVI"|"NORTE"|"NORTE"|"NORESTE"|"NORESTE"|"NUEVO LEON"|"MONTERREY"|"MATRIZ"|"MATRIZ"|"Y"|"Y"|"IZZI"|"MONTERREY"|"MTY - REVOLUCION"|"NO IDENTIFICADA"
439|"33A0F47808EDE10C1332F418CC5D2B66746B661A"|3|"VFU"|"300"|"TVI"|"NORTE"|"NORTE"|"NORESTE"|"NORESTE"|"NUEVO LEON"|"MONTERREY"|"VILLA LAS FUENTES"|"VILLA LAS FUENTES"|"Y"|"Y"|"IZZI"|"MONTERREY"|"MTY - REVOLUCION"|"NO IDENTIFICADA"
451|"1629476C4C8FE97B2DAD5B737070749ADBA1B21B"|3|"GD"|"000"|"CABLEVISIÓN"|"METRO"|"METRO"|"METROPOLITANA"|"MXNORTE"|"CIUDAD DE MEXICO"|"GARCIA DIEGO"|"METROPOLITANA"|"GARCIA DIEGO"|"Y"|"Y"|"IZZI"|"METROPOLITANA"|"GARCIA DIEGO"|"NO IDENTIFICADA"
459|"6644D4D44544953E2F74BC888F40B52DC3729390"|3|"MN"|"018"|"CABLEMAS"|"SUR"|"INTERIOR"|"SURESTE"|"SURESTE"|"VERACRUZ"|"MINATITLAN"|"MINATITLAN"|"MINATITLAN"|"Y"|"Y"|"IZZI"|"MINATITLAN"|"COATZACOALCOS"|"ON NET"
2383||3|"1"|"759"|"SKY"|"NORTE"|"NORTE"|"NORESTE"|"NORESTE"|"Nuevo León"|"HUB MONTERREY"|"NO IDENTIFICADA"|"CIENEGA DE FLORES"|"N"||"ND"|"OFFNET"|"SIN PLAZA WR"|"ON NET"
2387||3|"1"|"759"|"SKY"|"SUR"|"INTERIOR"|"SURESTE"|"SURESTE"|"Yucatán"|"HUB VALLADOLID"|"NO IDENTIFICADA"|"TINUM"|"N"||"ND"|"OFFNET"|"SIN PLAZA WR"|"OFF NET"
2308||3|"1"|"759"|"SKY"|"SUR"|"INTERIOR"|"OCCIDENTE"|"OCCIDENTE"|"Michoacán de Ocampo"|"HUB ZAMORA"|"NO IDENTIFICADA"|"SAHUAYO"|"N"||"ND"|"OFFNET"|"SIN PLAZA WR"|"OFF NET"
2395||3|"1"|"759"|"SKY"|"NORTE"|"INTERIOR"|"NORESTE"|"GOLFO"|"San Luis Potosí"|"HUB MEXQUITIC"|"NO IDENTIFICADA"|"CERRITOS"|"N"||"ND"|"OFFNET"|"SIN PLAZA WR"|"OFF NET"
2399||3|"1"|"759"|"SKY"|"NORTE"|"NORTE"|"PACIFICO"|"PACIFICO"|"Sonora"|"HUB NAVOJOA"|"NO IDENTIFICADA"|"NAVOJOA"|"N"||"ND"|"OFFNET"|"SIN PLAZA WR"|"OFF NET"
2403||3|"1"|"759"|"SKY"|"NORTE"|"NORTE"|"PACIFICO"|"PACIFICO"|"Chihuahua"|"HUB CUAUHTEMOC CHIH"|"NO IDENTIFICADA"|"IGNACIO ZARAGOZA"|"N"||"ND"|"OFFNET"|"SIN PLAZA WR"|"OFF NET"
2702||3|"1"|"759"|"SKY"|"SUR"|"INTERIOR"|"OCCIDENTE"|"OCCIDENTE"|"Michoacán de Ocampo"|"HUB LAZARO CARDENAS"|"NO IDENTIFICADA"|"TUMBISCATIO"|"N"||"ND"|"OFFNET"|"SIN PLAZA WR"|"OFF NET"
2411||3|"1"|"759"|"SKY"|"METRO"|"METRO"|"METROPOLITANA"|"MXNORTE"|"Hidalgo"|"HUB HUEJUTLA"|"NO IDENTIFICADA"|"HUEJUTLA"|"N"||"ND"|"OFFNET"|"SIN PLAZA WR"|"OFF RED"
2415||3|"1"|"759"|"SKY"|"NORTE"|"INTERIOR"|"PACIFICO"|"CENTRO"|"Nayarit"|"HUB TEPIC"|"NO IDENTIFICADA"|"NAY TUXPAN"|"N"||"ND"|"OFFNET"|"SIN PLAZA WR"|"OFF NET"
2419||3|"1"|"759"|"SKY"|"METRO"|"METRO"|"METROPOLITANA"|"MXSUR"|"Ciudad de México"|"HUB COYOACAN"|"NO IDENTIFICADA"|"COYOACAN"|"N"||"ND"|"OFFNET"|"SIN PLAZA WR"|"ON NET"
2423||3|"1"|"759"|"SKY"|"NORTE"|"NORTE"|"PACIFICO"|"PACIFICO"|"Chihuahua"|"HUB JUAREZ"|"NO IDENTIFICADA"|"BUENAVENTURA"|"N"||"ND"|"OFFNET"|"SIN PLAZA WR"|"OFF NET"
2427||3|"1"|"759"|"SKY"|"METRO"|"METRO"|"METROPOLITANA"|"MXNORTE"|"Hidalgo"|"HUB IXMIQUILPAN"|"NO IDENTIFICADA"|"ZIMAPAN"|"N"||"ND"|"OFFNET"|"SIN PLAZA WR"|"OFF RED"
2431||3|"1"|"759"|"SKY"|"NORTE"|"INTERIOR"|"PACIFICO"|"CENTRO"|"Durango"|"HUB SANTIAGO PAPASQUIARO"|"NO IDENTIFICADA"|"TEPEHUANES"|"N"||"ND"|"OFFNET"|"SIN PLAZA WR"|"OFF NET"
2435||3|"1"|"759"|"SKY"|"SUR"|"INTERIOR"|"SURESTE"|"GOLFO"|"Veracruz de Ignacio de la Llave"|"HUB VERACRUZ"|"NO IDENTIFICADA"|"ACULTZINGO"|"N"||"ND"|"OFFNET"|"SIN PLAZA WR"|"OFF NET"
2475||3|"1"|"759"|"SKY"|"SUR"|"INTERIOR"|"OCCIDENTE"|"OCCIDENTE"|"Michoacán de Ocampo"|"HUB URUAPAN"|"NO IDENTIFICADA"|"COTIJA"|"N"||"ND"|"OFFNET"|"SIN PLAZA WR"|"OFF NET"
2443||3|"1"|"759"|"SKY"|"SUR"|"INTERIOR"|"SURESTE"|"GOLFO"|"Puebla"|"HUB PUEBLA"|"NO IDENTIFICADA"|"EPATLAN"|"N"||"ND"|"OFFNET"|"SIN PLAZA WR"|"OFF NET"
2447||3|"1"|"759"|"SKY"|"NORTE"|"NORTE"|"NORESTE"|"NORESTE"|"Coahuila de Zaragoza"|"HUB SALTILLO"|"NO IDENTIFICADA"|"ARTEAGA"|"N"||"ND"|"OFFNET"|"SIN PLAZA WR"|"OFF NET"
2451||3|"1"|"759"|"SKY"|"SUR"|"INTERIOR"|"SURESTE"|"GOLFO"|"Tlaxcala"|"HUB SAN PABLO DEL MONTE"|"NO IDENTIFICADA"|"TEPETITLA DE LARDIZABAL"|"N"||"ND"|"OFFNET"|"SIN PLAZA WR"|"OFF NET"
2455||3|"1"|"759"|"SKY"|"SUR"|"INTERIOR"|"SURESTE"|"SURESTE"|"Chiapas"|"HUB OCOSINGO"|"NO IDENTIFICADA"|"OCOSINGO"|"N"||"ND"|"OFFNET"|"SIN PLAZA WR"|"OFF RED"
2500||3|"1"|"759"|"SKY"|"SUR"|"INTERIOR"|"OCCIDENTE"|"OCCIDENTE"|"Michoacán de Ocampo"|"HUB ZAMORA"|"NO IDENTIFICADA"|"LA PIEDAD"|"N"||"ND"|"OFFNET"|"SIN PLAZA WR"|"OFF NET"
2567||3|"1"|"759"|"SKY"|"SUR"|"INTERIOR"|"OCCIDENTE"|"OCCIDENTE"|"Michoacán de Ocampo"|"HUB ZITACUARO"|"NO IDENTIFICADA"|"APORO"|"N"||"ND"|"OFFNET"|"SIN PLAZA WR"|"OFF NET"
2467||3|"1"|"759"|"SKY"|"METRO"|"METRO"|"METROPOLITANA"|"MXSUR"|"Morelos"|"HUB CUAUTLA"|"NO IDENTIFICADA"|"ATLATLAHUCAN"|"N"||"ND"|"OFFNET"|"SIN PLAZA WR"|"OFF NET"
2471||3|"1"|"759"|"SKY"|"NORTE"|"INTERIOR"|"NORESTE"|"GOLFO"|"Tamaulipas"|"HUB SOTO LA MARINA"|"NO IDENTIFICADA"|"HIDALGO TAM"|"N"||"ND"|"OFFNET"|"SIN PLAZA WR"|"OFF RED"
2863||3|"1"|"759"|"SKY"|"NORTE"|"NORTE"|"NORESTE"|"NORESTE"|"Coahuila de Zaragoza"|"HUB MORELOS"|"NO IDENTIFICADA"|"COAH MORELOS"|"N"||"ND"|"OFFNET"|"SIN PLAZA WR"|"OFF NET"
2867||3|"1"|"759"|"SKY"|"SUR"|"INTERIOR"|"SURESTE"|"GOLFO"|"Tlaxcala"|"HUB ATLTZAYANCA"|"NO IDENTIFICADA"|"CUAPIAXTLA"|"N"||"ND"|"OFFNET"|"SIN PLAZA WR"|"OFF NET"
2791||3|"1"|"759"|"SKY"|"SUR"|"INTERIOR"|"OCCIDENTE"|"SURESTE"|"Oaxaca"|"HUB HUAJUAPAN"|"NO IDENTIFICADA"|"CHAZUMBA"|"N"||"ND"|"OFFNET"|"SIN PLAZA WR"|"OFF RED"
2875||3|"1"|"759"|"SKY"|"SUR"|"INTERIOR"|"SURESTE"|"SURESTE"|"Chiapas"|"HUB OCOSINGO"|"NO IDENTIFICADA"|"BENEMERITO DE LAS AMERICAS"|"N"||"ND"|"OFFNET"|"SIN PLAZA WR"|"OFF RED"
2879||3|"1"|"759"|"SKY"|"NORTE"|"NORTE"|"NORESTE"|"NORESTE"|"Nuevo León"|"HUB MONTERREY"|"NO IDENTIFICADA"|"HIGUERAS"|"N"||"ND"|"OFFNET"|"SIN PLAZA WR"|"OFF NET"
2666||3|"1"|"759"|"SKY"|"SUR"|"INTERIOR"|"OCCIDENTE"|"OCCIDENTE"|"Jalisco"|"HUB TEPATITLAN"|"NO IDENTIFICADA"|"ATOTONILCO EL ALTO"|"N"||"ND"|"OFFNET"|"SIN PLAZA WR"|"OFF NET"
2709||3|"1"|"759"|"SKY"|"SUR"|"INTERIOR"|"SURESTE"|"GOLFO"|"Veracruz de Ignacio de la Llave"|"HUB PANUCO"|"NO IDENTIFICADA"|"PUEBLO VIEJO"|"N"||"ND"|"OFFNET"|"SIN PLAZA WR"|"ON NET"
2713||3|"1"|"759"|"SKY"|"NORTE"|"INTERIOR"|"NORESTE"|"GOLFO"|"Tamaulipas"|"HUB SOTO LA MARINA"|"NO IDENTIFICADA"|"BURGOS"|"N"||"ND"|"OFFNET"|"SIN PLAZA WR"|"OFF NET"
2717||3|"1"|"759"|"SKY"|"SUR"|"INTERIOR"|"SURESTE"|"SURESTE"|"Yucatán"|"HUB MERIDA"|"NO IDENTIFICADA"|"DZEMUL"|"N"||"ND"|"OFFNET"|"SIN PLAZA WR"|"OFF NET"
2721||3|"1"|"759"|"SKY"|"SUR"|"INTERIOR"|"SURESTE"|"GOLFO"|"Veracruz de Ignacio de la Llave"|"HUB TIERRA BLANCA"|"NO IDENTIFICADA"|"ANGEL R CABADA"|"N"||"ND"|"OFFNET"|"SIN PLAZA WR"|"OFF RED"
2871||3|"1"|"759"|"SKY"|"SUR"|"INTERIOR"|"OCCIDENTE"|"OCCIDENTE"|"Jalisco"|"HUB TEPATITLAN"|"NO IDENTIFICADA"|"ZAPOTLAN"|"N"||"ND"|"OFFNET"|"SIN PLAZA WR"|"OFF RED"
2729||3|"1"|"759"|"SKY"|"NORTE"|"NORTE"|"NORESTE"|"NORESTE"|"Nuevo León"|"HUB MONTERREY"|"NO IDENTIFICADA"|"JUAREZ NL"|"N"||"ND"|"OFFNET"|"SIN PLAZA WR"|"ON NET"
2733||3|"1"|"759"|"SKY"|"SUR"|"INTERIOR"|"SURESTE"|"SURESTE"|"Quintana Roo"|"HUB PLAYA DEL CARMEN"|"NO IDENTIFICADA"|"TULUM"|"N"||"ND"|"OFFNET"|"SIN PLAZA WR"|"ON NET"
2737||3|"1"|"759"|"SKY"|"NORTE"|"NORTE"|"PACIFICO"|"PACIFICO"|"Chihuahua"|"HUB JUAREZ"|"NO IDENTIFICADA"|"ASCENSION"|"N"||"ND"|"OFFNET"|"SIN PLAZA WR"|"OFF NET"
2741||3|"1"|"759"|"SKY"|"METRO"|"METRO"|"METROPOLITANA"|"MXNORTE"|"México"|"HUB VILLA VICTORIA"|"NO IDENTIFICADA"|"COATEPEC HARINAS"|"N"||"ND"|"OFFNET"|"SIN PLAZA WR"|"OFF RED"
1020|"D4E7E5C87D45DD1FC8BD8001AA0DB730B7D47BA5"|16|"ECT"|"581"|"CABLEMAS"|"METRO"|"METROSUR"|"METROPOLITANA"|"MXNORTE"|"MEXICO"|"ECATEPEC"|"SAN JUAN"|"SAN JUAN TEOTIHUACAN"|"Y"|"Y"|"IZZI"|"TEOTIHUACAN"|"ECATEPEC"|"NO IDENTIFICADA"
1024|"156159EE9E302FC77F680E51F86DF8FA8C4BDE3D"|16|"CMM"|"081"|"CABLEMAS"|"METRO"|"METROSUR"|"METROPOLITANA"|"MXCENTRO"|"MEXICO"|"CHIMALHUACAN"|"LOS REYES ACAQUILPAN"|"LOS REYES ACAQUILPAN"|"Y"|"N"|"IZZI"|"IXTAPALUCA"|"CHIMALHUACAN"|"NO IDENTIFICADA"
1028|"93B38EC10F6C99C2C59CE92980CBB51C11320608"|16|"VHA"|"541"|"CABLECOM"|"SUR"|"METROSUR"|"SURESTE"|"SURESTE"|"TABASCO"|"VILLAHERMOSA"|"PARRILLA"|"PARRILLA"|"Y"|"Y"|"IZZI"|"PARRILLA"|"VILLA HERMOSA"|"NO IDENTIFICADA"
1032|"9039B183D5D871429F9DEDEBB94B5EB6F294D8F5"|16|"CEL"|"597"|"CABLECOM"|"NORTE"|"NORTE"|"NORESTE"|"CENTRO"|"GUANAJUATO"|"CELAYA"|"CELAYA"|"CELAYA"|"Y"|"Y"|"IZZI"|"CELAYA"|"CELAYA"|"NO IDENTIFICADA"
1036|"84BA89A2C3EE9C1FBC75CD1E687710A141CEAD9E"|16|"MHU"|"033"|"CABLEMAS"|"SUR"|"METROSUR"|"SURESTE"|"SURESTE"|"QUINTANA ROO"|"PMS RIVIERA MAYA"|"MAHAHUAL"|"MAHAHUAL"|"N"|"Y"|"WIZZ"|"MAHAHUAL"|"RIVIERA MAYA"|"NO IDENTIFICADA"
2261||3|"1"|"759"|"SKY"|"SUR"|"INTERIOR"|"OCCIDENTE"|"OCCIDENTE"|"Guerrero"|"HUB CHILAPA"|"NO IDENTIFICADA"|"TIXTLA DE GUERRERO"|"N"||"ND"|"OFFNET"|"SIN PLAZA WR"|"OFF NET"
398|"1B62BD5F781F62E457346E1730192CB5859F1DC0"|5|"AC"|"043"|"CABLEMAS"|"SUR"|"NORTE"|"OCCIDENTE"|"OCCIDENTE"|"GUERRERO"|"ACAPULCO"|"ACAPULCO"|"ACAPULCO"||"Y"|"IZZI"||"ACAPULCO"|"NO IDENTIFICADA"
622|"DB1FDD55A3B984E8BB003646F7AD34F349C7EB21"|5|"AD"|"072"|"CABLEMAS"|"SUR"|"METROSUR"|"SURESTE"|"SURESTE"|"VERACRUZ"|"PMS ACAYUCAN"|"AGUA DULCE"|"AGUA DULCE"||"Y"|"WIZZ"||"VERACRUZ"|"NO IDENTIFICADA"
1108|"3F631BC331E190F65C9D7833DB14E723105F0931"|16|"FRE"|"599"|"CABLECOM"|"NORTE"|"NORTE"|"PACIFICO"|"CENTRO"|"ZACATECAS"|"PMC FRESNILLO"|"FRESNILLO"|"FRESNILLO"||"Y"|"WIZZ"|"FRESNILLO"|"FRESNILLO"|"NO IDENTIFICADA"
2669||3|"1"|"759"|"SKY"|"NORTE"|"INTERIOR"|"NORESTE"|"CENTRO"|"Guanajuato"|"HUB CELAYA"|"NO IDENTIFICADA"|"APASEO EL GRANDE"|"N"||"ND"|"OFFNET"|"SIN PLAZA WR"|"OFF NET"
2673||3|"1"|"759"|"SKY"|"SUR"|"INTERIOR"|"SURESTE"|"GOLFO"|"Puebla"|"HUB ZACATLAN"|"NO IDENTIFICADA"|"AHUAZOTEPEC"|"N"||"ND"|"OFFNET"|"SIN PLAZA WR"|"OFF RED"
2677||3|"1"|"759"|"SKY"|"SUR"|"INTERIOR"|"SURESTE"|"GOLFO"|"Puebla"|"HUB TEZIUTLAN"|"NO IDENTIFICADA"|"CUETZALAN"|"N"||"ND"|"OFFNET"|"SIN PLAZA WR"|"OFF RED"
2681||3|"1"|"759"|"SKY"|"SUR"|"INTERIOR"|"SURESTE"|"GOLFO"|"Puebla"|"HUB TEHUACAN"|"NO IDENTIFICADA"|"AJALPAN"|"N"||"ND"|"OFFNET"|"SIN PLAZA WR"|"OFF NET"
2685||3|"1"|"759"|"SKY"|"SUR"|"INTERIOR"|"SURESTE"|"GOLFO"|"Puebla"|"HUB PUEBLA"|"NO IDENTIFICADA"|"SAN JERONIMO TECUANIPAN"|"N"||"ND"|"OFFNET"|"SIN PLAZA WR"|"OFF RED"
2689||3|"1"|"759"|"SKY"|"NORTE"|"INTERIOR"|"PACIFICO"|"CENTRO"|"Zacatecas"|"HUB FRESNILLO"|"NO IDENTIFICADA"|"RIO GRANDE"|"N"||"ND"|"OFFNET"|"SIN PLAZA WR"|"OFF NET"
2693||3|"1"|"759"|"SKY"|"SUR"|"INTERIOR"|"SURESTE"|"GOLFO"|"Tlaxcala"|"HUB YAHUQUEMEHCAN"|"NO IDENTIFICADA"|"TLAXCO"|"N"||"ND"|"OFFNET"|"SIN PLAZA WR"|"OFF NET"
2697||3|"1"|"759"|"SKY"|"SUR"|"INTERIOR"|"SURESTE"|"GOLFO"|"Tlaxcala"|"HUB HUAMANTLA"|"NO IDENTIFICADA"|"IXTENCO"|"N"||"ND"|"OFFNET"|"SIN PLAZA WR"|"ON NET"
2701||3|"1"|"759"|"SKY"|"SUR"|"INTERIOR"|"SURESTE"|"SURESTE"|"Chiapas"|"HUB TUXTLA GUTIERREZ"|"NO IDENTIFICADA"|"TONALA CHIS"|"N"||"ND"|"OFFNET"|"SIN PLAZA WR"|"OFF NET"
2827||3|"1"|"759"|"SKY"|"NORTE"|"NORTE"|"PACIFICO"|"PACIFICO"|"Chihuahua"|"HUB CHIHUAHUA"|"NO IDENTIFICADA"|"JULIMES"|"N"||"ND"|"OFFNET"|"SIN PLAZA WR"|"OFF RED"
2831||3|"1"|"759"|"SKY"|"SUR"|"INTERIOR"|"SURESTE"|"GOLFO"|"Puebla"|"HUB PUEBLA"|"NO IDENTIFICADA"|"CUAUTINCHAN"|"N"||"ND"|"OFFNET"|"SIN PLAZA WR"|"OFF RED"
2835||3|"1"|"759"|"SKY"|"NORTE"|"INTERIOR"|"NORESTE"|"CENTRO"|"Guanajuato"|"HUB SAN MIGUEL DE ALLENDE"|"NO IDENTIFICADA"|"SAN JOSE ITURBIDE"|"N"||"ND"|"OFFNET"|"SIN PLAZA WR"|"OFF RED"
2839||3|"1"|"759"|"SKY"|"SUR"|"INTERIOR"|"SURESTE"|"GOLFO"|"Puebla"|"HUB TEZIUTLAN"|"NO IDENTIFICADA"|"NAUZONTLA"|"N"||"ND"|"OFFNET"|"SIN PLAZA WR"|"OFF NET"
2843||3|"1"|"759"|"SKY"|"SUR"|"INTERIOR"|"SURESTE"|"GOLFO"|"Veracruz de Ignacio de la Llave"|"HUB POZA RICA"|"NO IDENTIFICADA"|"ESPINAL"|"N"||"ND"|"OFFNET"|"SIN PLAZA WR"|"OFF RED"
2847||3|"1"|"759"|"SKY"|"METRO"|"METRO"|"METROPOLITANA"|"MXSUR"|"México"|"HUB CHALCO"|"NO IDENTIFICADA"|"TENANGO DEL AIRE"|"N"||"ND"|"OFFNET"|"SIN PLAZA WR"|"OFF NET"
2851||3|"1"|"759"|"SKY"|"NORTE"|"NORTE"|"PACIFICO"|"PACIFICO"|"Sonora"|"HUB SAN LUIS RIO COLORADO"|"NO IDENTIFICADA"|"PUERTO PEÑASCO"|"N"||"ND"|"OFFNET"|"SIN PLAZA WR"|"OFF NET"
2855||3|"1"|"759"|"SKY"|"NORTE"|"INTERIOR"|"NORESTE"|"GOLFO"|"San Luis Potosí"|"HUB MATEHUALA"|"NO IDENTIFICADA"|"SANTO DOMINGO"|"N"||"ND"|"OFFNET"|"SIN PLAZA WR"|"OFF RED"
2859||3|"1"|"759"|"SKY"|"NORTE"|"INTERIOR"|"PACIFICO"|"CENTRO"|"Zacatecas"|"HUB FRESNILLO"|"NO IDENTIFICADA"|"CAÑITAS DE FELIPE PESCADOR"|"N"||"ND"|"OFFNET"|"SIN PLAZA WR"|"OFF NET"
598|"E538BC3653AAFDBE93E0A07F8DF46D22EAD3F5B5"|5|"CEL"|"597"|"CABLECOM"|"NORTE"|"NORTE"|"NORESTE"|"CENTRO"|"GUANAJUATO"|"CELAYA"|"CELAYA"|"CELAYA"||"Y"|"IZZI"||"CELAYA"|"NO IDENTIFICADA"
146|"9845DFB7651B6313C6F38EDBCEDB11FAF3856614"|7|"TC29"|"0"|"TELECABLE"|"NORTE"|"NORTE"|"PACIFICO"|"OCCIDENTE"|"NAYARIT"|"PMO TEQUILA"|"IXTLAN"|"IXTLAN"||"Y"|||"TEPATITLAN"|"NO IDENTIFICADA"
2408||3|"1"|"759"|"SKY"|"SUR"|"INTERIOR"|"OCCIDENTE"|"OCCIDENTE"|"Guerrero"|"HUB CHILAPA"|"NO IDENTIFICADA"|"TLAPA DE COMONFORT"|"N"||"ND"|"OFFNET"|"SIN PLAZA WR"|"OFF NET"
2430||3|"1"|"759"|"SKY"|"SUR"|"INTERIOR"|"OCCIDENTE"|"OCCIDENTE"|"Guerrero"|"HUB IGUALA"|"NO IDENTIFICADA"|"TEPECOACUILCO"|"N"||"ND"|"OFFNET"|"SIN PLAZA WR"|"OFF RED"
2664||3|"1"|"759"|"SKY"|"SUR"|"INTERIOR"|"OCCIDENTE"|"OCCIDENTE"|"Guerrero"|"HUB OMETEPEC"|"NO IDENTIFICADA"|"SAN LUIS ACATLAN"|"N"||"ND"|"OFFNET"|"SIN PLAZA WR"|"OFF RED"
183|"014A2DF57CE0A08D1D48C0833431EC1B16F1ED3B"|1|"38"|"038"|"CABLEMAS"|"SUR"|"METROSUR"|"SURESTE"|"SURESTE"|"QUINTANA ROO"|"PMS RIVIERA MAYA"|"COZUMEL"|"COZUMEL"||"Y"|||"RIVIERA MAYA"|"NO IDENTIFICADA"
1112|"2A79A23BC366062ADEA8FC5C2078AFB7E6164DE2"|16|"ACA"|"558"|"CABLEMAS"|"NORTE"|"NORTE"|"NORESTE"|"CENTRO"|"GUANAJUATO"|"PMC MOROLEON"|"ACAMBARO"|"ACAMBARO"||"Y"|"WIZZ"|"ACAMBARO"|"MOROLEON"|"NO IDENTIFICADA"
1116|"FB20104BF7F61A0AF0AE7D13ECFC2F3B0B679EE2"|16|"COS"|"609"|"CABLECOM"|"SUR"|"METROSUR"|"SURESTE"|"SURESTE"|"VERACRUZ"|"PMS VERACRUZ"|"COSCOMATEPEC"|"COSCOMATEPEC"||"Y"|"WIZZ"|"COSCOMATEPEC"|"VERACRUZ"|"NO IDENTIFICADA"
1119|"C54C9F2A25FC6D08F22772014C9F7440EA0BFC8F"|16|"APA"|"585"|"CABLEMAS"|"METRO"|"METROSUR"|"METROPOLITANA"|"MXNORTE"|"HIDALGO"|"PMM TULA"|"APAN"|"APAN"||"Y"|"WIZZ"|"APAN"|"TULA"|"NO IDENTIFICADA"
1124|"B8CC820159C7D532EF2E401A5C06162A9089359E"|16|"PDS"|"551"|"CABLECOM"|"NORTE"|"NORTE"|"NORESTE"|"NORESTE"|"COAHUILA"|"PIEDRAS NEGRAS"|"PIEDRAS NEGRAS"|"PIEDRAS NEGRAS"||"Y"|"WIZZ"|"PIEDRAS NEGRAS"|"PIEDRAS NEGRAS"|"NO IDENTIFICADA"
474|"BB7694FB9860DA780342E648CE03C5BB6EDAA030"|5|"GRL"|"400"|"TELECABLE"|"SUR"|"NORTE"|"OCCIDENTE"|"OCCIDENTE"|"JALISCO"|"ZAPOPAN"|"ZAPOPAN"|"ZAPOPAN"||"Y"|"IZZI"||"ZAPOPAN"|"NO IDENTIFICADA"
1132|"703A53B39CFDB6BCD55B6130BFF404FCA1A4968F"|16|"CAT"|"607"|"CABLECOM"|"SUR"|"METROSUR"|"SURESTE"|"SURESTE"|"VERACRUZ"|"PMS LOS TUXTLAS"|"CATEMACO"|"CATEMACO"||"Y"|"WIZZ"|"CATEMACO"|"VERACRUZ"|"NO IDENTIFICADA"
63|"1AC83AB96DD90665462BEFAE4EA5FCB35EA4DA78"|6|"CC10"|"0"|"CABLEMAS"|"METRO"|"METROSUR"|"METROPOLITANA"|"MXNORTE"|"MEXICO"|"ECATEPEC"|"LOS REYES"|"LOS REYES ACOZAC"||"Y"|||"ECATEPEC"|"NO IDENTIFICADA"
1044|"DB781820A9C1FA577E5F664012AF5E8DF73F39A5"|16|"AD"|"072"|"CABLEMAS"|"SUR"|"METROSUR"|"SURESTE"|"SURESTE"|"VERACRUZ"|"PMS ACAYUCAN"|"AGUA DULCE"|"AGUA DULCE"|"N"|"Y"|"WIZZ"|"AGUA DULCE"|"VERACRUZ"|"NO IDENTIFICADA"
2267||3|"1"|"759"|"SKY"|"NORTE"|"INTERIOR"|"NORESTE"|"CENTRO"|"Querétaro"|"HUB QUERETARO"|"NO IDENTIFICADA"|"EL MARQUES"|"N"||"ND"|"OFFNET"|"SIN PLAZA WR"|"OFF NET"
473|"03C6FAE52F2A5F67EF6673E1609CBE4E8F6E52FD"|3|"GRL"|"400"|"TELECABLE"|"SUR"|"INTERIOR"|"OCCIDENTE"|"OCCIDENTE"|"JALISCO"|"ZAPOPAN"|"ZAPOPAN"|"ZAPOPAN"|"Y"|"Y"|"IZZI"|"ZAPOPAN"|"ZAPOPAN"|"ON NET"
2275||3|"1"|"759"|"SKY"|"NORTE"|"NORTE"|"PACIFICO"|"PACIFICO"|"Sonora"|"HUB CABORCA"|"NO IDENTIFICADA"|"CABORCA"|"N"||"ND"|"OFFNET"|"SIN PLAZA WR"|"OFF NET"
2279||3|"1"|"759"|"SKY"|"NORTE"|"INTERIOR"|"PACIFICO"|"CENTRO"|"Zacatecas"|"HUB FRESNILLO"|"NO IDENTIFICADA"|"SAIN ALTO"|"N"||"ND"|"OFFNET"|"SIN PLAZA WR"|"OFF RED"
477|"4A09AA0F9035444BF949D0EDC0DEBB7975B3CB10"|3|"PUV"|"406"|"TELECABLE"|"SUR"|"INTERIOR"|"OCCIDENTE"|"OCCIDENTE"|"JALISCO"|"PUERTO VALLARTA"|"PUERTO VALLARTA"|"PUERTO VALLARTA"|"Y"|"Y"|"IZZI"|"PUERTO VALLARTA"|"PUERTO VALLARTA"|"ON NET"
2287||3|"1"|"759"|"SKY"|"SUR"|"INTERIOR"|"SURESTE"|"GOLFO"|"Tlaxcala"|"HUB YAHUQUEMEHCAN"|"NO IDENTIFICADA"|"TETLA"|"N"||"ND"|"OFFNET"|"SIN PLAZA WR"|"OFF NET"
2291||3|"1"|"759"|"SKY"|"SUR"|"INTERIOR"|"SURESTE"|"SURESTE"|"Chiapas"|"HUB REFORMA"|"NO IDENTIFICADA"|"AMATAN"|"N"||"ND"|"OFFNET"|"SIN PLAZA WR"|"OFF RED"
2295||3|"1"|"759"|"SKY"|"NORTE"|"NORTE"|"PACIFICO"|"PACIFICO"|"Chihuahua"|"HUB CUAUHTEMOC CHIH"|"NO IDENTIFICADA"|"RIVA PALACIO"|"N"||"ND"|"OFFNET"|"SIN PLAZA WR"|"OFF RED"
2245||3|"1"|"759"|"SKY"|"SUR"|"INTERIOR"|"OCCIDENTE"|"OCCIDENTE"|"Jalisco"|"HUB CIUDAD GUZMAN"|"NO IDENTIFICADA"|"TAMAZULA JAL"|"N"||"ND"|"OFFNET"|"SIN PLAZA WR"|"OFF NET"
500|"313516B292C3446A55A0793FC7EB50BF34819332"|5|"IX"|"595"|"CABLEMAS"|"METRO"|"METROSUR"|"METROPOLITANA"|"MXSUR"|"MEXICO"|"IXTAPALUCA"|"IXTAPALUCA"|"IXTAPALUCA LOS REYES"||"N"|"IZZI"||"IXTAPALUCA"|"NO IDENTIFICADA"
683|"464293ACAF545AE34FC577865DC7A954A82A2981"|3|"TEC"|"410"|"TELECABLE"|"SUR"|"INTERIOR"|"OCCIDENTE"|"OCCIDENTE"|"COLIMA"|"PMO TECOMAN"|"TECOMAN"|"TECOMAN"||"Y"|"WIZZ"|"TECOMAN"|"SANTIAGO"|"OFF NET"
516|"023E866C3E02706FDE26E6D9C47AAE7ECBEC27D4"|5|"IXT"|"595"|"CABLEMAS"|"METRO"|"METROSUR"|"METROPOLITANA"|"MXSUR"|"MEXICO"|"IXTAPALUCA"|"IXTAPALUCA"|"AMECAMECA"||"Y"|"IZZI"||"IXTAPALUCA"|"NO IDENTIFICADA"
524|"DFAF193ADACA3E9FD4D59B38930CFED54678A896"|5|"MEO"|"592"|"CABLEMAS"|"METRO"|"METROSUR"|"METROPOLITANA"|"MXNORTE"|"MEXICO"|"MELCHOR OCAMPO"|"MELCHOR"|"ZUMPANGO"||"Y"|"IZZI"||"MELCHOR OCAMPO"|"NO IDENTIFICADA"
532|"355EC2C64138E52E78A34C815C2C96A11E42B28B"|5|"MEO"|"589"|"CABLEMAS"|"METRO"|"METROSUR"|"METROPOLITANA"|"MXNORTE"|"MEXICO"|"MELCHOR OCAMPO"|"MELCHOR"|"TEOLOYUCAN"||"Y"|"IZZI"||"MELCHOR OCAMPO"|"NO IDENTIFICADA"
540|"9F4B6DBA83DD3CF11F49D6904B2D4CD5968B9235"|5|"GAR"|"300"|"TVI"|"NORTE"|"NORTE"|"NORESTE"|"NORESTE"|"NUEVO LEON"|"MONTERREY"|"GARCIA"|"GARCIA"||"Y"|"IZZI"||"MTY - SANTA CATARINA"|"NO IDENTIFICADA"
548|"457FE8CAEC45011EC1DD2C21E6C033CF8EBA6161"|5|"BAL"|"304"|"TVI"|"NORTE"|"METROSUR"|"NORESTE"|"GOLFO"|"TAMAULIPAS"|"REYNOSA TVI"|"REYNOSA"|"BALCONES"||"Y"|"IZZI"||"REYNOSA"|"NO IDENTIFICADA"
556|"9991620E730B03A7C890DAB57C6B72CE5A7F4716"|5|"CM"|"583"|"CABLEMAS"|"METRO"|"METROSUR"|"METROPOLITANA"|"MXCENTRO"|"MEXICO"|"CHIMALHUACAN"|"NEZAHUALCOYOTL"|"NEZAHUALCOYOTL"||"Y"|"IZZI"||"CHIMALHUACAN"|"NO IDENTIFICADA"
564|"33E0D79DFAEA5C507D562931D6B1BFB63FCA3809"|5|"CM"|"081"|"CABLEMAS"|"METRO"|"METROSUR"|"METROPOLITANA"|"MXCENTRO"|"MEXICO"|"CHIMALHUACAN"|"LOS REYES ACAQUILPAN"|"LOS REYES ACAQUILPAN"||"Y"|"IZZI"||"CHIMALHUACAN"|"NO IDENTIFICADA"
572|"4A81E7EBBB9C0144F2856663BAFF3F534B0125CA"|5|"ECT"|"575"|"CABLEMAS"|"METRO"|"METROSUR"|"METROPOLITANA"|"MXNORTE"|"MEXICO"|"ECATEPEC"|"OJO DE AGUA"|"OJO DE AGUA"||"Y"|"IZZI"||"ECATEPEC"|"NO IDENTIFICADA"
602|"743099AE8CC5AD9000DB7853AB3004DEE17DBFB1"|5|"ZAC"|"598"|"CABLECOM"|"NORTE"|"NORTE"|"PACIFICO"|"CENTRO"|"ZACATECAS"|"ZACATECAS"|"ZACATECAS"|"ZACATECAS"||"Y"|"IZZI"||"ZACATECAS"|"NO IDENTIFICADA"
1041|"85103B1804D881B78CF05290D9AD15548AB1B7A6"|16|"VHG"|"092"|"CABLEMAS"|"SUR"|"NORTE"|"OCCIDENTE"|"CENTRO"|"JALISCO"|"PMC TEOCALTICHE"|"VILLA HIDALGO"|"VILLA HIDALGO"|"N"|"Y"|"WIZZ"|"VILLA HIDALGO"|"TEOCALTICHE"|"NO IDENTIFICADA"
1047|"7087950914201B4E38282DB93D8586A7057A1D97"|16|"OC"|"023"|"CABLEMAS"|"SUR"|"NORTE"|"OCCIDENTE"|"OCCIDENTE"|"JALISCO"|"OCOTLAN"|"OCOTLAN"|"OCOTLAN"|"N"|"Y"|"WIZZ"|"OCOTLAN"|"OCOTLAN"|"NO IDENTIFICADA"
226|"4F1FA36B513CF358BE824160E1E5E4FFD47AB9FE"|8|"CC51"|"0"|"CABLECOM"|"SUR"|"METROSUR"|"SURESTE"|"SURESTE"|"TABASCO"|"PMS CÁRDENAS"|"CARDENAS"|"CARDENAS"||"Y"|||"CARDENAS"|"NO IDENTIFICADA"
230|"12F8F32041D8AF68E7C00F5630863658C15EDEEF"|2|"52"|"052"|"CABLEMAS"|"NORTE"|"NORTE"|"PACIFICO"|"PACIFICO"|"CHIHUAHUA"|"CHIHUAHUA"|"DELICIAS"|"DELICIAS"||"Y"|||"CHIHUAHUA"|"NO IDENTIFICADA"
946|"906CB94C99B4B268F18D44F33143109D03B1D34B"|16|"JUA"|"300"|"TVI"|"NORTE"|"NORTE"|"NORESTE"|"NORESTE"|"NUEVO LEON"|"MONTERREY"|"JUAREZ"|"JUAREZ"|"Y"|"Y"|"IZZI"|"MONTERREY"|"MTY - JUAREZ"|"NO IDENTIFICADA"
2187||5|"CCR"|"71"|"CABLEMAS"|"SUR"||"SURESTE"||"VERACRUZ"|"COATZACOALCOS"|"COATZACOALCOS"|"COATZACOALCOS"|||||"SIN PLAZA WR"|"NO IDENTIFICADA"
979|"7696BECA3EDE8329F3CD031FFDB0BEF07CF93A0E"|16|"IX"|"081"|"CABLEMAS"|"METRO"|"METROSUR"|"METROPOLITANA"|"MXSUR"|"MEXICO"|"IXTAPALUCA"|"IXTAPALUCA"|"IXTAPALUCA LOS REYES"|"Y"|"Y"|"IZZI"|"IXTAPALUCA"|"IXTAPALUCA"|"NO IDENTIFICADA"
301|"509E0F228208960127568D293CB9C49A58F7F2A8"|1|"93"|"093"|"CABLEMAS"|"SUR"|"NORTE"|"OCCIDENTE"|"CENTRO"|"JALISCO"|"PMC TEOCALTICHE"|"TEOCALTICHE"|"TEOCALTICHE"||"Y"|||"TEOCALTICHE"|"NO IDENTIFICADA"
188|"CC42A2C8A8574952E8FC9068D48F4DFC844699F2"|6|"CC40"|"0"|"CABLECOM"|"METRO"|"METROSUR"|"METROPOLITANA"|"MXNORTE"|"HIDALGO"|"PACHUCA"|"PACHUCA"|"PACHUCA"||"Y"|||"PACHUCA"|"NO IDENTIFICADA"
192|"12B17A2D99E53D0477AA7F4D4B326B1E9456C5BC"|6|"CC41"|"0"|"CABLEMAS"|"METRO"|"METROSUR"|"METROPOLITANA"|"MXNORTE"|"HIDALGO"|"PMM TULA"|"SAHAGUN"|"SAHAGUN"||"Y"|||"TULA"|"NO IDENTIFICADA"
196|"D5D2F0EB67D07FA0A4D338B6F980034AACAA1421"|4|"8L7I"|"0"|"TVI"|"NORTE"|"NORTE"|"NORESTE"|"NORESTE"|"NUEVO LEON"|"PMN SABINAS"|"SABINAS"|"SABINAS"||"Y"|||"SABINAS"|"NO IDENTIFICADA"
200|"20C05B95E1C0AE204DB7080E2D31D596FB1A2344"|2|"42"|"042"|"CABLEMAS"|"METRO"|"METROSUR"|"METROPOLITANA"|"MXSUR"|"MORELOS"|"CUAUTLA"|"YAUTEPEC"|"YAUTEPEC"||"Y"|||"CUERNAVACA"|"NO IDENTIFICADA"
2276||3|"1"|"759"|"SKY"|"SUR"|"INTERIOR"|"OCCIDENTE"|"OCCIDENTE"|"Guerrero"|"HUB CHILAPA"|"NO IDENTIFICADA"|"CHILAPA DE ALVAREZ"|"N"||"ND"|"OFFNET"|"SIN PLAZA WR"|"OFF RED"
1051|"C4843730000239FB025655D0A4AE11597B38BE55"|16|"MTH"|"311"|"TVI"|"NORTE"|"METROSUR"|"NORESTE"|"GOLFO"|"SAN LUIS POTOSI"|"PMG MATEHUALA"|"MATEHUALA"|"MATEHUALA"|"N"|"Y"|"WIZZ"|"MATEHUALA"|"MATEHUALA"|"NO IDENTIFICADA"
1055|"A83CDDEF9C6A07FDF1788244CD1BAF329BE4BBC3"|16|"UNL"|"701"|"AFIZZIONADOS TV"|"OTROS"||"AFIZZIONADOS TV"||"ND"|"AFIZZIONADOS TV"|"AFIZZIONADOS TV"|"AFIZZIONADOS TV"|"N"|"Y"|"AFIZZIONADOS"|"UNIVERSAL"|"ND"|"NO IDENTIFICADA"
998|"40BD421C1785B1DCA2CEE1BA33BA7762FE9BF8D2"|16|"MEO"|"590"|"CABLEMAS"|"METRO"|"METROSUR"|"METROPOLITANA"|"MXNORTE"|"MEXICO"|"MELCHOR OCAMPO"|"MELCHOR"|"TEPOTZOTLAN"|"Y"|"Y"|"IZZI"|"TEPOZOTLAN"|"MELCHOR OCAMPO"|"NO IDENTIFICADA"
1002|"1EBFAF4C19763A5907837EE5DDD5543266564F49"|16|"SJR"|"430"|"TELECABLE"|"NORTE"|"NORTE"|"NORESTE"|"CENTRO"|"QUERETARO"|"SAN JUAN DEL RIO"|"SAN JUAN DEL RIO"|"SAN JUAN DEL RIO"|"N"|"Y"|"IZZI"|"SAN JUAN DEL RIO"|"SAN JUAN DEL RIO"|"NO IDENTIFICADA"
1006|"0D53D301A1341207E1E2E9F67F7D7D982AA21712"|16|"PAS"|"304"|"TVI"|"NORTE"|"METROSUR"|"NORESTE"|"GOLFO"|"TAMAULIPAS"|"REYNOSA TVI"|"REYNOSA"|"PALMA SOLA"|"Y"|"Y"|"IZZI"|"REYNOSA"|"REYNOSA"|"NO IDENTIFICADA"
1010|"850FE4BFB9039B2BD23A7B405085D1CA8898C5B2"|16|"ORI"|"546"|"CABLEMAS"|"SUR"|"METROSUR"|"SURESTE"|"SURESTE"|"VERACRUZ"|"ORIZABA"|"RIO BLANCO"|"RIO BLANCO"|"Y"|"Y"|"IZZI"|"RIO BLANCO"|"ORIZABA"|"NO IDENTIFICADA"
1014|"BF41D52E9BE09CEDDB4D0CF4FCD9B354B000AE21"|16|"CM"|"087"|"CABLEMAS"|"METRO"|"METROSUR"|"METROPOLITANA"|"MXCENTRO"|"MEXICO"|"CHIMALHUACAN"|"SAN VICENTE CHICOLOAPAN"|"SAN VICENTE CHICOLOAPAN"|"Y"|"Y"|"IZZI"|"SAN VICENTE CHICOLOAPAN"|"CHIMALHUACAN"|"NO IDENTIFICADA"
2180||3|"CORR"|"603"|"CABLECOM"|"SUR"|"INTERIOR"|"SURESTE"|"GOLFO"|"VERACRUZ"|"CORDOBA"|"CORDOBA"|"CORDOBA"||||"CORDOBA"|"SIN PLAZA WR"|"ON NET"
2515||3|"1"|"759"|"SKY"|"SUR"|"INTERIOR"|"OCCIDENTE"|"OCCIDENTE"|"Jalisco"|"HUB TEPATITLAN"|"NO IDENTIFICADA"|"SAN IGNACIO CERRO GORDO"|"N"||"ND"|"OFFNET"|"SIN PLAZA WR"|"ON NET"
2543||3|"1"|"759"|"SKY"|"SUR"|"INTERIOR"|"OCCIDENTE"|"OCCIDENTE"|"Jalisco"|"HUB GUADALAJARA"|"NO IDENTIFICADA"|"MAGDALENA"|"N"||"ND"|"OFFNET"|"SIN PLAZA WR"|"OFF NET"
2585||3|"1"|"759"|"SKY"|"SUR"|"INTERIOR"|"OCCIDENTE"|"OCCIDENTE"|"Jalisco"|"HUB GUADALAJARA"|"NO IDENTIFICADA"|"GUADALAJARA"|"N"||"ND"|"OFFNET"|"SIN PLAZA WR"|"ON NET"
2613||3|"1"|"759"|"SKY"|"SUR"|"INTERIOR"|"OCCIDENTE"|"OCCIDENTE"|"Jalisco"|"HUB TEPATITLAN"|"NO IDENTIFICADA"|"VALLE DE GUADALUPE"|"N"||"ND"|"OFFNET"|"SIN PLAZA WR"|"OFF NET"
2208||3|"1"|"759"|"SKY"|"SUR"|"INTERIOR"|"SURESTE"|"SURESTE"|"Tabasco"|"HUB TENOSIQUE"|"NO IDENTIFICADA"|"TENOSIQUE"|"N"||"ND"|"OFFNET"|"SIN PLAZA WR"|"OFF NET"
2212||3|"1"|"759"|"SKY"|"SUR"|"INTERIOR"|"SURESTE"|"GOLFO"|"Puebla"|"HUB PUEBLA"|"NO IDENTIFICADA"|"PUEBLA"|"N"||"ND"|"OFFNET"|"SIN PLAZA WR"|"OFF NET"
2628||3|"1"|"759"|"SKY"|"SUR"|"INTERIOR"|"OCCIDENTE"|"OCCIDENTE"|"Jalisco"|"HUB TEPATITLAN"|"NO IDENTIFICADA"|"ACATIC"|"N"||"ND"|"OFFNET"|"SIN PLAZA WR"|"ON NET"
648|"C9FBC176D85CCF92EE1E38CA0086451C2DA3BD4A"|5|"SFE"|"309"|"TVI"|"NORTE"|"METROSUR"|"NORESTE"|"GOLFO"|"TAMAULIPAS"|"MATAMOROS"|"SAN FERNANDO"|"SAN FERNANDO"||"Y"|"WIZZ"||"MATAMOROS"|"NO IDENTIFICADA"
316|"1B883DEE6C58E61DA2C623EAD7466E3878F83A06"|5|"IZ"|"000"|"CABLEVISIÓN"|"METRO"|"METROSUR"|"METROPOLITANA"|"MXSUR"|"CIUDAD DE MEXICO"|"IZTAPALAPA"|"METROPOLITANA"|"IZTAPALAPA"||"Y"|"IZZI"||"IZTAPALAPA"|"NO IDENTIFICADA"
324|"CA3F968230AE963DC9DF87AC26EB982D81989047"|5|"ST"|"000"|"CABLEVISIÓN"|"METRO"|"METROSUR"|"METROPOLITANA"|"MXNORTE"|"MEXICO"|"SATELITE"|"METROPOLITANA"|"SATELITE"||"Y"|"IZZI"||"SATELITE"|"NO IDENTIFICADA"
332|"910E4DF97689ECA161B536EDF8FA25A96EDEC77D"|5|"GRL"|"000"|"CABLEVISIÓN"|"METRO"||"ND"||"ND"|"ND"|"ND"|"ND"||"N"|"ND"||"ND"|"NO IDENTIFICADA"
340|"8DAB20FDC1A9BABFCE2B2379B31C2D35D40E66E8"|5|"TE"|"013"|"CABLEMAS"|"NORTE"|"NORTE"|"PACIFICO"|"PACIFICO"|"BAJA CALIFORNIA"|"TIJUANA"|"TECATE"|"TECATE"||"Y"|"IZZI"||"TIJUANA"|"NO IDENTIFICADA"
348|"4F6F628780D9B2E438401161F6ACCF431569098C"|5|"MX"|"014"|"CABLEMAS"|"NORTE"|"NORTE"|"PACIFICO"|"PACIFICO"|"BAJA CALIFORNIA"|"MEXICALI"|"MEXICALI"|"MEXICALI"||"Y"|"IZZI"||"MEXICALI"|"NO IDENTIFICADA"
55|"6DD28AA83ACDB8AA2E5FAE044F0E38A43FCA56F6"|6|"CC8"|"0"|"CABLEMAS"|"METRO"|"METROSUR"|"METROPOLITANA"|"MXNORTE"|"MEXICO"|"MELCHOR OCAMPO"|"MELCHOR"|"COACALCO"||"Y"|||"MELCHOR OCAMPO"|"NO IDENTIFICADA"
59|"EE5DDA18CEA3E2AF2667D3EEB5EC64EF54357670"|6|"CC9"|"0"|"CABLEMAS"|"METRO"|"METROSUR"|"METROPOLITANA"|"MXNORTE"|"MEXICO"|"MELCHOR OCAMPO"|"CUAUTITLAN"|"MOCUAUTITLAN"||"Y"|||"MELCHOR OCAMPO"|"NO IDENTIFICADA"
1161|"FAE2C8F28EA117706BC63F2AC22294D1D278B982"|9|"1"|"0"|"INTERNET MOVIL"|"ND"||"ND"||"ND"|"ND"|"ND"|"ND"||"Y"|||"ND"|"NO IDENTIFICADA"
8|"E3B8439EA0A1F533927115104A360D2D5823AE94"|5|"-1"|"0"|"CABLEMAS"|"NO IDENTIFICADA"||"NO IDENTIFICADA"||"ND"|"NO IDENTIFICADA"|"NO IDENTIFICADA"|"NO IDENTIFICADA"||"N"|"ND"||"ND"|"NO IDENTIFICADA"
13|"910E4DF97689ECA161B536EDF8FA25A96EDEC77D"|5|"0"|"0"|"CABLEVISIÓN"|"METRO"||"ND"||"ND"|"ND"|"ND"|"ND"||"Y"|"ND"||"ND"|"NO IDENTIFICADA"
17|"62B28008B21558C177B1B6C6F275BAB1C1C3C062"|1|"1"|"0"|"CABLEMAS"|"METRO"||"ND"||"ND"|"ND"|"ND"|"ND"||"Y"|||"ND"|"NO IDENTIFICADA"
22|"90082248B198E9C67143660A03EE8C425A3A78A5"|6|"1"|"0"|"CABLECOM"|"METRO"||"ND"||"ND"|"ND"|"ND"|"ND"||"Y"|||"ND"|"NO IDENTIFICADA"
26|"4137AF035821C22E31798C3277123C39767B2665"|6|"CC2"|"0"|"CABLECOM"|"NORTE"|"NORTE"|"PACIFICO"|"CENTRO"|"ZACATECAS"|"PMC FRESNILLO"|"FRESNILLO"|"FRESNILLO"||"Y"|||"FRESNILLO"|"NO IDENTIFICADA"
236|"FCB8586669F354B382C1E5AB8DC1A071C8B56B3D"|2|"54"|"054"|"CABLEMAS"|"NORTE"|"NORTE"|"PACIFICO"|"PACIFICO"|"CHIHUAHUA"|"CHIHUAHUA"|"CAMARGO"|"CAMARGO"||"Y"|||"CHIHUAHUA"|"NO IDENTIFICADA"
240|"29A2D9AD1BA2373E6482E4D3C07DC96F2047DA81"|6|"CC56"|"0"|"CABLECOM"|"SUR"|"METROSUR"|"SURESTE"|"SURESTE"|"VERACRUZ"|"CORDOBA"|"CORDOBA"|"CORDOBA"||"Y"|||"CORDOBA"|"NO IDENTIFICADA"
244|"3BBEA0A1318A8FFB79164B17978F9D3E26117853"|8|"CC57"|"0"|"CABLECOM"|"SUR"|"METROSUR"|"SURESTE"|"SURESTE"|"VERACRUZ"|"PMS VERACRUZ"|"COSCOMATEPEC"|"COSCOMATEPEC"||"Y"|||"VERACRUZ"|"NO IDENTIFICADA"
248|"DCC579530636204056B56F74F2B0504133C230A2"|8|"CC59"|"0"|"CABLECOM"|"SUR"|"METROSUR"|"SURESTE"|"SURESTE"|"VERACRUZ"|"CORDOBA"|"FORTIN"|"FORTIN"||"Y"|||"CORDOBA"|"NO IDENTIFICADA"
2331||3|"1"|"759"|"SKY"|"SUR"|"INTERIOR"|"OCCIDENTE"|"OCCIDENTE"|"Guerrero"|"HUB CHILAPA"|"NO IDENTIFICADA"|"MALINALTEPEC"|"N"||"ND"|"OFFNET"|"SIN PLAZA WR"|"OFF RED"
354|"9DFBAF8E1FFCC7380F22A920A9EA3B67E6592AFD"|5|"CB"|"063"|"CABLEMAS"|"SUR"|"METROSUR"|"SURESTE"|"SURESTE"|"QUINTANA ROO"|"VALLADOLID"|"COBA"|"COBA"||"Y"|"IZZI"||"MERIDA"|"NO IDENTIFICADA"
362|"A2991E4DE7E7E0FAFE75D791A1C7EFA004102AC7"|5|"BT"|"061"|"CABLEMAS"|"SUR"|"METROSUR"|"SURESTE"|"SURESTE"|"YUCATAN"|"VALLADOLID"|"BUCTZOTZ"|"BUCTZOTZ"||"Y"|"IZZI"||"MERIDA"|"NO IDENTIFICADA"
370|"535263119D4C964DFC35CDDC7BFD43F25EC14714"|5|"TZ"|"069"|"CABLEMAS"|"SUR"|"METROSUR"|"SURESTE"|"SURESTE"|"YUCATAN"|"VALLADOLID"|"TIZIMIN"|"TIZIMIN"||"Y"|"IZZI"||"MERIDA"|"NO IDENTIFICADA"
378|"CE409E26F244D712EBAAE21E47C7500F684B21F0"|5|"PA"|"055"|"CABLEMAS"|"NORTE"|"NORTE"|"PACIFICO"|"PACIFICO"|"CHIHUAHUA"|"CHIHUAHUA"|"PARRAL"|"PARRAL"||"Y"|"IZZI"||"CHIHUAHUA"|"NO IDENTIFICADA"
386|"67219B39B0786EC30BC45F7D16312A8B3472ABE1"|5|"TH"|"090"|"CABLEMAS"|"SUR"|"METROSUR"|"SURESTE"|"GOLFO"|"VERACRUZ"|"POZA RICA"|"TIHUATLAN"|"TIHUATLAN"||"Y"|"IZZI"||"POZA RICA"|"NO IDENTIFICADA"
394|"46C177A43B066A35F64CCE67595EC40ECD9B6E87"|5|"YU"|"042"|"CABLEMAS"|"METRO"|"METROSUR"|"METROPOLITANA"|"MXSUR"|"MORELOS"|"CUAUTLA"|"YAUTEPEC"|"YAUTEPEC"||"Y"|"IZZI"||"CUERNAVACA"|"NO IDENTIFICADA"
279|"A4A3C1DC889622F0EDD059A67FA6D6FA615AFFA2"|6|"CC73"|"0"|"CABLEMAS"|"SUR"|"METROSUR"|"SURESTE"|"SURESTE"|"VERACRUZ"|"PMS LOS TUXTLAS"|"SANTIAGO"|"SANTIAGO TUXTLA"||"Y"|||"VERACRUZ"|"NO IDENTIFICADA"
283|"89C03ABA534247C17890DC07ECB7A02CB3A2E8A5"|8|"CC74"|"0"|"CABLECOM"|"SUR"|"METROSUR"|"SURESTE"|"SURESTE"|"TABASCO"|"VILLAHERMOSA"|"VILLA HERMOSA"|"VILLAHERMOSA"||"Y"|||"VILLA HERMOSA"|"NO IDENTIFICADA"
1588|"AB539E76BF58068CEFEDDDAF693ED59CF5473BB6"|16|"FCDJ"|"060"|"CABLEMAS"|"NORTE"|"NORTE"|"PACIFICO"|"PACIFICO"|"CHIHUAHUA"|"CD. JUAREZ"|"CD. JUAREZ"|"CD. JUAREZ"|"C"|"Y"|"Y"|"IZZI"|"CD. JUAREZ"|"NO IDENTIFICADA"
1094|"AC14672E3A056BEFF9D87495E05404203A82B765"|16|"TEP"|"408"|"TELECABLE"|"SUR"|"NORTE"|"OCCIDENTE"|"CENTRO"|"JALISCO"|"PMC TEPATITLAN"|"TEPATITLAN"|"TEPATITLAN"||"Y"|"WIZZ"|"TEPATITLAN"|"TEPATITLAN"|"NO IDENTIFICADA"
707|"EBA5342267CE1BC3609AEB79F9E4BBA405B92033"|3|"SJN"|"447"|"TELECABLE"|"SUR"|"INTERIOR"|"OCCIDENTE"|"CENTRO"|"JALISCO"|"PMC TEPATITLAN"|"SAN JULIAN"|"SAN JULIAN"||"Y"|"WIZZ"|"SAN JULIAN"|"TEPATITLAN"|"ON NET"
713|"401BAEF2D017CD825F3648CBFA18E4BD873950DC"|3|"ELS"|"442"|"TELECABLE"|"SUR"|"INTERIOR"|"OCCIDENTE"|"OCCIDENTE"|"JALISCO"|"GUADALAJARA"|"EL SALTO"|"EL SALTO"||"Y"|"IZZI"|"EL SALTO"|"TEPATITLAN"|"ON NET"
971|"A8435363BD4A2784F4FD87E998A6A48E2126ECF9"|16|"LG"|"017"|"CABLEMAS"|"SUR"|"NORTE"|"OCCIDENTE"|"CENTRO"|"JALISCO"|"LAGOS"|"LAGOS"|"LAGOS"|"N"|"Y"|"IZZI"|"LAGOS"|"LAGOS"|"NO IDENTIFICADA"
700|"6D5D46C137554FA3064C80881AD8D85DE57992B8"|5|"CIH"|"435"|"TELECABLE"|"SUR"|"NORTE"|"OCCIDENTE"|"OCCIDENTE"|"JALISCO"|"MANZANILLO"|"CIHUATLAN"|"CIHUATLAN"||"Y"|"WIZZ"||"MANZANILLO"|"NO IDENTIFICADA"
704|"91346104B5D7D4AFFD595711CA6AB50EF9B4E738"|5|"JTN"|"446"|"TELECABLE"|"SUR"|"NORTE"|"OCCIDENTE"|"CENTRO"|"JALISCO"|"PMC TEPATITLAN"|"JALOSTOTITLAN"|"JALOSTOTITLAN"||"Y"|"WIZZ"||"TEPATITLAN"|"NO IDENTIFICADA"
708|"D8EE174A257DEB812F3A51106598133BA14B75AD"|5|"SJN"|"447"|"TELECABLE"|"SUR"|"NORTE"|"OCCIDENTE"|"CENTRO"|"JALISCO"|"PMC TEPATITLAN"|"SAN JULIAN"|"SAN JULIAN"||"Y"|"WIZZ"||"TEPATITLAN"|"NO IDENTIFICADA"
400|"9B9E5AD5D5BF33235A4A1ED7D1E079A320608446"|5|"CZ"|"038"|"CABLEMAS"|"SUR"|"METROSUR"|"SURESTE"|"SURESTE"|"QUINTANA ROO"|"PMS RIVIERA MAYA"|"COZUMEL"|"COZUMEL"||"Y"|"WIZZ"||"RIVIERA MAYA"|"NO IDENTIFICADA"
408|"AFD5C59BBAFD7BB81C67203CB6378628D683A4C3"|5|"CN"|"035"|"CABLEMAS"|"SUR"|"METROSUR"|"SURESTE"|"SURESTE"|"QUINTANA ROO"|"CANCUN"|"CANCUN"|"CANCUN"||"Y"|"IZZI"||"CANCUN"|"NO IDENTIFICADA"
416|"09604E102CD41593997BC8D590A1051C8BAC6359"|5|"CER"|"300"|"TVI"|"NORTE"|"NORTE"|"NORESTE"|"NORESTE"|"NUEVO LEON"|"MONTERREY"|"CERCADO"|"CERCADO"||"Y"|"IZZI"||"MTY - REVOLUCION"|"NO IDENTIFICADA"
424|"DAD5F45764978C5F68C86B0C28561C4E9C982D07"|5|"HUI"|"300"|"TVI"|"NORTE"|"NORTE"|"NORESTE"|"NORESTE"|"NUEVO LEON"|"MONTERREY"|"HUINALA"|"HUINALA"||"Y"|"IZZI"||"MTY - JUAREZ"|"NO IDENTIFICADA"
432|"5D6E80047872FB248AA6E8E23CC6961633E18CD4"|5|"MAT"|"300"|"TVI"|"NORTE"|"NORTE"|"NORESTE"|"NORESTE"|"NUEVO LEON"|"MONTERREY"|"MATRIZ"|"MATRIZ"||"Y"|"IZZI"||"MTY - REVOLUCION"|"NO IDENTIFICADA"
442|"6DF60C38326B93C419AA84AB5D3F0BE4F86581E4"|5|"GRL"|"300"|"TVI"|"NORTE"|"NORTE"|"NORESTE"|"NORESTE"|"NUEVO LEON"|"MONTERREY"|"MONTERREY"|"GENERAL"||"Y"|"IZZI"||"GENERAL"|"NO IDENTIFICADA"
70|"0073FF1D6337408FA350131598C76FC2B7F3EF6D"|2|"11"|"011"|"CABLEMAS"|"NORTE"|"NORTE"|"PACIFICO"|"PACIFICO"|"BAJA CALIFORNIA"|"TIJUANA"|"TIJUANA"|"TIJUANA"||"Y"|||"TIJUANA"|"NO IDENTIFICADA"
33|"64C7C21587B4639C816F36B8EE6B43D383DF4019"|7|"TC3"|"0"|"TELECABLE"|"SUR"|"NORTE"|"OCCIDENTE"|"OCCIDENTE"|"JALISCO"|"CIUDAD GUZMAN"|"CD. GUZMAN"|"CIUDAD GUZMAN"||"Y"|||"CIUDAD GUZMAN"|"NO IDENTIFICADA"
78|"8E2D3D52799ECF6C600760B4191C4F6BE2DA4F1A"|8|"CC13"|"0"|"CABLEMAS"|"METRO"|"METROSUR"|"METROPOLITANA"|"MXNORTE"|"MEXICO"|"ECATEPEC"|"OJO DE AGUA"|"OJO DE AGUA"||"Y"|||"ECATEPEC"|"NO IDENTIFICADA"
82|"10817DC4E25B2BBBA2891C2B253F4207F173C048"|6|"CC14"|"0"|"CABLEMAS"|"METRO"|"METROSUR"|"METROPOLITANA"|"MXNORTE"|"MEXICO"|"ECATEPEC"|"SAN JUAN"|"SAN JUAN TEOTIHUACAN"||"Y"|||"ECATEPEC"|"NO IDENTIFICADA"
86|"0D6E7C0F397173CE202B663712166C4C7B1F7120"|2|"14"|"014"|"CABLEMAS"|"NORTE"|"NORTE"|"PACIFICO"|"PACIFICO"|"BAJA CALIFORNIA"|"MEXICALI"|"MEXICALI"|"MEXICALI"||"Y"|||"MEXICALI"|"NO IDENTIFICADA"
90|"821657AD88413EFCCC5583E9D81E9DAC687E28CA"|2|"15"|"015"|"CABLEMAS"|"NORTE"|"NORTE"|"PACIFICO"|"PACIFICO"|"BAJA CALIFORNIA"|"TIJUANA"|"ROSARITO"|"ROSARITO"||"Y"|||"TIJUANA"|"NO IDENTIFICADA"
94|"719A42C13248BC3FB148C7CD9A722AECCEE962CD"|7|"TC16"|"0"|"TELECABLE"|"NORTE"|"NORTE"|"PACIFICO"|"CENTRO"|"NAYARIT"|"PMC SANTIAGO"|"COMPOSTELA"|"COMPOSTELA"||"Y"|||"SANTIAGO"|"NO IDENTIFICADA"
299|"60336C8E62FBFEEE6FE4A9645EEE1C4438F82907"|1|"91"|"091"|"CABLEMAS"|"SUR"|"NORTE"|"OCCIDENTE"|"CENTRO"|"JALISCO"|"PMC TEOCALTICHE"|"YAHUALICA"|"YAHUALICA"||"Y"|||"TEOCALTICHE"|"NO IDENTIFICADA"
102|"3441EAB47CA76E6943D21BC6AA57CF08EC3F5D45"|7|"TC18"|"0"|"TELECABLE"|"NORTE"|"NORTE"|"PACIFICO"|"CENTRO"|"NAYARIT"|"PMC SANTIAGO"|"RUIZ"|"RUIZ"||"Y"|||"SANTIAGO"|"NO IDENTIFICADA"
106|"C7F649C9DDB09E11EFD43559F0F3619C639F8CF7"|7|"TC19"|"0"|"TELECABLE"|"NORTE"|"NORTE"|"PACIFICO"|"CENTRO"|"NAYARIT"|"PMC SANTIAGO"|"SANTIAGO IXCUINTLA"|"SANTIAGO IXCUINTLA"||"Y"|||"SANTIAGO"|"NO IDENTIFICADA"
302|"84EF1C2DCDE6037C170D22AD11555F81D4752209"|1|"94"|"094"|"CABLEMAS"|"SUR"|"NORTE"|"OCCIDENTE"|"CENTRO"|"JALISCO"|"PMC TEOCALTICHE"|"OJUELOS"|"OJUELOS"||"Y"|||"TEOCALTICHE"|"NO IDENTIFICADA"
115|"683DA64CD404DF38FD055B50FA3CE68584880662"|1|"21"|"021"|"CABLEMAS"|"NORTE"|"METROSUR"|"NORESTE"|"GOLFO"|"TAMAULIPAS"|"PMG VALLES"|"MANTE"|"MANTE"||"Y"|||"VALLES"|"NO IDENTIFICADA"
119|"C1C71F0B5175AAF4D902884F84F72FAA6A061502"|1|"22"|"022"|"CABLEMAS"|"NORTE"|"METROSUR"|"NORESTE"|"GOLFO"|"SAN LUIS POTOSI"|"PMG VALLES"|"VALLES"|"VALLES"||"Y"|||"VALLES"|"NO IDENTIFICADA"
303|"97C478027D56AC6DD2EFDDAB419EAB6422E802D8"|1|"95"|"095"|"CABLEMAS"|"SUR"|"NORTE"|"OCCIDENTE"|"CENTRO"|"JALISCO"|"PMC TEOCALTICHE"|"ENCARNACION DE DIAZ"|"ENCARNACION DE DIAZ"||"Y"|||"TEOCALTICHE"|"NO IDENTIFICADA"
127|"644E98219C596A73FC55B292D84C5C309B93BEA3"|1|"24"|"024"|"CABLEMAS"|"SUR"|"METROSUR"|"SURESTE"|"GOLFO"|"VERACRUZ"|"POZA RICA"|"POZA RICA"|"POZA RICA"||"Y"|||"POZA RICA"|"NO IDENTIFICADA"
131|"21082766105081CD535AF4D6A931F7D4832ECF68"|1|"25"|"025"|"CABLEMAS"|"SUR"|"METROSUR"|"SURESTE"|"GOLFO"|"VERACRUZ"|"POZA RICA"|"COATZINTLA"|"COATZINTLA"||"Y"|||"POZA RICA"|"NO IDENTIFICADA"
135|"02CADE8E075E17B9A5E12DF38C8FE471DEA23CC3"|1|"26"|"026"|"CABLEMAS"|"METRO"|"METROSUR"|"METROPOLITANA"|"MXNORTE"|"HIDALGO"|"PMM TULA"|"TULA"|"TULA"||"Y"|||"TULA"|"NO IDENTIFICADA"
139|"4261711D0CF57D222C5DCAF9CD7C883A518101D7"|1|"27"|"027"|"CABLEMAS"|"METRO"|"METROSUR"|"METROPOLITANA"|"MXNORTE"|"HIDALGO"|"PMM TULA"|"TEPEJI DEL RIO"|"TEPEJI DEL RIO"||"Y"|||"TULA"|"NO IDENTIFICADA"
144|"1CAC69D3A34851C790DAD0C0DEEB58898E58B205"|6|"CC29"|"0"|"CABLECOM"|"NORTE"|"METROSUR"|"NORESTE"|"GOLFO"|"SAN LUIS POTOSI"|"SAN LUIS POTOSI"|"SAN LUIS POTOSI"|"SAN LUIS POTOSI"||"Y"|||"SAN LUIS POTOSI"|"NO IDENTIFICADA"
149|"FD9157DFCBDBECC72E7371399EF29B3E0E1D74B8"|8|"CC30"|"0"|"CABLEMAS"|"NORTE"|"NORTE"|"NORESTE"|"CENTRO"|"GUANAJUATO"|"PMC MOROLEON"|"VALLE DE SANTIAGO"|"VALLE DE SANTIAGO"||"Y"|||"MOROLEON"|"NO IDENTIFICADA"
153|"1160F27373D17E7D3654A5DCB2EEB634078A6E17"|8|"CC31"|"0"|"CABLEMAS"|"NORTE"|"NORTE"|"NORESTE"|"CENTRO"|"GUANAJUATO"|"PMC MOROLEON"|"YURIRIA"|"YURIRIA"||"Y"|||"MOROLEON"|"NO IDENTIFICADA"
626|"3652E3A4F96E6149BD6F18197D3E595428426B48"|5|"MTE"|"021"|"CABLEMAS"|"NORTE"|"METROSUR"|"NORESTE"|"GOLFO"|"TAMAULIPAS"|"PMG VALLES"|"MANTE"|"MANTE"||"Y"|"WIZZ"||"VALLES"|"NO IDENTIFICADA"
636|"544CC8C0EF26972B5AAE799352DE5ECA91C1706A"|5|"MTH"|"311"|"TVI"|"NORTE"|"METROSUR"|"NORESTE"|"GOLFO"|"SAN LUIS POTOSI"|"PMG MATEHUALA"|"MATEHUALA"|"MATEHUALA"||"Y"|"WIZZ"||"MATEHUALA"|"NO IDENTIFICADA"
644|"DB2A9A8C42740D885ADAB6C81601034F05DD7697"|5|"UNL"|"701"|"AFIZZIONADOS TV"|"OTROS"||"AFIZZIONADOS TV"||"ND"|"AFIZZIONADOS TV"|"AFIZZIONADOS TV"|"AFIZZIONADOS TV"|"N"|"Y"|"AFIZZIONADOS"||"ND"|"NO IDENTIFICADA"
1980|"7BE4FBE07AC5BCBE325965F2FF7A74455FF91FF8"|3|"TXP"|"098"|"CABLEMAS"|"SUR"|"INTERIOR"|"SURESTE"|"SURESTE"|"VERACRUZ"|"TUXPAM"|"TUXPAM"|"TUXPAM"|||"IZZI"|"TUXPAM"|"SIN PLAZA WR"|"NO IDENTIFICADA"
2354||3|"1"|"759"|"SKY"|"SUR"|"INTERIOR"|"OCCIDENTE"|"OCCIDENTE"|"Jalisco"|"HUB LAGOS DE MORENO"|"NO IDENTIFICADA"|"UNION DE SAN ANTONIO"|"N"||"ND"|"OFFNET"|"SIN PLAZA WR"|"OFF NET"
691|"F9A07596CF697DC5A6CD4059E0C679D3D00E24C2"|3|"SAI"|"440"|"TELECABLE"|"NORTE"|"INTERIOR"|"PACIFICO"|"CENTRO"|"NAYARIT"|"PMC SANTIAGO"|"SANTIAGO IXCUINTLA"|"SANTIAGO IXCUINTLA"||"Y"|"WIZZ"|"SANTIAGO IXCUINTLA"|"SANTIAGO"|"OFF NET"
2412||3|"1"|"759"|"SKY"|"SUR"|"INTERIOR"|"OCCIDENTE"|"OCCIDENTE"|"Jalisco"|"HUB GUADALAJARA"|"NO IDENTIFICADA"|"TLAJOMULCO"|"N"||"ND"|"OFFNET"|"SIN PLAZA WR"|"OFF NET"
2496||3|"1"|"759"|"SKY"|"SUR"|"INTERIOR"|"OCCIDENTE"|"OCCIDENTE"|"Jalisco"|"HUB TEPATITLAN"|"NO IDENTIFICADA"|"YAHUALICA JAL"|"N"||"ND"|"OFFNET"|"SIN PLAZA WR"|"ON NET"
722|"44868F669559FEBA1B26E00AD638B4337C212973"|3|"YUR"|"561"|"CABLEMAS"|"NORTE"|"INTERIOR"|"NORESTE"|"CENTRO"|"GUANAJUATO"|"PMC MOROLEON"|"YURIRIA"|"YURIRIA"||"Y"|"WIZZ"|"YURIRIA"|"MOROLEON"|"OFF NET"
726|"EED1257A10CD2A261AC3FF56F6CCFDF113D5FD2E"|3|"ATX"|"571"|"CABLEMAS"|"SUR"|"INTERIOR"|"SURESTE"|"GOLFO"|"PUEBLA"|"PMG ATLIXCO"|"ATLIXCO"|"ATLIXCO"||"Y"|"WIZZ"|"ATLIXCO"|"IGUALA"|"ON NET"
912|"00984C3976119B4B5D15E6EE65E32C0F6DCA575A"|16|"PR"|"029"|"CABLEMAS"|"SUR"|"METROSUR"|"SURESTE"|"SURESTE"|"YUCATAN"|"MERIDA"|"PROGRESO"|"PUERTO PROGRESO"|"Y"|"Y"|"IZZI"|"PROGRESO"|"MERIDA"|"NO IDENTIFICADA"
916|"E01821B2461EE14F54C5294955620F380B17D2D5"|16|"IL"|"065"|"CABLEMAS"|"SUR"|"METROSUR"|"SURESTE"|"SURESTE"|"YUCATAN"|"VALLADOLID"|"IZAMAL"|"IZAMAL"|"Y"|"Y"|"IZZI"|"IZAMAL"|"MERIDA"|"NO IDENTIFICADA"
920|"BE3241C924B29F69DB859D53D5F08FE53B22A75C"|16|"CO"|"053"|"CABLEMAS"|"NORTE"|"NORTE"|"PACIFICO"|"PACIFICO"|"CHIHUAHUA"|"CHIHUAHUA"|"CUAUHTEMOC"|"CUAUHTEMOC"|"Y"|"Y"|"IZZI"|"CUAUHTEMOC"|"CHIHUAHUA"|"NO IDENTIFICADA"
924|"495FE86C95760EA5BFF28A6B4860977AB22820CF"|16|"PZ"|"024"|"CABLEMAS"|"SUR"|"METROSUR"|"SURESTE"|"GOLFO"|"VERACRUZ"|"POZA RICA"|"POZA RICA"|"POZA RICA"|"Y"|"Y"|"IZZI"|"POZA RICA"|"POZA RICA"|"NO IDENTIFICADA"
928|"A3A70077B62A935A7C3BBE052A39705FB9967620"|16|"CV"|"040"|"CABLEMAS"|"METRO"|"METROSUR"|"METROPOLITANA"|"MXSUR"|"MORELOS"|"CUERNAVACA"|"CUERNAVACA"|"CUERNAVACA"|"Y"|"Y"|"IZZI"|"CUERNAVACA"|"CUERNAVACA"|"NO IDENTIFICADA"
125|"1CD4F7CAB695CA4A411C8966675758E72044467C"|8|"CC24"|"0"|"CABLECOM"|"SUR"|"NORTE"|"OCCIDENTE"|"OCCIDENTE"|"JALISCO"|"PMO LA BARCA"|"LA BARCA"|"LA BARCA"||"Y"|||"TEOCALTICHE"|"NO IDENTIFICADA"
678|"3B2B05CFE428A030F9929A0A8C7DBFFED5C92917"|5|"AME"|"427"|"TELECABLE"|"NORTE"|"NORTE"|"NORESTE"|"CENTRO"|"QUERETARO"|"SAN JUAN DEL RIO"|"AMEALCO"|"AMEALCO"||"Y"|"WIZZ"||"SAN JUAN DEL RIO"|"NO IDENTIFICADA"
150|"E6922A1415E42BDD0FC6FC6E97A8168E005730A1"|7|"TC30"|"0"|"TELECABLE"|"SUR"|"NORTE"|"OCCIDENTE"|"CENTRO"|"JALISCO"|"PMC TEPATITLAN"|"JALOSTOTITLAN"|"JALOSTOTITLAN"||"Y"|||"TEPATITLAN"|"NO IDENTIFICADA"
251|"CA5B4CE3D60551712CD7748A38A35FC15FF29E7B"|4|"ZW4P"|"0"|"TVI"|"NORTE"|"METROSUR"|"NORESTE"|"GOLFO"|"SAN LUIS POTOSI"|"SAN LUIS POTOSI"|"SAN LUIS POTOSI"|"SAN LUIS POTOSI"||"Y"|||"SAN LUIS POTOSI"|"NO IDENTIFICADA"
255|"3AC28B9598F37938E7C625E09D3CF48EDD97BBF6"|6|"CC62"|"0"|"CABLECOM"|"SUR"|"METROSUR"|"SURESTE"|"SURESTE"|"TABASCO"|"PMS CÁRDENAS"|"JALPA"|"JALPA"||"Y"|||"CARDENAS"|"NO IDENTIFICADA"
259|"82E822E1A6262F7E6FBC3A22AE5C17C52A436495"|6|"CC64"|"0"|"CABLECOM"|"SUR"|"METROSUR"|"SURESTE"|"SURESTE"|"TABASCO"|"VILLAHERMOSA"|"MACULTEPEC"|"MACULTEPEC"||"Y"|||"VILLA HERMOSA"|"NO IDENTIFICADA"
263|"9F9275FD38CA1D0BA2BD76263EE577AAD7DC7585"|6|"CC66"|"0"|"CABLECOM"|"SUR"|"METROSUR"|"SURESTE"|"SURESTE"|"TABASCO"|"PMS CÁRDENAS"|"NACAJUCA"|"NACAJUCA"||"Y"|||"CARDENAS"|"NO IDENTIFICADA"
267|"CE50F201F273FBABE0F23463EFCE44DDDF9A1CF7"|6|"CC68"|"0"|"CABLECOM"|"SUR"|"METROSUR"|"SURESTE"|"SURESTE"|"TABASCO"|"PMS CÁRDENAS"|"PARAISO"|"PARAISO"||"Y"|||"CARDENAS"|"NO IDENTIFICADA"
271|"6B05FAC19D5427C12779E8907BA9CE3C3D92FB87"|6|"CC70"|"0"|"CABLECOM"|"SUR"|"METROSUR"|"SURESTE"|"SURESTE"|"TABASCO"|"VILLAHERMOSA"|"PLAYAS"|"PLAYAS DEL ROSARIO"||"Y"|||"VILLA HERMOSA"|"NO IDENTIFICADA"
275|"1AF740290CB25922CC0BEB30BF4E29A7C57422C9"|1|"71"|"071"|"CABLEMAS"|"SUR"|"METROSUR"|"SURESTE"|"SURESTE"|"VERACRUZ"|"COATZACOALCOS"|"COATZACOALCOS"|"COATZACOALCOS"||"Y"|||"COATZACOALCOS"|"NO IDENTIFICADA"
964|"2FAAEB9CB44F1B49E410068FEAD774F42C938C7C"|16|"CQ"|"076"|"CABLEMAS"|"SUR"|"METROSUR"|"SURESTE"|"SURESTE"|"VERACRUZ"|"MINATITLAN"|"COSOLEACAQUE"|"COSOLEACAQUE"|"Y"|"Y"|"IZZI"|"COSOLEACAQUE"|"COATZACOALCOS"|"NO IDENTIFICADA"
1076|"990831E36225D674C6D5270687A5A1BE23F377C6"|16|"TEQ"|"425"|"TELECABLE"|"SUR"|"NORTE"|"OCCIDENTE"|"OCCIDENTE"|"JALISCO"|"PMO TEQUILA"|"TEQUILA"|"TEQUILA"||"Y"|"WIZZ"|"TEQUILA"|"TEPATITLAN"|"NO IDENTIFICADA"
1090|"8EABB6EED760BB1B24C8D07AD350B9CD52ED2F3B"|16|"JTN"|"446"|"TELECABLE"|"SUR"|"NORTE"|"OCCIDENTE"|"CENTRO"|"JALISCO"|"PMC TEPATITLAN"|"JALOSTOTITLAN"|"JALOSTOTITLAN"||"Y"|"WIZZ"|"JALOSTOTITLAN"|"TEPATITLAN"|"NO IDENTIFICADA"
976|"65186103962E35725D4409D9677CE2DE9E7D2B28"|16|"REP"|"301"|"CABLECOM"|"NORTE"|"NORTE"|"NORESTE"|"NORESTE"|"COAHUILA"|"COAHUILA"|"SALTILLO"|"SALTILLO"|"Y"|"N"|"IZZI"|"SALTILLO"|"SALTILLO"|"NO IDENTIFICADA"
2406||3|"1"|"759"|"SKY"|"SUR"|"INTERIOR"|"OCCIDENTE"|"OCCIDENTE"|"Guerrero"|"HUB OMETEPEC"|"NO IDENTIFICADA"|"SAN MARCOS"|"N"||"ND"|"OFFNET"|"SIN PLAZA WR"|"OFF NET"
703|"39790E8B89B833AD974139F6E42AA2E0580C9D31"|3|"JTN"|"446"|"TELECABLE"|"SUR"|"INTERIOR"|"OCCIDENTE"|"CENTRO"|"JALISCO"|"PMC TEPATITLAN"|"JALOSTOTITLAN"|"JALOSTOTITLAN"||"Y"|"WIZZ"|"JALOSTOTITLAN"|"TEPATITLAN"|"ON NET"
709|"ACE3B3CDFA1F889E8CB80A054D6A82E6FABE5069"|3|"SMA"|"448"|"TELECABLE"|"SUR"|"INTERIOR"|"OCCIDENTE"|"CENTRO"|"JALISCO"|"PMC TEPATITLAN"|"SAN MIGUEL EL ALTO"|"SAN MIGUEL EL ALTO"||"Y"|"WIZZ"|"SAN MIGUEL EL ALTO"|"TEPATITLAN"|"ON NET"
711|"BFB3F7CAF4BC086638556E1235DA99DC0756D9AD"|3|"TEP"|"408"|"TELECABLE"|"SUR"|"INTERIOR"|"OCCIDENTE"|"CENTRO"|"JALISCO"|"PMC TEPATITLAN"|"TEPATITLAN"|"TEPATITLAN"||"Y"|"WIZZ"|"TEPATITLAN"|"TEPATITLAN"|"ON NET"
967|"59B8F0651C5693721D5188B06BE67BF4195D9E1D"|16|"ZN"|"400"|"TELECABLE"|"SUR"|"NORTE"|"OCCIDENTE"|"OCCIDENTE"|"JALISCO"|"ZAPOPAN"|"ZAPOPAN"|"ZAPOPAN"|"Y"|"N"|"IZZI"|"ZAPOPAN"|"ZAPOPAN"|"NO IDENTIFICADA"
404|"7679A2759710330B1197013AF395E86B94146142"|5|"PC"|"037"|"CABLEMAS"|"SUR"|"METROSUR"|"SURESTE"|"SURESTE"|"QUINTANA ROO"|"PLAYA DEL CARMEN"|"PLAYA DEL CARMEN"|"PLAYA DEL CARMEN"||"Y"|"IZZI"||"CANCUN"|"NO IDENTIFICADA"
412|"1CA7987AD436446CF1345B8CFD44F21094D87C87"|5|"APO"|"300"|"TVI"|"NORTE"|"NORTE"|"NORESTE"|"NORESTE"|"NUEVO LEON"|"MONTERREY"|"APODACA"|"APODACA"||"Y"|"IZZI"||"MTY - SENDERO"|"NO IDENTIFICADA"
420|"EFD6853F108AAD995E0598F911EAEAC30A4B831F"|5|"ESC"|"300"|"TVI"|"NORTE"|"NORTE"|"NORESTE"|"NORESTE"|"NUEVO LEON"|"MONTERREY"|"ESCOBEDO"|"ESCOBEDO"||"Y"|"IZZI"||"MTY - SENDERO"|"NO IDENTIFICADA"
428|"D26C331395F9AC562A68C6AE5CED5928F8404112"|5|"LNC"|"300"|"TVI"|"NORTE"|"NORTE"|"NORESTE"|"NORESTE"|"NUEVO LEON"|"MONTERREY"|"LINCOLN"|"LINCOLN"||"Y"|"IZZI"||"MTY - SENDERO"|"NO IDENTIFICADA"
436|"66005B49CAC20007C32CEC78BF057179CA17C23C"|5|"SBA"|"300"|"TVI"|"NORTE"|"NORTE"|"NORESTE"|"NORESTE"|"NUEVO LEON"|"MONTERREY"|"SANTA BARBARA"|"SANTA BARBARA"||"Y"|"IZZI"||"MTY - SANTA CATARINA"|"NO IDENTIFICADA"
446|"039E48435A55AB7B516F8157AAD3616ED2A5FD8C"|5|"RG"|"000"|"CABLEVISIÓN"|"METRO"|"METROSUR"|"METROPOLITANA"|"MXSUR"|"CIUDAD DE MEXICO"|"ROJO GOMEZ"|"METROPOLITANA"|"ROJO GOMEZ"||"Y"|"IZZI"||"ROJO GOMEZ"|"NO IDENTIFICADA"
72|"0900D79FADD97151BBB1B7A45307F87D049C394D"|6|"CC12"|"0"|"CABLEMAS"|"METRO"|"METROSUR"|"METROPOLITANA"|"MXCENTRO"|"MEXICO"|"CHIMALHUACAN"|"NEZAHUALCOYOTL"|"NEZAHUALCOYOTL"||"Y"|||"CHIMALHUACAN"|"NO IDENTIFICADA"
76|"66F314A8CCEDC1615404E162CE0B51CA9BE731E4"|4|"59KD"|"0"|"TELECABLE"|"NORTE"|"METROSUR"|"NORESTE"|"GOLFO"|"TAMAULIPAS"|"ALTAMIRA"|"ALTAMIRA"|"ALTAMIRA"||"Y"|||"ALTAMIRA"|"NO IDENTIFICADA"
80|"2767BBE9390286A1EDEC07969E81E7CA24BCAD08"|2|"13"|"013"|"CABLEMAS"|"NORTE"|"NORTE"|"PACIFICO"|"PACIFICO"|"BAJA CALIFORNIA"|"TIJUANA"|"TECATE"|"TECATE"||"Y"|||"TIJUANA"|"NO IDENTIFICADA"
84|"E7D32B82AC2718BC169FBA3D2C518CB27E636DA9"|4|"OLA1"|"0"|"TVI"|"NORTE"|"METROSUR"|"NORESTE"|"GOLFO"|"TAMAULIPAS"|"MATAMOROS"|"MATAMOROS"|"MATAMOROS"||"Y"|||"MATAMOROS"|"NO IDENTIFICADA"
88|"B2E328D0DF3556667667610D798C9C91B87786D7"|8|"CC15"|"0"|"CABLEMAS"|"METRO"|"METROSUR"|"METROPOLITANA"|"MXNORTE"|"ND"|"ECATEPEC"|"TELEMEDIA"|"TELEMEDIA"||"Y"|||"ND"|"NO IDENTIFICADA"
92|"81884951F3AE21E8E67C9F3555B4F8AD2C1B3B9E"|6|"CC16"|"0"|"CABLEMAS"|"METRO"|"METROSUR"|"METROPOLITANA"|"MXNORTE"|"MEXICO"|"MELCHOR OCAMPO"|"MELCHOR"|"TEOLOYUCAN"||"Y"|||"MELCHOR OCAMPO"|"NO IDENTIFICADA"
96|"CDA53B025A8246BD5883FB068C582821435F9B01"|6|"CC17"|"0"|"CABLEMAS"|"METRO"|"METROSUR"|"METROPOLITANA"|"MXNORTE"|"MEXICO"|"ECATEPEC"|"TEPEXPAN"|"TEPEXPAN"||"Y"|||"ECATEPEC"|"NO IDENTIFICADA"
100|"C552EA2F63902BE62167CF3B2BD4F74E6E1DA769"|6|"CC18"|"0"|"CABLEMAS"|"METRO"|"METROSUR"|"METROPOLITANA"|"MXNORTE"|"MEXICO"|"MELCHOR OCAMPO"|"MELCHOR"|"TEPOTZOTLAN"||"Y"|||"MELCHOR OCAMPO"|"NO IDENTIFICADA"
104|"399391EED30305334BDDA1EA2FE537670D3046DE"|6|"CC19"|"0"|"CABLEMAS"|"METRO"|"METROSUR"|"METROPOLITANA"|"MXCENTRO"|"MEXICO"|"CHIMALHUACAN"|"TEXCOCO"|"TEXCOCO"||"Y"|||"CHIMALHUACAN"|"NO IDENTIFICADA"
109|"9417F08BEB4422C05481D9B1CBE0174518B17221"|8|"CC20"|"0"|"CABLEMAS"|"METRO"|"METROSUR"|"METROPOLITANA"|"MXNORTE"|"MEXICO"|"MELCHOR OCAMPO"|"TULTEPEC"|"TULTEPEC"||"Y"|||"MELCHOR OCAMPO"|"NO IDENTIFICADA"
113|"7889AB93E7078C1C5BBC8D8D7948804A4957ADCE"|8|"CC21"|"0"|"CABLEMAS"|"METRO"|"METROSUR"|"METROPOLITANA"|"MXNORTE"|"MEXICO"|"MELCHOR OCAMPO"|"TULTITLAN"|"TULTITLAN"||"Y"|||"MELCHOR OCAMPO"|"NO IDENTIFICADA"
117|"DAF490BE14ED619B41DC59E118F65B3B318FBD2A"|8|"CC22"|"0"|"CABLEMAS"|"METRO"|"METROSUR"|"METROPOLITANA"|"MXNORTE"|"MEXICO"|"MELCHOR OCAMPO"|"ZUMPANGO"|"ZUMPANGO"||"Y"|||"MELCHOR OCAMPO"|"NO IDENTIFICADA"
121|"BBA1951E9B6DE4C52C107BAEB3C39109E3F6BF8B"|8|"CC23"|"0"|"CABLEMAS"|"NORTE"|"NORTE"|"NORESTE"|"CENTRO"|"GUANAJUATO"|"PMC MOROLEON"|"ACAMBARO"|"ACAMBARO"||"Y"|||"MOROLEON"|"NO IDENTIFICADA"
158|"F461C63EA7A845941CA4D803F3DF0CCA2393E6B9"|7|"TC32"|"0"|"TELECABLE"|"SUR"|"NORTE"|"OCCIDENTE"|"CENTRO"|"JALISCO"|"PMC TEPATITLAN"|"SAN JULIAN"|"SAN JULIAN"||"Y"|||"TEPATITLAN"|"NO IDENTIFICADA"
129|"C91714A267244A183FE97EB0E76D66A082DB5A2D"|8|"CC25"|"0"|"CABLECOM"|"NORTE"|"NORTE"|"NORESTE"|"NORESTE"|"COAHUILA"|"PIEDRAS NEGRAS"|"PIEDRAS NEGRAS"|"PIEDRAS NEGRAS"||"Y"|||"PIEDRAS NEGRAS"|"NO IDENTIFICADA"
170|"A0986F563FA52C1AB4EBBE67E8DCAC62B5235E0B"|7|"TC35"|"0"|"TELECABLE"|"SUR"|"NORTE"|"OCCIDENTE"|"OCCIDENTE"|"JALISCO"|"PMO TEQUILA"|"TEQUILA"|"TEQUILA"||"Y"|||"TEPATITLAN"|"NO IDENTIFICADA"
137|"C4738A34EB56323A47A23A6CA20FB678698B112A"|8|"CC27"|"0"|"TVI"|"NORTE"|"METROSUR"|"NORESTE"|"GOLFO"|"TAMAULIPAS"|"REYNOSA"|"REYNOSA"|"REYNOSA"||"Y"|||"REYNOSA"|"NO IDENTIFICADA"
612|"6DCF0B116C9B76A3435D54DC004F0653083146E3"|5|"OJU"|"094"|"CABLEMAS"|"SUR"|"NORTE"|"OCCIDENTE"|"CENTRO"|"JALISCO"|"PMC TEOCALTICHE"|"OJUELOS"|"OJUELOS"||"Y"|"WIZZ"||"TEOCALTICHE"|"NO IDENTIFICADA"
147|"6F46AB9760C7852A37D50B0D649F0EAE63099F01"|1|"29"|"029"|"CABLEMAS"|"SUR"|"METROSUR"|"SURESTE"|"SURESTE"|"YUCATAN"|"MERIDA"|"PROGRESO"|"PUERTO PROGRESO"||"Y"|||"MERIDA"|"NO IDENTIFICADA"
151|"0E59B9DBBE9309C66595A103C3D2DB423DD7146F"|1|"30"|"030"|"CABLEMAS"|"SUR"|"METROSUR"|"SURESTE"|"SURESTE"|"CAMPECHE"|"CAMPECHE"|"CAMPECHE"|"CAMPECHE"||"Y"|||"CAMPECHE"|"NO IDENTIFICADA"
155|"F275A2EE668B7163FC7C396D8E661D223BDF17B0"|1|"31"|"031"|"CABLEMAS"|"SUR"|"METROSUR"|"SURESTE"|"SURESTE"|"YUCATAN"|"MERIDA"|"MERIDA"|"MERIDA"||"Y"|||"MERIDA"|"NO IDENTIFICADA"
630|"A16AB96C6A4EFC26F6C626B450FE95330BD6C53A"|5|"TPR"|"027"|"CABLEMAS"|"METRO"|"METROSUR"|"METROPOLITANA"|"MXNORTE"|"HIDALGO"|"PMM TULA"|"TEPEJI DEL RIO"|"TEPEJI DEL RIO"||"Y"|"WIZZ"||"TULA"|"NO IDENTIFICADA"
640|"C6A9D91AD0D410D555EE1C81B99C104851093039"|5|"MCV"|"312"|"TVI"|"NORTE"|"NORTE"|"NORESTE"|"NORESTE"|"COAHUILA"|"MONCLOVA"|"MONCLOVA"|"MONCLOVA"||"Y"|"WIZZ"||"MONCLOVA"|"NO IDENTIFICADA"
1983|"7BE4FBE07AC5BCBE325965F2FF7A74455FF91FF8"|3|"TXPR"|"098"|"CABLEMAS"|"SUR"|"INTERIOR"|"SURESTE"|"GOLFO"|"VERACRUZ"|"TUXPAM"|"TUXPAM"|"TUXPAM"|||"IZZI"|"TUXPAM"|"SIN PLAZA WR"|"NO IDENTIFICADA"
2350||3|"1"|"759"|"SKY"|"SUR"|"INTERIOR"|"OCCIDENTE"|"OCCIDENTE"|"Jalisco"|"HUB GUADALAJARA"|"NO IDENTIFICADA"|"SAN CRISTOBAL DE LA BARRANCA"|"N"||"ND"|"OFFNET"|"SIN PLAZA WR"|"OFF NET"
685|"DD58A24620B5CB839AC353CF379948A1DD0A9A52"|3|"ACP"|"415"|"TELECABLE"|"NORTE"|"INTERIOR"|"PACIFICO"|"CENTRO"|"NAYARIT"|"PMC SANTIAGO"|"ACAPONETA"|"ACAPONETA"||"Y"|"WIZZ"|"ACAPONETA"|"SANTIAGO"|"NO IDENTIFICADA"
695|"62EB8C6D115C7E93DD7D31625FE65D65320090D3"|3|"TUX"|"417"|"TELECABLE"|"NORTE"|"INTERIOR"|"PACIFICO"|"CENTRO"|"NAYARIT"|"PMC SANTIAGO"|"TUXPAN"|"TUXPAN"||"Y"|"WIZZ"|"TUXPAN"|"SANTIAGO"|"NO IDENTIFICADA"
2453||3|"1"|"759"|"SKY"|"SUR"|"INTERIOR"|"OCCIDENTE"|"OCCIDENTE"|"Jalisco"|"HUB CIUDAD GUZMAN"|"NO IDENTIFICADA"|"JOCOTEPEC"|"N"||"ND"|"OFFNET"|"SIN PLAZA WR"|"ON NET"
2498||3|"1"|"759"|"SKY"|"SUR"|"INTERIOR"|"OCCIDENTE"|"OCCIDENTE"|"Jalisco"|"HUB CIUDAD GUZMAN"|"NO IDENTIFICADA"|"TOLIMAN"|"N"||"ND"|"OFFNET"|"SIN PLAZA WR"|"OFF NET"
724|"E094D374CAEECC58C1BB3F0BB275A13335147D01"|3|"PAR"|"536"|"CABLECOM"|"SUR"|"INTERIOR"|"SURESTE"|"SURESTE"|"TABASCO"|"PMS CÁRDENAS"|"PARAISO"|"PARAISO"||"Y"|"WIZZ"|"PARAISO"|"CARDENAS"|"NO IDENTIFICADA"
729|"2BA340CEF0B3C4CF53FA4FF820AF562D2163969B"|3|"IZM"|"568"|"CABLECOM"|"SUR"|"INTERIOR"|"SURESTE"|"GOLFO"|"PUEBLA"|"PMG ATLIXCO"|"IZUCAR DE MATAMOROS"|"IZUCAR DE MATAMOROS"||"Y"|"WIZZ"|"IZUCAR DE MATAMOROS"|"IGUALA"|"OFF NET"
914|"541ECCA89CEC8642C3F57AADA5AA99DD0BD58226"|16|"BT"|"061"|"CABLEMAS"|"SUR"|"METROSUR"|"SURESTE"|"SURESTE"|"YUCATAN"|"VALLADOLID"|"BUCTZOTZ"|"BUCTZOTZ"|"Y"|"Y"|"IZZI"|"BUCTZOTZ"|"MERIDA"|"NO IDENTIFICADA"
918|"AA60FB3F715504B88E17904A884BACC75E5C3998"|16|"TZ"|"069"|"CABLEMAS"|"SUR"|"METROSUR"|"SURESTE"|"SURESTE"|"YUCATAN"|"VALLADOLID"|"TIZIMIN"|"TIZIMIN"|"Y"|"Y"|"IZZI"|"TIZIMIN"|"MERIDA"|"NO IDENTIFICADA"
922|"4963695D9567FC7CD27236748F0205BFF6DB933C"|16|"PA"|"055"|"CABLEMAS"|"NORTE"|"NORTE"|"PACIFICO"|"PACIFICO"|"CHIHUAHUA"|"CHIHUAHUA"|"PARRAL"|"PARRAL"|"Y"|"Y"|"IZZI"|"PARRAL"|"CHIHUAHUA"|"NO IDENTIFICADA"
926|"F914EFF681EEBF83614C1E6C549B8C2E32CC9F96"|16|"TH"|"090"|"CABLEMAS"|"SUR"|"METROSUR"|"SURESTE"|"GOLFO"|"VERACRUZ"|"POZA RICA"|"TIHUATLAN"|"TIHUATLAN"|"Y"|"Y"|"IZZI"|"TIHUATLAN"|"POZA RICA"|"NO IDENTIFICADA"
123|"71423DD650D5406F0BE51AFE4E0EB22ABA504B7F"|1|"23"|"023"|"CABLEMAS"|"SUR"|"NORTE"|"OCCIDENTE"|"OCCIDENTE"|"JALISCO"|"OCOTLAN"|"OCOTLAN"|"OCOTLAN"||"Y"|||"OCOTLAN"|"NO IDENTIFICADA"
134|"19488214803A675B8CE1BDDF361A18BAA90DCE19"|7|"TC26"|"0"|"TELECABLE"|"SUR"|"NORTE"|"OCCIDENTE"|"OCCIDENTE"|"JALISCO"|"PMO TEQUILA"|"AMECA"|"AMECA"||"Y"|||"TEPATITLAN"|"NO IDENTIFICADA"
249|"B9A85DD490D4D0B8DC2C610EFAF9588300A4ECD6"|6|"CC60"|"0"|"CABLECOM"|"SUR"|"METROSUR"|"SURESTE"|"SURESTE"|"VERACRUZ"|"PMS VERACRUZ"|"HUATUSCO"|"HUATUSCO"||"Y"|||"VERACRUZ"|"NO IDENTIFICADA"
253|"3097E02D5C66CC596A8831EDB72B98845E28B97C"|6|"CC61"|"0"|"CABLECOM"|"SUR"|"METROSUR"|"SURESTE"|"SURESTE"|"TABASCO"|"PMS CÁRDENAS"|"HUIMANGUILLO"|"HUIMANGUILLO"||"Y"|||"CARDENAS"|"NO IDENTIFICADA"
257|"C1AC75993B022AE953E8729C5E2D39C1F08D5E38"|6|"CC63"|"0"|"CABLEMAS"|"SUR"|"METROSUR"|"SURESTE"|"SURESTE"|"VERACRUZ"|"PMS LOS TUXTLAS"|"LERDO"|"LERDO DE TEJADA"||"Y"|||"VERACRUZ"|"NO IDENTIFICADA"
261|"16FC3969589DA0230384A3D065C05AF82EAF6968"|6|"CC65"|"0"|"CABLECOM"|"SUR"|"METROSUR"|"SURESTE"|"SURESTE"|"TABASCO"|"PMS CÁRDENAS"|"MACUSPANA"|"MACUSPANA"||"Y"|||"CARDENAS"|"NO IDENTIFICADA"
265|"5562AD9B4C22416B99C71A5129B3E0F84E2F2B2F"|6|"CC67"|"0"|"CABLEMAS"|"SUR"|"METROSUR"|"SURESTE"|"SURESTE"|"VERACRUZ"|"ORIZABA"|"ORIZABA"|"ORIZABA"||"Y"|||"ORIZABA"|"NO IDENTIFICADA"
269|"5045F404D093C9432A4A1A71C5DA92DD384DF342"|6|"CC69"|"0"|"CABLECOM"|"SUR"|"METROSUR"|"SURESTE"|"SURESTE"|"TABASCO"|"VILLAHERMOSA"|"PARRILLA"|"PARRILLA"||"Y"|||"VILLA HERMOSA"|"NO IDENTIFICADA"
273|"75B9B12C2DB1AEA87CCF5F190C6B723A9C9FB472"|6|"CC71"|"0"|"CABLEMAS"|"SUR"|"METROSUR"|"SURESTE"|"SURESTE"|"VERACRUZ"|"ORIZABA"|"RIO BLANCO"|"RIO BLANCO"||"Y"|||"ORIZABA"|"NO IDENTIFICADA"
962|"0DC3682D23D41ABC366D5B127B98748E6EB7CEA3"|16|"NN"|"073"|"CABLEMAS"|"SUR"|"METROSUR"|"SURESTE"|"SURESTE"|"VERACRUZ"|"COATZACOALCOS"|"NANCHITAL"|"NANCHITAL"|"Y"|"Y"|"IZZI"|"NANCHITAL"|"COATZACOALCOS"|"NO IDENTIFICADA"
1074|"A02464372444F3B276F0B3FDD7D2EDAD2FC7CE2C"|16|"AMC"|"404"|"TELECABLE"|"SUR"|"NORTE"|"OCCIDENTE"|"OCCIDENTE"|"JALISCO"|"PMO TEQUILA"|"AMECA"|"AMECA"||"Y"|"WIZZ"|"AMECA"|"TEPATITLAN"|"NO IDENTIFICADA"
1088|"BBBA503D708C6E9A93CBB1E61816834728058E96"|16|"CIH"|"435"|"TELECABLE"|"SUR"|"NORTE"|"OCCIDENTE"|"OCCIDENTE"|"JALISCO"|"MANZANILLO"|"CIHUATLAN"|"CIHUATLAN"||"Y"|"WIZZ"|"CIHUATLAN"|"MANZANILLO"|"NO IDENTIFICADA"
974|"65186103962E35725D4409D9677CE2DE9E7D2B28"|16|"RAR"|"301"|"CABLECOM"|"NORTE"|"NORTE"|"NORESTE"|"NORESTE"|"COAHUILA"|"COAHUILA"|"SALTILLO"|"SALTILLO"|"Y"|"N"|"IZZI"|"SALTILLO"|"SALTILLO"|"NO IDENTIFICADA"
1092|"F6751C37DF3E370D81F8E4982F16A25E23A5A30E"|16|"SJN"|"447"|"TELECABLE"|"SUR"|"NORTE"|"OCCIDENTE"|"CENTRO"|"JALISCO"|"PMC TEPATITLAN"|"SAN JULIAN"|"SAN JULIAN"||"Y"|"WIZZ"|"SAN JULIAN"|"TEPATITLAN"|"NO IDENTIFICADA"
692|"F1DD100C869E42D80878C3251A5241BBE762EA9F"|5|"SAI"|"440"|"TELECABLE"|"NORTE"|"NORTE"|"PACIFICO"|"CENTRO"|"NAYARIT"|"PMC SANTIAGO"|"SANTIAGO IXCUINTLA"|"SANTIAGO IXCUINTLA"||"Y"|"WIZZ"||"SANTIAGO"|"NO IDENTIFICADA"
2953||3|||"SKY"|"NORTE"|"INTERIOR"|"NORESTE"|"GOLFO"|"SAN LUIS POTOSI"|"HUB VALLES"|"HUB VALLES"|"SAN VICENTE TANCUAYALAB"||||"Sin RPT"||"OFF NET"
2957||3|||"SKY"|"SUR"|"INTERIOR"|"OCCIDENTE"|"SURESTE"|"OAXACA"|"HUB PINOTEPA"|"HUB PINOTEPA"|"CACAHUATEPEC"||||"Sin RPT"||"OFF NET"
2961||3|||"TELECABLE"|"METRO"|"METRO"|"METROPOLITANA"|"MXNORTE"|"CIUDAD DE MEXICO"|"HUB CUAJIMALPA"|"HUB CUAJIMALPA"|"CUAJIMALPA"||||"Sin RPT"||"ON NET"
2965||3|||"SKY"|"SUR"|"INTERIOR"|"OCCIDENTE"|"SURESTE"|"OAXACA"|"HUB HUAJUAPAN"|"HUB HUAJUAPAN"|"TEOTITLAN"||||"Sin RPT"||"OFF NET"
2969||3|||"CABLEMAS"|"NORTE"|"NORTE"|"PACIFICO"|"PACIFICO"|"BAJA CALIFORNIA"|"HUB ENSENADA"|"HUB ENSENADA"|"SAN QUINTIN"||||"Sin RPT"||"OFF NET"
2973||3|||"CABLEMAS"|"SUR"|"INTERIOR"|"OCCIDENTE"|"OCCIDENTE"|"COLIMA"|"HUB VILLA DE ALVAREZ"|"HUB VILLA DE ALVAREZ"|"VILLA DE ALVAREZ"||||"Sin RPT"||"OFF NET"
2977||3|||"SKY"|"SUR"|"INTERIOR"|"SURESTE"|"SURESTE"|"CHIAPAS"|"HUB REFORMA"|"HUB REFORMA"|"SOYALO"||||"Sin RPT"||"OFF NET"
2981||3|||"SKY"|"NORTE"|"NORTE"|"PACIFICO"|"PACIFICO"|"CHIHUAHUA"|"HUB CUAUHTEMOC CHIH"|"HUB CUAUHTEMOC CHIH"|"TEMOSACHIC"||||"Sin RPT"||"OFF NET"
2985||3|||"TELECABLE"|"SUR"|"INTERIOR"|"OCCIDENTE"|"OCCIDENTE"|"JALISCO"|"HUB TEPATITLAN"|"HUB TEPATITLAN"|"TEPATITLAN"||||"Sin RPT"||"ON NET"
2989||3|||"SKY"|"SUR"|"INTERIOR"|"OCCIDENTE"|"OCCIDENTE"|"JALISCO"|"HUB TEPATITLAN"|"HUB TEPATITLAN"|"ZAPOTLAN"||||"Sin RPT"||"OFF RED"
2993||3|||"CABLEMAS"|"METRO"|"METRO"|"METROPOLITANA"|"MXSUR"|"MORELOS"|"HUB PUENTE DE IXTLA"|"HUB PUENTE DE IXTLA"|"MIACATLAN"||||"Sin RPT"||"OFF NET"
2998||3|||"SKY"|"NORTE"|"INTERIOR"|"PACIFICO"|"CENTRO"|"NAYARIT"|"HUB DEL NAYAR"|"HUB DEL NAYAR"|"SANTA MARIA DEL ORO"||||"Sin RPT"||"OFF RED"
3003||3|||"SKY"|"SUR"|"INTERIOR"|"OCCIDENTE"|"SURESTE"|"OAXACA"|"HUB JUXTLAHUACA"|"HUB JUXTLAHUACA"|"ZAHUATLAN"||||"Sin RPT"||"OFF NET"
3008||3|||"SKY"|"SUR"|"INTERIOR"|"SURESTE"|"GOLFO"|"PUEBLA"|"HUB TEHUACAN"|"HUB TEHUACAN"|"TEPANCO"||||"Sin RPT"||"OFF NET"
3013||3|||"CABLECOM"|"SUR"|"INTERIOR"|"SURESTE"|"SURESTE"|"TABASCO"|"HUB CENTLA"|"HUB CENTLA"|"JONUTA"||||"Sin RPT"||"OFF RED"
3017||3|||"CABLEMAS"|"SUR"|"INTERIOR"|"SURESTE"|"GOLFO"|"VERACRUZ"|"HUB COATZACOALCOS"|"HUB COATZACOALCOS"|"AGUA DULCE"||||"Sin RPT"||"OFF NET"
3021||3|||"SKY"|"SUR"|"INTERIOR"|"SURESTE"|"GOLFO"|"VERACRUZ"|"HUB TIERRA BLANCA"|"HUB TIERRA BLANCA"|"TLALIXCOYAN"||||"Sin RPT"||"OFF NET"
3026||3||||"SUR"|"INTERIOR"|"SURESTE"|"GOLFO"|"VERACRUZ"|"HUB POZA RICA"|"HUB POZA RICA"|"ESPINAL"||||"Sin RPT"||"OFF RED"
3030||3|||"SKY"|"NORTE"|"NORTE"|"PACIFICO"|"PACIFICO"|"BAJA CALIFORNIA SUR"|"HUB LOS CABOS"|"HUB LOS CABOS"|"LOS CABOS"||||"Sin RPT"||"OFF NET"
3034||3|||"SKY"|"NORTE"|"NORTE"|"PACIFICO"|"PACIFICO"|"CHIHUAHUA"|"HUB JUAREZ"|"HUB JUAREZ"|"ASCENSION"||||"Sin RPT"||"OFF NET"
3040||3|||"CABLEMAS"|"SUR"|"INTERIOR"|"OCCIDENTE"|"OCCIDENTE"|"MICHOACAN"|"HUB ZITACUARO"|"HUB ZITACUARO"|"HIDALGO MICH"||||"Sin RPT"||"OFF NET"
3044||3|||"TVI"|"NORTE"|"NORTE"|"NORESTE"|"NORESTE"|"NUEVO LEON"|"HUB MONTERREY"|"HUB MONTERREY"|"SALINAS VICTORIA"||||"Sin RPT"||"ON NET"
3294||3|||"CABLECOM"|"SUR"|"INTERIOR"|"SURESTE"|"GOLFO"|"PUEBLA"|"HUB AMOZOC"|"HUB AMOZOC"|"AMOZOC"||||"Sin RPT"||"OFF NET"
3298||3|||"SKY"|"NORTE"|"INTERIOR"|"NORESTE"|"GOLFO"|"SAN LUIS POTOSI"|"HUB RIOVERDE"|"HUB RIOVERDE"|"RAYON"||||"Sin RPT"||"OFF RED"
3303||3|||"CABLECOM"|"SUR"|"INTERIOR"|"SURESTE"|"GOLFO"|"PUEBLA"|"HUB ZACATLAN"|"HUB ZACATLAN"|"TLAOLA"||||"Sin RPT"||"OFF RED"
3307||3||||"NORTE"|"INTERIOR"|"PACIFICO"|"CENTRO"|"ZACATECAS"|"HUB NOCHISTLAN"|"HUB NOCHISTLAN"|"TEUL"||||"Sin RPT"||"OFF NET"
3312||3|||"SKY"|"SUR"|"INTERIOR"|"SURESTE"|"SURESTE"|"CHIAPAS"|"HUB REFORMA"|"HUB REFORMA"|"CHIS JUAREZ"||||"Sin RPT"||"OFF RED"
3316||3|||"CABLECOM"|"METRO"|"METRO"|"METROPOLITANA"|"MXNORTE"|"HIDALGO"|"HUB HUEJUTLA"|"HUB HUEJUTLA"|"HGO TIANGUISTENGO"||||"Sin RPT"||"OFF RED"
3320||3|||"TELECABLE"|"NORTE"|"INTERIOR"|"NORESTE"|"CENTRO"|"GUANAJUATO"|"HUB PENJAMO"|"HUB PENJAMO"|"MANUEL DOBLADO"||||"Sin RPT"||"OFF NET"
452|"8CBF215B6674AE14B0804B38EC11D50633F61F69"|5|"GD"|"000"|"CABLEVISIÓN"|"METRO"|"METROSUR"|"METROPOLITANA"|"MXCENTRO"|"CIUDAD DE MEXICO"|"GARCIA DIEGO"|"METROPOLITANA"|"GARCIA DIEGO"||"Y"|"IZZI"||"GARCIA DIEGO"|"NO IDENTIFICADA"
462|"510D0033CCB0C3A30B52DCCC1922D482A17CC1DF"|5|"CQ"|"076"|"CABLEMAS"|"SUR"|"METROSUR"|"SURESTE"|"SURESTE"|"VERACRUZ"|"MINATITLAN"|"COSOLEACAQUE"|"COSOLEACAQUE"||"Y"|"IZZI"||"COATZACOALCOS"|"NO IDENTIFICADA"
1037|"EDF75FE0AE8B882040D23ECC22F69B1745F912B5"|16|"CAL"|"096"|"CABLEMAS"|"SUR"|"NORTE"|"OCCIDENTE"|"CENTRO"|"AGUASCALIENTES"|"PMC TEOCALTICHE"|"CALVILLO"|"CALVILLO"|"N"|"Y"|"WIZZ"|"CALVILLO"|"TEOCALTICHE"|"NO IDENTIFICADA"
486|"0E365CD4A500BC4EEE91ADD52C3E40D8D68FF783"|5|"REP"|"301"|"CABLECOM"|"NORTE"|"NORTE"|"NORESTE"|"NORESTE"|"COAHUILA"|"COAHUILA"|"SALTILLO"|"SALTILLO"||"N"|"IZZI"||"SALTILLO"|"NO IDENTIFICADA"
574|"00AF70B040C4A5F7F4C523ED80FB415BADB39E76"|5|"ECT"|"581"|"CABLEMAS"|"METRO"|"METROSUR"|"METROPOLITANA"|"MXNORTE"|"MEXICO"|"ECATEPEC"|"SAN JUAN"|"SAN JUAN TEOTIHUACAN"||"Y"|"IZZI"||"ECATEPEC"|"NO IDENTIFICADA"
582|"33E0D79DFAEA5C507D562931D6B1BFB63FCA3809"|5|"CMM"|"081"|"CABLEMAS"|"METRO"|"METROSUR"|"METROPOLITANA"|"MXCENTRO"|"MEXICO"|"CHIMALHUACAN"|"LOS REYES ACAQUILPAN"|"LOS REYES ACAQUILPAN"||"N"|"IZZI"||"CHIMALHUACAN"|"NO IDENTIFICADA"
592|"320036E5FA6D8F9C5690BE80D47590B73CE6A2CB"|5|"VHA"|"542"|"CABLECOM"|"SUR"|"METROSUR"|"SURESTE"|"SURESTE"|"TABASCO"|"VILLAHERMOSA"|"PLAYAS"|"PLAYAS DEL ROSARIO"||"Y"|"IZZI"||"VILLA HERMOSA"|"NO IDENTIFICADA"
30|"397386A4D7012BA0F70BFBD338472FB89F9F1C3E"|11|"AXT3"|"0"|"AXTEL"|"AX"||"NUEVO LEON AX"||"ND"|"MONTERREY AX"|"0"|"MONTERREY AX"||"Y"|||"ND"|"NO IDENTIFICADA"
34|"3115EB2B9425936A49EDA8F0BC752E1C17F3DCB2"|4|"59JT"|"0"|"TVI"|"NORTE"|"METROSUR"|"NORESTE"|"GOLFO"|"TAMAULIPAS"|"REYNOSA TVI"|"REYNOSA"|"REYNOSA"||"Y"|||"REYNOSA"|"NO IDENTIFICADA"
2130|"787D41D9C35C57EF9E4ABA799BACEFAC312149A4"|30||"0"|"SKY"|"SUR"|"NORTE"|"OCCIDENTE"|"CENTRO"|"AGUASCALIENTES"|"SKY - AGUASCALIENTES"|"SKY - AGUASCALIENTES"|"SKY - AGUASCALIENTES"|||||"SIN PLAZA WR"|"NO IDENTIFICADA"
42|"D8D581DBB6E65735F44DED19E687CA1947BD14E8"|8|"CC5"|"0"|"CABLECOM"|"NORTE"|"NORTE"|"PACIFICO"|"CENTRO"|"ZACATECAS"|"ZACATECAS"|"ZACATECAS"|"ZACATECAS"||"Y"|||"ZACATECAS"|"NO IDENTIFICADA"
46|"4EC760FAFFF03EDFD6898E2BB76CC3FB300768D7"|6|"CC6"|"0"|"CABLEMAS"|"METRO"|"METROSUR"|"METROPOLITANA"|"MXSUR"|"MEXICO"|"IXTAPALUCA"|"AMECAMECA"|"AMECAMECA"||"Y"|||"IXTAPALUCA"|"NO IDENTIFICADA"
50|"384EEEF5242391103E8CF77A579AB4391D014DF7"|11|"AXT7"|"0"|"AXTEL"|"AX"||"NORTE AX"||"ND"|"CD. JUAREZ AX"|"0"|"CD. JUAREZ AX"||"Y"|||"ND"|"NO IDENTIFICADA"
287|"FD52D18F28732B38E4F49BF16B2408243C4A9D40"|1|"75"|"075"|"CABLEMAS"|"SUR"|"METROSUR"|"SURESTE"|"SURESTE"|"VERACRUZ"|"MINATITLAN"|"JALTIPAN"|"JALTIPAN"||"Y"|||"COATZACOALCOS"|"NO IDENTIFICADA"
293|"D7AD058140879BE7F63583864DA9340D565A6771"|1|"83"|"083"|"CABLEMAS"|"METRO"|"METROSUR"|"METROPOLITANA"|"MXCENTRO"|"MEXICO"|"CHIMALHUACAN"|"CHIMALHUACAN"|"CHIMALHUACAN"||"Y"|||"CHIMALHUACAN"|"NO IDENTIFICADA"
297|"EE8A55CC71D6E563CABE5501B58D069203C9415E"|1|"89"|"089"|"CABLEMAS"|"METRO"|"METROSUR"|"METROPOLITANA"|"MXSUR"|"MEXICO"|"IXTAPALUCA"|"XICO"|"XICO"||"Y"|||"ND"|"NO IDENTIFICADA"
1532|"459AB68182FE56D8A193AFB26C84C06972B541CF"|16|"SAL"|"442"|"TELECABLE"|"SUR"|"NORTE"|"OCCIDENTE"|"OCCIDENTE"|"JALISCO"|"GUADALAJARA"|"EL SALTO"|"EL SALTO"||"Y"|"IZZI"|"EL SALTO"|"SIN PLAZA WR"|"NO IDENTIFICADA"
209|"4A1EB49D34178A2D35E140A8BDC88F0AF9E9729D"|8|"CC45"|"0"|"CABLEMAS"|"SUR"|"METROSUR"|"SURESTE"|"GOLFO"|"PUEBLA"|"PMG TEZIUTLAN"|"TEZIUTLAN"|"TEZIUTLAN"||"Y"|||"APIZACO"|"NO IDENTIFICADA"
1128|"339E6F66975A800C64DFE56C1417B24ED9F1A388"|16|"LBA"|"552"|"CABLECOM"|"SUR"|"NORTE"|"OCCIDENTE"|"OCCIDENTE"|"JALISCO"|"PMO LA BARCA"|"LA BARCA"|"LA BARCA"||"Y"|"WIZZ"|"LA BARCA"|"TEOCALTICHE"|"NO IDENTIFICADA"
218|"ED1FFE725FC4C07A0AE1325F75BA7D4D54499EBF"|8|"CC48"|"0"|"CABLECOM"|"METRO"|"METROSUR"|"METROPOLITANA"|"MXNORTE"|"HIDALGO"|"TULANCINGO"|"TULANCINGO"|"TULANCINGO"||"Y"|||"TULANCINGO"|"NO IDENTIFICADA"
223|"54DB4D1F4E243F3840A0111B3FE4F2BD900FB31F"|6|"CC50"|"0"|"CABLEMAS"|"SUR"|"METROSUR"|"SURESTE"|"SURESTE"|"VERACRUZ"|"PMS LOS TUXTLAS"|"ALVARADO"|"ALVARADO"||"Y"|||"VERACRUZ"|"NO IDENTIFICADA"
785|"723A8BD18F09C5586F8B6737F5F0C7F5BF8EE3B0"|5|"CAR"|"535"|"CABLECOM"|"SUR"|"METROSUR"|"SURESTE"|"SURESTE"|"TABASCO"|"PMS CÁRDENAS"|"CARDENAS"|"CARDENAS"||"Y"|"WIZZ"||"CARDENAS"|"NO IDENTIFICADA"
98|"8B4807110138A1178D0258C8673320429CF35E67"|7|"TC17"|"0"|"TELECABLE"|"SUR"|"NORTE"|"OCCIDENTE"|"OCCIDENTE"|"JALISCO"|"PUERTO VALLARTA"|"PUERTO VALLARTA"|"PUERTO VALLARTA"||"Y"|||"PUERTO VALLARTA"|"NO IDENTIFICADA"
798|"C7F10A88A4088F9CF2F91B8C2EA965924D5E6EF8"|5|"COS"|"609"|"CABLECOM"|"SUR"|"METROSUR"|"SURESTE"|"SURESTE"|"VERACRUZ"|"PMS VERACRUZ"|"COSCOMATEPEC"|"COSCOMATEPEC"||"Y"|"WIZZ"||"VERACRUZ"|"NO IDENTIFICADA"
840|"DF2AE2873E42B1CD1EFCA6A2A7A66374C6E51E7B"|5|"CAT"|"607"|"CABLECOM"|"SUR"|"METROSUR"|"SURESTE"|"SURESTE"|"VERACRUZ"|"PMS LOS TUXTLAS"|"CATEMACO"|"CATEMACO"||"Y"|"WIZZ"||"VERACRUZ"|"NO IDENTIFICADA"
883|"27EA0BD5CB6103C9C307678807DFE15C734D8251"|16|"-1"|"0"|"CABLEMAS"|"NO IDENTIFICADA"||"NO IDENTIFICADA"||"ND"|"NO IDENTIFICADA"|"NO IDENTIFICADA"|"NO IDENTIFICADA"|"N"|"N"|"ND"|"Sin RPT"|"ND"|"NO IDENTIFICADA"
887|"7BEAA0E68CC4F5815C4CA93C8816A4973136E318"|16|"AR"|"000"|"CABLEVISIÓN"|"METRO"|"METROSUR"|"METROPOLITANA"|"MXCENTRO"|"CIUDAD DE MEXICO"|"ARAGON"|"METROPOLITANA"|"ARAGON"|"Y"|"Y"|"IZZI"|"METROPOLITANA"|"ARAGON"|"NO IDENTIFICADA"
891|"40630B0DC9FEC448A85D3F46A76EDCA0C3A3DC9C"|16|"IZ"|"000"|"CABLEVISIÓN"|"METRO"|"METROSUR"|"METROPOLITANA"|"MXSUR"|"CIUDAD DE MEXICO"|"IZTAPALAPA"|"METROPOLITANA"|"IZTAPALAPA"|"Y"|"Y"|"IZZI"|"METROPOLITANA"|"IZTAPALAPA"|"NO IDENTIFICADA"
895|"8E4493DC9CC73C1594E96A4A78538C252CB3D025"|16|"ST"|"000"|"CABLEVISIÓN"|"METRO"|"METROSUR"|"METROPOLITANA"|"MXNORTE"|"MEXICO"|"SATELITE"|"METROPOLITANA"|"SATELITE"|"Y"|"Y"|"IZZI"|"METROPOLITANA"|"SATELITE"|"NO IDENTIFICADA"
899|"74BB76D8AC3E4C1C63F2F4D535D8968DC081FC4E"|16|"GRL"|"000"|"CABLEVISIÓN"|"METRO"||"ND"||"ND"|"ND"|"ND"|"ND"|"N"|"N"|"ND"|"METROPOLITANA"|"ND"|"NO IDENTIFICADA"
903|"11C84FA95A166011C1407DD7ECAEADFC3EE043B2"|16|"TE"|"013"|"CABLEMAS"|"NORTE"|"NORTE"|"PACIFICO"|"PACIFICO"|"BAJA CALIFORNIA"|"TIJUANA"|"TECATE"|"TECATE"|"Y"|"Y"|"IZZI"|"TECATE"|"TIJUANA"|"NO IDENTIFICADA"
907|"FD0C2CACE186B866C5987C144C110A76C7A11520"|16|"MX"|"014"|"CABLEMAS"|"NORTE"|"NORTE"|"PACIFICO"|"PACIFICO"|"BAJA CALIFORNIA"|"MEXICALI"|"MEXICALI"|"MEXICALI"|"Y"|"Y"|"IZZI"|"MEXICALI"|"MEXICALI"|"NO IDENTIFICADA"
911|"DC40FAD8B992DFFD6FFCFCD55F8F95E19D179BC1"|16|"UM"|"028"|"CABLEMAS"|"SUR"|"METROSUR"|"SURESTE"|"SURESTE"|"YUCATAN"|"MERIDA"|"UMAN"|"UMAN"|"Y"|"Y"|"IZZI"|"UMAN"|"MERIDA"|"NO IDENTIFICADA"
306|"4E86B766307FA283361CB568C1D2EEE0C9E3D277"|5|"AB"|"000"|"CABLEVISIÓN"|"METRO"|"METROSUR"|"METROPOLITANA"|"MXNORTE"|"MEXICO"|"ARBOLEDAS"|"METROPOLITANA"|"ARBOLEDAS"||"Y"|"IZZI"||"ARBOLEDAS"|"NO IDENTIFICADA"
780|"7148C17E569B5FFAD5433D9C35166A553F6CF6B4"|5|"MAD"|"444"|"TELECABLE"|"NORTE"|"NORTE"|"NORESTE"|"CENTRO"|"GUANAJUATO"|"PMC SAN FCO DEL RINCÓN"|"MANUEL DOBLADO"|"MANUEL DOBLADO"||"Y"|"WIZZ"||"MOROLEON"|"NO IDENTIFICADA"
739|"E84415E804AC6D3E489C546237A732A8A8509771"|5|"ALV"|"549"|"CABLEMAS"|"SUR"|"METROSUR"|"SURESTE"|"SURESTE"|"VERACRUZ"|"PMS LOS TUXTLAS"|"ALVARADO"|"ALVARADO"||"Y"|"WIZZ"||"VERACRUZ"|"NO IDENTIFICADA"
746|"45A3B133AB791D732EB71E8D1CD1E576E26EA682"|5|"AT"|"569"|"CABLECOM"|"SUR"|"METROSUR"|"SURESTE"|"GOLFO"|"PUEBLA"|"PMG ATLIXCO"|"ATENCINGO"|"ATENCINGO"||"Y"|"WIZZ"||"IGUALA"|"NO IDENTIFICADA"
752|"D3276DD29062186E9DCE9B8E4EC54D84CBF3AC71"|5|"SAP"|"600"|"CABLECOM"|"NORTE"|"NORTE"|"NORESTE"|"CENTRO"|"GUANAJUATO"|"PMC SAN FCO DEL RINCÓN"|"SANTA ANA"|"SANTA ANA PACUECO"||"Y"|"WIZZ"||"MOROLEON"|"NO IDENTIFICADA"
763|"63EAC6F8A5AFDBB8F4CD085083FC9A486CF2BF83"|5|"APA"|"585"|"CABLEMAS"|"METRO"|"METROSUR"|"METROPOLITANA"|"MXNORTE"|"HIDALGO"|"PMM TULA"|"APAN"|"APAN"||"Y"|"WIZZ"||"TULA"|"NO IDENTIFICADA"
770|"0F7C4E1AB7F02FF7DFA0E0F2EDFF37E2DF2D3F07"|5|"TLX"|"565"|"CABLEMAS"|"SUR"|"METROSUR"|"SURESTE"|"GOLFO"|"PUEBLA"|"TLAXCALA"|"SAN MARTIN"|"SAN MARTIN TEXMELUCAN"||"Y"|"IZZI"||"TLAXCALA"|"NO IDENTIFICADA"
1080|"088EC939822DF200A0E634DA58B2443C99119DD3"|16|"TEC"|"410"|"TELECABLE"|"SUR"|"NORTE"|"OCCIDENTE"|"OCCIDENTE"|"COLIMA"|"PMO TECOMAN"|"TECOMAN"|"TECOMAN"||"Y"|"WIZZ"|"TECOMAN"|"SANTIAGO"|"NO IDENTIFICADA"
79|"EA62DEAE4C1367806747A2D7DE7581A9894676D3"|7|"TC13"|"0"|"TELECABLE"|"SUR"|"NORTE"|"OCCIDENTE"|"OCCIDENTE"|"COLIMA"|"PMO TECOMAN"|"TECOMAN"|"TECOMAN"||"Y"|||"SANTIAGO"|"NO IDENTIFICADA"
682|"0B64D39BC26504C5942A57B12442EDBD0112CDA6"|5|"MLL"|"411"|"TELECABLE"|"SUR"|"NORTE"|"OCCIDENTE"|"OCCIDENTE"|"COLIMA"|"MANZANILLO"|"MANZANILLO"|"MANZANILLO"||"Y"|"IZZI"||"MANZANILLO"|"NO IDENTIFICADA"
684|"73172E1DA03F83C0D407D842A59745A174D052D4"|5|"TEC"|"410"|"TELECABLE"|"SUR"|"NORTE"|"OCCIDENTE"|"OCCIDENTE"|"COLIMA"|"PMO TECOMAN"|"TECOMAN"|"TECOMAN"||"Y"|"WIZZ"||"SANTIAGO"|"NO IDENTIFICADA"
2133|"787D41D9C35C57EF9E4ABA799BACEFAC312149A4"|30||"0"|"SKY"|"SUR"|"SUR"|"OCCIDENTE"|"OCCIDENTE"|"COLIMA"|"SKY - COLIMA"|"SKY - COLIMA"|"SKY - COLIMA"|||||"SIN PLAZA WR"|"NO IDENTIFICADA"
2283||3|"1"|"759"|"SKY"|"SUR"|"INTERIOR"|"OCCIDENTE"|"OCCIDENTE"|"Colima"|"HUB TECOMAN"|"NO IDENTIFICADA"|"IXTLAHUACAN"|"N"||"ND"|"OFFNET"|"SIN PLAZA WR"|"OFF NET"
681|"A8764DE440CD18307396D3ED8D8BA4E260638C07"|3|"MLL"|"411"|"TELECABLE"|"SUR"|"INTERIOR"|"OCCIDENTE"|"OCCIDENTE"|"COLIMA"|"MANZANILLO"|"MANZANILLO"|"MANZANILLO"||"Y"|"IZZI"|"MANZANILLO"|"MANZANILLO"|"ON NET"
182|"BF329019BE82926B066602CFB0E8045CE217F88C"|7|"TC38"|"0"|"TELECABLE"|"NORTE"|"METROSUR"|"NORESTE"|"GOLFO"|"TAMAULIPAS"|"ALTAMIRA"|"ALTAMIRA"|"ALTAMIRA"||"Y"|||"ALTAMIRA"|"NO IDENTIFICADA"
2921||5|"IXR"|"081"|"CABLEMAS"|"METRO"|"METROSUR"|"METROPOLITANA"|"MXSUR"|"MEXICO"|"IXTAPALUCA"|"IXTAPALUCA"|"IXTAPALUCA LOS REYES"|||||"SIN PLAZA WR"|"NO IDENTIFICADA"
688|"9013C644EC54CC9792D7A2FC1F8664FE8388E72B"|5|"COM"|"414"|"TELECABLE"|"NORTE"|"NORTE"|"PACIFICO"|"CENTRO"|"NAYARIT"|"PMC SANTIAGO"|"COMPOSTELA"|"COMPOSTELA"||"Y"|"WIZZ"||"SANTIAGO"|"NO IDENTIFICADA"
698|"EB78D812A95A0AFF46F6F7B3413647CF6B79AD38"|5|"IXN"|"413"|"TELECABLE"|"NORTE"|"NORTE"|"PACIFICO"|"OCCIDENTE"|"NAYARIT"|"PMO TEQUILA"|"IXTLAN"|"IXTLAN"||"Y"|"WIZZ"||"TEPATITLAN"|"NO IDENTIFICADA"
701|"A36E1F20C3F422FF22C553632DE31658DC9678C5"|3|"ARA"|"445"|"TELECABLE"|"SUR"|"INTERIOR"|"OCCIDENTE"|"CENTRO"|"JALISCO"|"PMC TEPATITLAN"|"ARANDAS"|"ARANDAS"||"Y"|"WIZZ"|"ARANDAS"|"TEPATITLAN"|"ON NET"
2955||3|||"TVI"|"NORTE"|"INTERIOR"|"NORESTE"|"GOLFO"|"TAMAULIPAS"|"HUB MATAMOROS"|"HUB MATAMOROS"|"MATAMOROS"||||"Sin RPT"||"ON NET"
2959||3|||"CABLEMAS"|"SUR"|"INTERIOR"|"SURESTE"|"GOLFO"|"PUEBLA"|"HUB PUEBLA"|"HUB PUEBLA"|"PUEBLA"||||"Sin RPT"||"OFF NET"
2963||3|||"TVI"|"NORTE"|"NORTE"|"NORESTE"|"NORESTE"|"NUEVO LEON"|"HUB GENERAL TERAN"|"HUB GENERAL TERAN"|"GENERAL BRAVO"||||"Sin RPT"||"OFF NET"
2967||3|||"CABLEVISIÓN"|"METRO"|"METRO"|"METROPOLITANA"|"MXSUR"|"CIUDAD DE MEXICO"|"HUB IZTACALCO"|"HUB IZTACALCO"|"IZTACALCO"||||"Sin RPT"||"ON NET"
2971||3|||"TVI"|"NORTE"|"NORTE"|"NORESTE"|"NORESTE"|"COAHUILA"|"HUB SALTILLO"|"HUB SALTILLO"|"MONCLOVA"||||"Sin RPT"||"ON NET"
2975||3|||"SKY"|"SUR"|"INTERIOR"|"SURESTE"|"SURESTE"|"CHIAPAS"|"HUB REFORMA"|"HUB REFORMA"|"SUNUAPA"||||"Sin RPT"||"OFF NET"
2979||3|||"TELECABLE"|"SUR"|"INTERIOR"|"SURESTE"|"SURESTE"|"CHIAPAS"|"HUB TAPACHULA"|"HUB TAPACHULA"|"MOTOZINTLA"||||"Sin RPT"||"OFF RED"
2983||3|||"TELECABLE"|"SUR"|"INTERIOR"|"OCCIDENTE"|"OCCIDENTE"|"JALISCO"|"HUB GUADALAJARA"|"HUB GUADALAJARA"|"TLAQUEPAQUE"||||"Sin RPT"||"ON NET"
2987||3|||"SKY"|"METRO"|"METRO"|"METROPOLITANA"|"MXNORTE"|"HIDALGO"|"HUB IXMIQUILPAN"|"HUB IXMIQUILPAN"|"CARDONAL"||||"Sin RPT"||"OFF RED"
2991||3|||"TELECABLE"|"SUR"|"INTERIOR"|"OCCIDENTE"|"OCCIDENTE"|"JALISCO"|"HUB TEPATITLAN"|"HUB TEPATITLAN"|"ARANDAS"||||"Sin RPT"||"ON NET"
2996||3|||"SKY"|"SUR"|"INTERIOR"|"OCCIDENTE"|"OCCIDENTE"|"MICHOACAN"|"HUB TACAMBARO"|"HUB TACAMBARO"|"TACAMBARO"||||"Sin RPT"||"OFF NET"
3000||3|||"TELECABLE"|"NORTE"|"INTERIOR"|"PACIFICO"|"CENTRO"|"NAYARIT"|"HUB DEL NAYAR"|"HUB DEL NAYAR"|"IXTLAN DEL RIO"||||"Sin RPT"||"ON NET"
3006||3|||"SKY"|"SUR"|"INTERIOR"|"SURESTE"|"GOLFO"|"PUEBLA"|"HUB ATLIXCO"|"HUB ATLIXCO"|"EPATLAN"||||"Sin RPT"||"OFF NET"
3010||3|||"TELECABLE"|"SUR"|"INTERIOR"|"OCCIDENTE"|"SURESTE"|"OAXACA"|"HUB SALINA CRUZ"|"HUB SALINA CRUZ"|"SALINA CRUZ"||||"Sin RPT"||"OFF NET"
3015||3|||"SKY"|"NORTE"|"INTERIOR"|"PACIFICO"|"CENTRO"|"ZACATECAS"|"HUB VALPARAISO"|"HUB VALPARAISO"|"CHALCHIHUITES"||||"Sin RPT"||"OFF RED"
3019||3|||"CABLECOM"|"NORTE"|"INTERIOR"|"NORESTE"|"GOLFO"|"TAMAULIPAS"|"HUB VICTORIA"|"HUB VICTORIA"|"XICONTENCATL"||||"Sin RPT"||"ON NET"
3023||3|||"CABLECOM"|"SUR"|"INTERIOR"|"SURESTE"|"GOLFO"|"TLAXCALA"|"HUB TLAXCALA"|"HUB TLAXCALA"|"TLAXCALA"||||"Sin RPT"||"ON NET"
3028||3|||"CABLEMAS"|"SUR"|"INTERIOR"|"SURESTE"|"GOLFO"|"VERACRUZ"|"HUB VERACRUZ"|"HUB VERACRUZ"|"MARIANO ESCOBEDO"||||"Sin RPT"||"OFF NET"
3032||3|||"TELECABLE"|"SUR"|"INTERIOR"|"SURESTE"|"SURESTE"|"CHIAPAS"|"HUB TUXTLA GUTIERREZ"|"HUB TUXTLA GUTIERREZ"|"JIQUIPILAS"||||"Sin RPT"||"OFF RED"
3038||3|||"CABLEMAS"|"NORTE"|"INTERIOR"|"NORESTE"|"CENTRO"|"GUANAJUATO"|"HUB LEON"|"HUB LEON"|"LEON"||||"Sin RPT"||"OFF NET"
3042||3|||"CABLEMAS"|"METRO"|"METRO"|"METROPOLITANA"|"MXSUR"|"MORELOS"|"HUB AYALA"|"HUB AYALA"|"JOJUTLA"||||"Sin RPT"||"OFF NET"
3292||3|||"CABLEMAS"|"METRO"|"METRO"|"METROPOLITANA"|"MXSUR"|"MEXICO"|"HUB CHALCO"|"HUB CHALCO"|"AMECAMECA"||||"Sin RPT"||"ON NET"
3296||3|||"SKY"|"NORTE"|"INTERIOR"|"NORESTE"|"GOLFO"|"SAN LUIS POTOSI"|"HUB MEXQUITIC"|"HUB MEXQUITIC"|"VILLA DE GUADALUPE"||||"Sin RPT"||"OFF RED"
3300||3|||"SKY"|"NORTE"|"INTERIOR"|"PACIFICO"|"CENTRO"|"SINALOA"|"HUB MAZATLAN"|"HUB MAZATLAN"|"ESCUINAPA"||||"Sin RPT"||"OFF NET"
3305||3|||"CABLECOM"|"NORTE"|"INTERIOR"|"PACIFICO"|"CENTRO"|"ZACATECAS"|"HUB PINOS"|"HUB PINOS"|"LORETO"||||"Sin RPT"||"OFF NET"
3309||3|||"SKY"|"SUR"|"INTERIOR"|"OCCIDENTE"|"SURESTE"|"OAXACA"|"HUB JUXTLAHUACA"|"HUB JUXTLAHUACA"|"MAGDALENA PEÑASCO"||||"Sin RPT"||"OFF RED"
3314||3|||"SKY"|"NORTE"|"NORTE"|"PACIFICO"|"PACIFICO"|"CHIHUAHUA"|"HUB CUAUHTEMOC CHIH"|"HUB CUAUHTEMOC CHIH"|"MADERA"||||"Sin RPT"||"OFF NET"
3318||3|||"SKY"|"SUR"|"INTERIOR"|"OCCIDENTE"|"OCCIDENTE"|"JALISCO"|"HUB LAGOS DE MORENO"|"HUB LAGOS DE MORENO"|"UNION DE SAN ANTONIO"||||"Sin RPT"||"OFF NET"
448|"C3BCFDC639AA506601E1A5EE01EF775416E0E3E3"|5|"EC"|"000"|"CABLEVISIÓN"|"METRO"|"METROSUR"|"METROPOLITANA"|"MXNORTE"|"MEXICO"|"ECATEPEC"|"METROPOLITANA"|"ECATEPEC CV"||"Y"|"IZZI"||"ECATEPEC"|"NO IDENTIFICADA"
456|"27A5B2E52B12BB884C274197643E3A8B55E283D5"|5|"CC"|"071"|"CABLEMAS"|"SUR"|"METROSUR"|"SURESTE"|"SURESTE"|"VERACRUZ"|"COATZACOALCOS"|"COATZACOALCOS"|"COATZACOALCOS"||"Y"|"IZZI"||"COATZACOALCOS"|"NO IDENTIFICADA"
608|"45E0293A94D2B246E64152E143035A36D86F5DC9"|5|"CAL"|"096"|"CABLEMAS"|"SUR"|"NORTE"|"OCCIDENTE"|"CENTRO"|"AGUASCALIENTES"|"PMC TEOCALTICHE"|"CALVILLO"|"CALVILLO"||"Y"|"WIZZ"||"TEOCALTICHE"|"NO IDENTIFICADA"
482|"0E365CD4A500BC4EEE91ADD52C3E40D8D68FF783"|5|"RAR"|"301"|"CABLECOM"|"NORTE"|"NORTE"|"NORESTE"|"NORESTE"|"COAHUILA"|"COAHUILA"|"SALTILLO"|"SALTILLO"||"N"|"IZZI"||"SALTILLO"|"NO IDENTIFICADA"
490|"E60ED2087D5BD82C32D3505FD8460760AC25E2E0"|5|"MTM"|"302"|"TVI"|"NORTE"|"METROSUR"|"NORESTE"|"GOLFO"|"TAMAULIPAS"|"MATAMOROS"|"MATAMOROS"|"MATAMOROS"||"Y"|"IZZI"||"MATAMOROS"|"NO IDENTIFICADA"
578|"70EF6B160C83AD3A1BF243BEC688AF6A65FF8D4B"|5|"SLP"|"572"|"CABLECOM"|"NORTE"|"METROSUR"|"NORESTE"|"GOLFO"|"SAN LUIS POTOSI"|"SAN LUIS POTOSI"|"SAN LUIS POTOSI"|"SAN LUIS POTOSI"||"Y"|"IZZI"||"SAN LUIS POTOSI"|"NO IDENTIFICADA"
586|"F4A86C9C6D915142CD017C79FC355CC9E2E7C197"|5|"PAC"|"601"|"CABLECOM"|"METRO"|"METROSUR"|"METROPOLITANA"|"MXNORTE"|"HIDALGO"|"PACHUCA"|"PACHUCA"|"PACHUCA"||"Y"|"IZZI"||"PACHUCA"|"NO IDENTIFICADA"
28|"EDF04013F7971FC15BA4AF61DE2AC8C2A165D20C"|7|"TC2"|"0"|"TELECABLE"|"NORTE"|"NORTE"|"PACIFICO"|"CENTRO"|"ZACATECAS"|"PMC CALERA"|"CALERA"|"CALERA"||"Y"|||"CALERA"|"NO IDENTIFICADA"
32|"9967F5532F7DCB57433273C620E7F380294DD991"|8|"CC3"|"0"|"CABLECOM"|"NORTE"|"NORTE"|"NORESTE"|"CENTRO"|"QUERETARO"|"QUERETARO"|"QUERETARO"|"QUERETARO"||"Y"|||"QUERETARO"|"NO IDENTIFICADA"
36|"3FE4C3EFCA4CB2CFD4C54B8021B2D0C67F4E4951"|6|"CC4"|"0"|"CABLECOM"|"NORTE"|"NORTE"|"NORESTE"|"CENTRO"|"GUANAJUATO"|"PMC SAN FCO DEL RINCÓN"|"SANTA ANA"|"SANTA ANA PACUECO"||"Y"|||"MOROLEON"|"NO IDENTIFICADA"
40|"F0D9BEB1A4282AEA06F02D27B7FA2E5ED730F700"|11|"AXT5"|"0"|"AXTEL"|"NORTE"|"METROSUR"|"NORESTE"|"GOLFO"|"SAN LUIS POTOSI"|"SAN LUIS POTOSI AX"|"0"|"SAN LUIS POTOSI AX"||"Y"|||"ND"|"NO IDENTIFICADA"
44|"D17546AC736F3EBFAE8FEDCE3B80A6802F7E6777"|4|"59K1"|"0"|"TVI"|"NORTE"|"NORTE"|"NORESTE"|"NORESTE"|"COAHUILA"|"MONCLOVA"|"MONCLOVA"|"MONCLOVA"||"Y"|||"MONCLOVA"|"NO IDENTIFICADA"
48|"0ACA186FE025E5C60F1828332318B346623C6DDA"|7|"TC6"|"0"|"TELECABLE"|"NORTE"|"NORTE"|"NORESTE"|"CENTRO"|"GUANAJUATO"|"IRAPUATO"|"IRAPUATO"|"IRAPUATO"||"Y"|||"IRAPUATO"|"NO IDENTIFICADA"
285|"595993A0D6B64540721CAD543A8CF3C1F6762F98"|6|"CC75"|"0"|"CABLECOM"|"SUR"|"METROSUR"|"SURESTE"|"GOLFO"|"PUEBLA"|"PMG ATLIXCO"|"IZUCAR DE MATAMOROS"|"IZUCAR DE MATAMOROS"||"Y"|||"IGUALA"|"NO IDENTIFICADA"
289|"9B7B409EB53FED5DF2F84E94F8B0F2D94B555514"|8|"CC1"|"0"|"CABLECOM"|"NORTE"|"NORTE"|"NORESTE"|"CENTRO"|"GUANAJUATO"|"CELAYA"|"CELAYA"|"CELAYA"||"Y"|||"CELAYA"|"NO IDENTIFICADA"
295|"FCD39874EAC78261FB73D3DE51F41F1A07206E96"|1|"86"|"086"|"CABLEMAS"|"METRO"|"METROSUR"|"METROPOLITANA"|"MXNORTE"|"MEXICO"|"ECATEPEC"|"TECAMAC"|"TECAMAC"||"Y"|||"ECATEPEC"|"NO IDENTIFICADA"
607|"BCC9963D7C9D0F89A2C01B22F3A9D68ABB23628D"|3|"CAL"|"096"|"CABLEMAS"|"SUR"|"INTERIOR"|"OCCIDENTE"|"CENTRO"|"AGUASCALIENTES"|"PMC TEOCALTICHE"|"CALVILLO"|"CALVILLO"|"N"|"Y"|"WIZZ"|"CALVILLO"|"TEOCALTICHE"|"OFF NET"
1531|"B0B9F37FBC60C53A410228B3E8C1EFF57675AE26"|5|"SAL"|"442"|"TELECABLE"|"SUR"|"NORTE"|"OCCIDENTE"|"OCCIDENTE"|"JALISCO"|"GUADALAJARA"|"EL SALTO"|"EL SALTO"||"Y"|"IZZI"|"EL SALTO"|"SIN PLAZA WR"|"NO IDENTIFICADA"
206|"AA4257611948ABBCD0420D7F16A5B0AEA750F182"|8|"CC44"|"0"|"CABLECOM"|"SUR"|"METROSUR"|"SURESTE"|"GOLFO"|"TLAXCALA"|"TLAXCALA"|"TEOLOCHOLCO"|"TEOLOCHOLCO"||"Y"|||"TLAXCALA"|"NO IDENTIFICADA"
211|"C0679206EBCE52D08E15B9B8AB77BA6DA10AE29D"|6|"CC46"|"0"|"CABLEMAS"|"METRO"|"METROSUR"|"METROPOLITANA"|"MXNORTE"|"HIDALGO"|"PMM TULA"|"TIZAYUCA"|"TIZAYUCA"||"Y"|||"TULA"|"NO IDENTIFICADA"
215|"C9162B4B4DC92B49975A84DAB2629ACB959B788C"|8|"CC47"|"0"|"CABLECOM"|"SUR"|"METROSUR"|"SURESTE"|"GOLFO"|"TLAXCALA"|"TLAXCALA"|"TLAXCALA"|"TLAXCALA"||"Y"|||"TLAXCALA"|"NO IDENTIFICADA"
221|"82E7486E4E6E042B1BF816DC157C393BA0A6C906"|8|"CC49"|"0"|"CABLECOM"|"SUR"|"METROSUR"|"SURESTE"|"SURESTE"|"VERACRUZ"|"PMS ACAYUCAN"|"ACAYUCAN"|"ACAYUCAN"||"Y"|||"VERACRUZ"|"NO IDENTIFICADA"
225|"754AC7814A92B2D9F5F2E9205863A9619938AFA3"|6|"CC51"|"0"|"CABLECOM"|"SUR"|"METROSUR"|"SURESTE"|"SURESTE"|"TABASCO"|"PMS CÁRDENAS"|"CARDENAS"|"CARDENAS"||"Y"|||"CARDENAS"|"NO IDENTIFICADA"
787|"F22C6F8789006D7AD70B581B414067F6E66A3FD4"|5|"MON"|"437"|"TELECABLE"|"NORTE"|"NORTE"|"NORESTE"|"CENTRO"|"GUANAJUATO"|"PMC MOROLEON"|"MOROLEON"|"MOROLEON"||"Y"|"WIZZ"||"MOROLEON"|"NO IDENTIFICADA"
793|"0C78192868A9B68A3E9E2506F7DFC84ED789F2BF"|5|"CUN"|"538"|"CABLECOM"|"SUR"|"METROSUR"|"SURESTE"|"SURESTE"|"TABASCO"|"PMS CÁRDENAS"|"CUNDUACAN"|"CUNDUACAN"||"Y"|"WIZZ"||"CARDENAS"|"NO IDENTIFICADA"
801|"7A33087DB31D91A46C6149EBB23AFDB3E2A3D2A9"|5|"PDS"|"551"|"CABLECOM"|"NORTE"|"NORTE"|"NORESTE"|"NORESTE"|"COAHUILA"|"PIEDRAS NEGRAS"|"PIEDRAS NEGRAS"|"PIEDRAS NEGRAS"||"Y"|"WIZZ"||"PIEDRAS NEGRAS"|"NO IDENTIFICADA"
881|"27EA0BD5CB6103C9C307678807DFE15C734D8251"|16|"-3"|"0"|"CABLECOM"|"NO IDENTIFICADA"||"NO IDENTIFICADA"||"ND"|"NO IDENTIFICADA"|"NO IDENTIFICADA"|"NO IDENTIFICADA"|"N"|"N"|"ND"|"Sin RPT"|"ND"|"NO IDENTIFICADA"
885|"27EA0BD5CB6103C9C307678807DFE15C734D8251"|16|"1"|"0"|"NO IDENTIFICADA"|"NO IDENTIFICADA"||"NO IDENTIFICADA"||"ND"|"NO IDENTIFICADA"|"NO IDENTIFICADA"|"NO IDENTIFICADA"|"N"|"Y"|"ND"|"Sin RPT"|"ND"|"NO IDENTIFICADA"
889|"B0114FC2544C215E72C6E03AF2E418184540B8DA"|16|"CE"|"000"|"CABLEVISIÓN"|"METRO"|"METROSUR"|"METROPOLITANA"|"MXCENTRO"|"CIUDAD DE MEXICO"|"CENTRO"|"METROPOLITANA"|"CENTRO"|"Y"|"Y"|"IZZI"|"METROPOLITANA"|"CENTRO"|"NO IDENTIFICADA"
893|"C468F7EE20DC4CDB7A8F26FE4E4B3994291333A2"|16|"PL"|"000"|"CABLEVISIÓN"|"METRO"|"METROSUR"|"METROPOLITANA"|"MXCENTRO"|"CIUDAD DE MEXICO"|"POLANCO"|"METROPOLITANA"|"POLANCO"|"Y"|"Y"|"IZZI"|"METROPOLITANA"|"POLANCO"|"NO IDENTIFICADA"
897|"F5237B450DA149C2C0F37022B5C80F7E3899E644"|16|"VA"|"000"|"CABLEVISIÓN"|"METRO"|"METROSUR"|"METROPOLITANA"|"MXCENTRO"|"CIUDAD DE MEXICO"|"VALLE"|"METROPOLITANA"|"VALLE"|"Y"|"Y"|"IZZI"|"METROPOLITANA"|"VALLE"|"NO IDENTIFICADA"
901|"F42C3F2DC235385FB13FE76D418CC2EADE547B2C"|16|"ME"|"031"|"CABLEMAS"|"SUR"|"METROSUR"|"SURESTE"|"SURESTE"|"YUCATAN"|"MERIDA"|"MERIDA"|"MERIDA"|"Y"|"Y"|"IZZI"|"MERIDA"|"MERIDA"|"NO IDENTIFICADA"
905|"74BB76D8AC3E4C1C63F2F4D535D8968DC081FC4E"|16|"DE"|"000"|"CABLEVISIÓN"|"METRO"||"ND"||"ND"|"ND"|"ND"|"ND"|"N"|"N"|"ND"|"METROPOLITANA"|"ND"|"NO IDENTIFICADA"
909|"D41466AF977AE4307286BB004340AD96AE0A9ECE"|16|"ES"|"064"|"CABLEMAS"|"SUR"|"METROSUR"|"SURESTE"|"SURESTE"|"YUCATAN"|"VALLADOLID"|"ESPITA"|"ESPITA"|"Y"|"Y"|"IZZI"|"ESPITA"|"MERIDA"|"NO IDENTIFICADA"
310|"D6DDE9C33755785885B1AE67D01EE93B7BFD84AD"|5|"CA"|"000"|"CABLEVISIÓN"|"METRO"|"METROSUR"|"METROPOLITANA"|"MXSUR"|"CIUDAD DE MEXICO"|"CENTRO DE ACOPIO"|"METROPOLITANA"|"CENTRO DE ACOPIO"||"Y"|"IZZI"||"CENTRO DE ACOPIO"|"NO IDENTIFICADA"
737|"493F707044D7373242A227232D8C2EEF3EB72D52"|5|"TAP"|"438"|"TELECABLE"|"SUR"|"METROSUR"|"SURESTE"|"SURESTE"|"CHIAPAS"|"PMS TAPACHULA"|"TAPACHULA"|"TAPACHULA"||"Y"|"WIZZ"||"TAPACHULA"|"NO IDENTIFICADA"
742|"2B0F2F0AB6303A84F8FD03564FDEA1D28C0E81A9"|5|"TLX"|"563"|"CABLECOM"|"SUR"|"METROSUR"|"SURESTE"|"GOLFO"|"TLAXCALA"|"TLAXCALA"|"TLAXCALA"|"TLAXCALA"||"Y"|"IZZI"||"TLAXCALA"|"NO IDENTIFICADA"
748|"9B5AD2B70EE2318EACCADB3921FA143FAA5FF105"|5|"CLA"|"452"|"TELECABLE"|"NORTE"|"NORTE"|"PACIFICO"|"CENTRO"|"ZACATECAS"|"PMC CALERA"|"CALERA"|"CALERA"||"Y"|"WIZZ"||"CALERA"|"NO IDENTIFICADA"
758|"C414DB5D3F42FB9996284BFF13F57F2098CE62CD"|5|"SAT"|"602"|"CABLECOM"|"SUR"|"METROSUR"|"SURESTE"|"SURESTE"|"VERACRUZ"|"PMS LOS TUXTLAS"|"SAN ANDRES"|"SAN ANDRES TUXTLA"||"Y"|"WIZZ"||"VERACRUZ"|"NO IDENTIFICADA"
765|"ACDFD7A4B07FC2B7C643B498B7895E1708C29546"|5|"VSA"|"560"|"CABLEMAS"|"NORTE"|"NORTE"|"NORESTE"|"CENTRO"|"GUANAJUATO"|"PMC MOROLEON"|"VALLE DE SANTIAGO"|"VALLE DE SANTIAGO"||"Y"|"WIZZ"||"MOROLEON"|"NO IDENTIFICADA"
1079|"210EE2F5DEBF75533B6BEF361B8A3A822E1333E8"|16|"MLL"|"411"|"TELECABLE"|"SUR"|"NORTE"|"OCCIDENTE"|"OCCIDENTE"|"COLIMA"|"MANZANILLO"|"MANZANILLO"|"MANZANILLO"||"Y"|"IZZI"|"MANZANILLO"|"MANZANILLO"|"NO IDENTIFICADA"
779|"3A5FA6CCB9458556B676D4A2FBADF0C425EDE3E7"|5|"YUR"|"561"|"CABLEMAS"|"NORTE"|"NORTE"|"NORESTE"|"CENTRO"|"GUANAJUATO"|"PMC MOROLEON"|"YURIRIA"|"YURIRIA"||"Y"|"WIZZ"||"MOROLEON"|"NO IDENTIFICADA"
160|"C8EC44B816063C67FB1E42830701E6FFEFCD104C"|6|"CC33"|"0"|"CABLEMAS"|"METRO"|"METROSUR"|"METROPOLITANA"|"MXNORTE"|"HIDALGO"|"PMM TULA"|"APAN"|"APAN"||"Y"|||"TULA"|"NO IDENTIFICADA"
164|"80E55C80EBD19F4B8644C32999D8F2A33E455EC4"|6|"CC34"|"0"|"CABLECOM"|"SUR"|"METROSUR"|"SURESTE"|"GOLFO"|"TLAXCALA"|"PMG APIZACO"|"APIZACO"|"APIZACO"||"Y"|||"APIZACO"|"NO IDENTIFICADA"
168|"EE2DBCA66D630423FD93BBABAC6A7098B158BA60"|6|"CC35"|"0"|"CABLECOM"|"SUR"|"METROSUR"|"SURESTE"|"GOLFO"|"PUEBLA"|"PMG ATLIXCO"|"ATENCINGO"|"ATENCINGO"||"Y"|||"IGUALA"|"NO IDENTIFICADA"
172|"73246046D568A71379416FF169AEA5765F455C96"|6|"CC36"|"0"|"CABLEMAS"|"SUR"|"METROSUR"|"SURESTE"|"GOLFO"|"PUEBLA"|"PMG ATLIXCO"|"ATLIXCO"|"ATLIXCO"||"Y"|||"IGUALA"|"NO IDENTIFICADA"
176|"5D108D676DA8E02C77A102C64DA3E93C3B3C85F9"|6|"CC37"|"0"|"CABLECOM"|"SUR"|"METROSUR"|"SURESTE"|"GOLFO"|"PUEBLA"|"PMG ATLIXCO"|"CHIETLA"|"CHIETLA"||"Y"|||"IGUALA"|"NO IDENTIFICADA"
180|"CA3A898570C1F35A56686AAACBDFA23998C7F24C"|6|"CC38"|"0"|"CABLEMAS"|"SUR"|"METROSUR"|"SURESTE"|"GOLFO"|"TLAXCALA"|"PMG APIZACO"|"HUAMANTLA"|"HUAMANTLA"||"Y"|||"APIZACO"|"NO IDENTIFICADA"
496|"313516B292C3446A55A0793FC7EB50BF34819332"|5|"IX"|"089"|"CABLEMAS"|"METRO"|"METROSUR"|"METROPOLITANA"|"MXSUR"|"MEXICO"|"IXTAPALUCA"|"IXTAPALUCA"|"IXTAPALUCA LOS REYES"||"N"|"IZZI"||"IXTAPALUCA"|"NO IDENTIFICADA"
2925||3|||"SKY"|"SUR"|"INTERIOR"|"SURESTE"|"SURESTE"|"YUCATAN"|"HUB MERIDA"|"HUB MERIDA"|"TIXKOKOB"||||"Sin RPT"||"OFF NET"
2929||3|||"CABLECOM"|"SUR"|"INTERIOR"|"SURESTE"|"GOLFO"|"TLAXCALA"|"HUB SAN PABLO DEL MONTE"|"HUB SAN PABLO DEL MONTE"|"TETLAHUACA"||||"Sin RPT"||"ON NET"
2933||3|||"TELECABLE"|"NORTE"|"INTERIOR"|"PACIFICO"|"CENTRO"|"ZACATECAS"|"HUB GUADALUPE"|"HUB GUADALUPE"|"CALERA"||||"Sin RPT"||"OFF NET"
2937||3|||"CABLECOM"|"SUR"|"INTERIOR"|"SURESTE"|"GOLFO"|"TLAXCALA"|"HUB YAHUQUEMEHCAN"|"HUB YAHUQUEMEHCAN"|"ATLANGATEPEC"||||"Sin RPT"||"OFF NET"
2941||3|||"SKY"|"SUR"|"INTERIOR"|"SURESTE"|"SURESTE"|"YUCATAN"|"HUB VALLADOLID"|"HUB VALLADOLID"|"TINUM"||||"Sin RPT"||"OFF NET"
2945||3|||"TELECABLE"|"SUR"|"INTERIOR"|"SURESTE"|"SURESTE"|"CHIAPAS"|"HUB TAPACHULA"|"HUB TAPACHULA"|"COMALAPA"||||"Sin RPT"||"OFF RED"
2949||3|||"TVI"|"NORTE"|"NORTE"|"NORESTE"|"NORESTE"|"NUEVO LEON"|"HUB SABINAS"|"HUB SABINAS"|"ANAHUAC"||||"Sin RPT"||"OFF NET"
3446||3|||"TVI"|"NORTE"|"NORTE"|"NORESTE"|"NORESTE"|"NUEVO LEON"|"HUB MONTERREY"|"HUB MONTERREY"|"MONTERREY"||||"Sin RPT"||"ON NET"
3450||3|||"SKY"|"METRO"|"METRO"|"METROPOLITANA"|"MXNORTE"|"MEXICO"|"HUB TOLUCA"|"HUB TOLUCA"|"OCUILAN"||||"Sin RPT"||"OFF RED"
3454||3|||"SKY"|"SUR"|"INTERIOR"|"OCCIDENTE"|"SURESTE"|"OAXACA"|"HUB OAXACA"|"HUB OAXACA"|"SAN BALTAZAR"||||"Sin RPT"||"OFF RED"
3458||3|||"CABLEMAS"|"SUR"|"INTERIOR"|"SURESTE"|"SURESTE"|"YUCATAN"|"HUB VALLADOLID"|"HUB VALLADOLID"|"VALLADOLID"||||"Sin RPT"||"ON NET"
3462||3|||"SKY"|"NORTE"|"NORTE"|"PACIFICO"|"PACIFICO"|"SONORA"|"HUB NAVOJOA"|"HUB NAVOJOA"|"ETCHOHOA"||||"Sin RPT"||"OFF RED"
3466||3||||"SUR"|"INTERIOR"|"SURESTE"|"SURESTE"|"TABASCO"|"HUB MACUSPANA"|"HUB MACUSPANA"|"TACOTALPA"||||"Sin RPT"||"OFF RED"
3470||3|||"CABLEMAS"|"SUR"|"INTERIOR"|"SURESTE"|"GOLFO"|"TLAXCALA"|"HUB HUAMANTLA"|"HUB HUAMANTLA"|"IXTENCO"||||"Sin RPT"||"ON NET"
3474||3|||"SKY"|"NORTE"|"INTERIOR"|"PACIFICO"|"CENTRO"|"ZACATECAS"|"HUB FRESNILLO"|"HUB FRESNILLO"|"RIO GRANDE"||||"Sin RPT"||"OFF NET"
3478||3|||"CABLECOM"|"SUR"|"INTERIOR"|"SURESTE"|"GOLFO"|"VERACRUZ"|"HUB SAN ANDRES TUXTLA"|"HUB SAN ANDRES TUXTLA"|"SAN ANDRES TUXTLA"||||"Sin RPT"||"OFF NET"
3482||3|||"CABLEVISIÓN"|"METRO"|"METRO"|"METROPOLITANA"|"MXNORTE"|"CIUDAD DE MEXICO"|"HUB MIGUEL HIDALGO"|"HUB MIGUEL HIDALGO"|"MIGUEL HIDALGO"||||"Sin RPT"||"ON NET"
3486||3|||"CABLEVISIÓN"|"NORTE"|"NORTE"|"PACIFICO"|"PACIFICO"|"BAJA CALIFORNIA SUR"|"HUB COMONDU"|"HUB COMONDU"|"COMONDU"||||"Sin RPT"||"OFF NET"
3492||3|||"CABLECOM"|"NORTE"|"INTERIOR"|"PACIFICO"|"CENTRO"|"DURANGO"|"HUB SANTIAGO PAPASQUIARO"|"HUB SANTIAGO PAPASQUIARO"|"SAN DIMAS"||||"Sin RPT"||"OFF NET"
3496||3|||"TVI"|"NORTE"|"NORTE"|"NORESTE"|"NORESTE"|"NUEVO LEON"|"HUB SABINAS"|"HUB SABINAS"|"SABINAS"||||"Sin RPT"||"ON NET"
3500||3|||"TELECABLE"|"SUR"|"INTERIOR"|"OCCIDENTE"|"OCCIDENTE"|"JALISCO"|"HUB GUADALAJARA"|"HUB GUADALAJARA"|"TLAJOMULCO"||||"Sin RPT"||"OFF NET"
3505||3|||"CABLEMAS"|"METRO"|"METRO"|"METROPOLITANA"|"MXNORTE"|"MEXICO"|"HUB TECAMAC"|"HUB TECAMAC"|"TECAMAC"||||"Sin RPT"||"ON NET"
3509||3|||"SKY"|"SUR"|"INTERIOR"|"OCCIDENTE"|"SURESTE"|"OAXACA"|"HUB SALINA CRUZ"|"HUB SALINA CRUZ"|"MATIAS ROMERO"||||"Sin RPT"||"OFF NET"
3514||3|||"CABLEMAS"|"NORTE"|"NORTE"|"NORESTE"|"NORESTE"|"NUEVO LEON"|"HUB GENERAL TERAN"|"HUB GENERAL TERAN"|"GENERAL TERAN"||||"Sin RPT"||"OFF NET"
3518||3|||"TVI"|"NORTE"|"NORTE"|"NORESTE"|"NORESTE"|"COAHUILA"|"HUB SALTILLO"|"HUB SALTILLO"|"CASTAÑOS"||||"Sin RPT"||"ON NET"
3522||3|||"SKY"|"NORTE"|"NORTE"|"PACIFICO"|"PACIFICO"|"CHIHUAHUA"|"HUB GUACHOCHI"|"HUB GUACHOCHI"|"BALLEZA"||||"Sin RPT"||"OFF RED"
3527||3||||"NORTE"|"INTERIOR"|"NORESTE"|"CENTRO"|"GUANAJUATO"|"HUB SAN MIGUEL DE ALLENDE"|"HUB SAN MIGUEL DE ALLENDE"|"SAN MIGUEL DE ALLENDE"||||"Sin RPT"||"OFF NET"
3531||3|||"CABLEMAS"|"SUR"|"INTERIOR"|"OCCIDENTE"|"OCCIDENTE"|"JALISCO"|"HUB TEPATITLAN"|"HUB TEPATITLAN"|"MEXTICACAN"||||"Sin RPT"||"ON NET"
3173||3|||"SKY"|"SUR"|"INTERIOR"|"OCCIDENTE"|"OCCIDENTE"|"MICHOACAN"|"HUB AQUILA"|"HUB AQUILA"|"AQUILA"||||"Sin RPT"||"OFF NET"
3177||3|||"CABLEMAS"|"METRO"|"METRO"|"METROPOLITANA"|"MXNORTE"|"MEXICO"|"HUB IXTLAHUACA"|"HUB IXTLAHUACA"|"JILOTEPEC"||||"Sin RPT"||"OFF NET"
3183||3|||"SKY"|"NORTE"|"NORTE"|"PACIFICO"|"PACIFICO"|"SONORA"|"HUB NOGALES"|"HUB NOGALES"|"BAVIACORA"||||"Sin RPT"||"OFF NET"
3187||3|||"CABLEMAS"|"SUR"|"INTERIOR"|"OCCIDENTE"|"SURESTE"|"OAXACA"|"HUB PINOTEPA"|"HUB PINOTEPA"|"TEOJOMULCO"||||"Sin RPT"||"OFF NET"
3192||3|||"SKY"|"NORTE"|"INTERIOR"|"PACIFICO"|"CENTRO"|"ZACATECAS"|"HUB GUADALUPE"|"HUB GUADALUPE"|"GENARO CODINA"||||"Sin RPT"||"OFF RED"
3196||3|||"CABLEVISIÓN"|"METRO"|"METRO"|"METROPOLITANA"|"MXSUR"|"CIUDAD DE MEXICO"|"HUB IZTAPALAPA"|"HUB IZTAPALAPA"|"IZTAPALAPA"||||"Sin RPT"||"ON NET"
3200||3|||"SKY"|"SUR"|"INTERIOR"|"SURESTE"|"SURESTE"|"CHIAPAS"|"HUB SAN CRISTOBAL"|"HUB SAN CRISTOBAL"|"PALENQUE"||||"Sin RPT"||"OFF NET"
3205||3|||"SKY"|"SUR"|"INTERIOR"|"SURESTE"|"SURESTE"|"CHIAPAS"|"HUB SAN CRISTOBAL"|"HUB SAN CRISTOBAL"|"TILA"||||"Sin RPT"||"OFF RED"
3209||3|||"CABLEMAS"|"SUR"|"INTERIOR"|"OCCIDENTE"|"OCCIDENTE"|"JALISCO"|"HUB LAGOS DE MORENO"|"HUB LAGOS DE MORENO"|"VILLA HIDALGO"||||"Sin RPT"||"OFF NET"
3213||3|||"TELECABLE"|"SUR"|"INTERIOR"|"OCCIDENTE"|"OCCIDENTE"|"JALISCO"|"HUB GUADALAJARA"|"HUB GUADALAJARA"|"TEQUILA"||||"Sin RPT"||"ON NET"
3217||3|||"CABLEMAS"|"NORTE"|"INTERIOR"|"NORESTE"|"CENTRO"|"GUANAJUATO"|"HUB IRAPUATO"|"HUB IRAPUATO"|"YURIRIA"||||"Sin RPT"||"OFF NET"
3221||3|||"SKY"|"SUR"|"INTERIOR"|"OCCIDENTE"|"SURESTE"|"OAXACA"|"HUB JUXTLAHUACA"|"HUB JUXTLAHUACA"|"SAN MIGUEL TLACOTEPEC"||||"Sin RPT"||"OFF NET"
3225||3|||"CABLEMAS"|"SUR"|"INTERIOR"|"OCCIDENTE"|"SURESTE"|"OAXACA"|"HUB OAXACA"|"HUB OAXACA"|"TELIXTLAHUACA"||||"Sin RPT"||"OFF NET"
3229||3|||"TELECABLE"|"NORTE"|"INTERIOR"|"PACIFICO"|"CENTRO"|"NAYARIT"|"HUB BAHIA DE BANDERAS"|"HUB BAHIA DE BANDERAS"|"AHUACATLAN"||||"Sin RPT"||"OFF RED"
3234||3|||"SKY"|"SUR"|"INTERIOR"|"OCCIDENTE"|"SURESTE"|"OAXACA"|"HUB PINOTEPA"|"HUB PINOTEPA"|"ATALAHUCA"||||"Sin RPT"||"OFF NET"
3238||3|||"CABLECOM"|"NORTE"|"INTERIOR"|"NORESTE"|"CENTRO"|"QUERETARO"|"HUB CADEREYTA DE MONTES"|"HUB CADEREYTA DE MONTES"|"CADEREYTA DE MONTES"||||"Sin RPT"||"OFF RED"
3242||3|||"SKY"|"NORTE"|"INTERIOR"|"NORESTE"|"GOLFO"|"SAN LUIS POTOSI"|"HUB MATEHUALA"|"HUB MATEHUALA"|"SANTO DOMINGO"||||"Sin RPT"||"OFF RED"
3246||3|||"TVI"|"NORTE"|"INTERIOR"|"NORESTE"|"GOLFO"|"TAMAULIPAS"|"HUB MATAMOROS"|"HUB MATAMOROS"|"RIO BRAVO"||||"Sin RPT"||"OFF NET"
3250||3|||"SKY"|"SUR"|"INTERIOR"|"OCCIDENTE"|"SURESTE"|"OAXACA"|"HUB OAXACA"|"HUB OAXACA"|"OCOTLAN DE MORELOS"||||"Sin RPT"||"OFF NET"
3254||3|||"SKY"|"NORTE"|"INTERIOR"|"NORESTE"|"CENTRO"|"QUERETARO"|"HUB JALPA DE SERRA"|"HUB JALPA DE SERRA"|"JALPAN DE SERRA"||||"Sin RPT"||"OFF NET"
3258||3|||"SKY"|"SUR"|"INTERIOR"|"SURESTE"|"GOLFO"|"TLAXCALA"|"HUB YAHUQUEMEHCAN"|"HUB YAHUQUEMEHCAN"|"TLAXCO"||||"Sin RPT"||"OFF NET"
3263||3|||"CABLECOM"|"SUR"|"INTERIOR"|"SURESTE"|"GOLFO"|"TLAXCALA"|"HUB SAN PABLO DEL MONTE"|"HUB SAN PABLO DEL MONTE"|"MAZATECOCHO"||||"Sin RPT"||"OFF NET"
3267||3|||"CABLEMAS"|"SUR"|"INTERIOR"|"SURESTE"|"SURESTE"|"YUCATAN"|"HUB MERIDA"|"HUB MERIDA"|"DZEMUL"||||"Sin RPT"||"OFF NET"
3272||3|||"CABLEMAS"|"SUR"|"INTERIOR"|"SURESTE"|"GOLFO"|"VERACRUZ"|"HUB VERACRUZ"|"HUB VERACRUZ"|"ACULTZINGO"||||"Sin RPT"||"OFF NET"
3277||3|||"CABLECOM"|"SUR"|"INTERIOR"|"SURESTE"|"SURESTE"|"CAMPECHE"|"HUB CARMEN"|"HUB CARMEN"|"CIUDAD DEL CARMEN"||||"Sin RPT"||"ON NET"
3281||3|||"SKY"|"NORTE"|"NORTE"|"PACIFICO"|"PACIFICO"|"CHIHUAHUA"|"HUB CUAUHTEMOC CHIH"|"HUB CUAUHTEMOC CHIH"|"MATACHI"||||"Sin RPT"||"OFF NET"
3286||3|||"CABLEMAS"|"METRO"|"METRO"|"METROPOLITANA"|"MXNORTE"|"HIDALGO"|"HUB IXMIQUILPAN"|"HUB IXMIQUILPAN"|"TEPEHUACAN"||||"Sin RPT"||"OFF RED"
3290||3|||"CABLECOM"|"METRO"|"METRO"|"METROPOLITANA"|"MXNORTE"|"MEXICO"|"HUB TOLUCA"|"HUB TOLUCA"|"TIANGUISTENGO MEX"||||"Sin RPT"||"OFF NET"
3658||5|||"SKY"|"NORTE"||"NORESTE"||"NUEVO LEON"|"HUB GENERAL TERAN"|"HUB GENERAL TERAN"|"LOS RAMONES"||||||"OFF NET"
3662||5|||"CABLEVISIÓN"|"METRO"||"METROPOLITANA"||"CIUDAD DE MEXICO"|"HUB IZTACALCO"|"HUB IZTACALCO"|"IZTACALCO"||||||"ON NET"
3666||5|||"SKY"|"SUR"||"SURESTE"||"CHIAPAS"|"HUB SAN CRISTOBAL"|"HUB SAN CRISTOBAL"|"CATAZAJA"||||||"OFF RED"
3049||3|||"TELECABLE"|"SUR"|"INTERIOR"|"OCCIDENTE"|"OCCIDENTE"|"JALISCO"|"HUB GUADALAJARA"|"HUB GUADALAJARA"|"EL SALTO"||||"Sin RPT"||"ON NET"
3054||3|||"CABLEMAS"|"SUR"|"INTERIOR"|"SURESTE"|"GOLFO"|"VERACRUZ"|"HUB PANUCO"|"HUB PANUCO"|"NARANJOS"||||"Sin RPT"||"OFF NET"
3058||3|||"CABLEMAS"|"NORTE"|"NORTE"|"PACIFICO"|"PACIFICO"|"BAJA CALIFORNIA"|"HUB TIJUANA"|"HUB TIJUANA"|"TIJUANA"||||"Sin RPT"||"ON NET"
3063||3|||"SKY"|"SUR"|"INTERIOR"|"OCCIDENTE"|"OCCIDENTE"|"MICHOACAN"|"HUB ZAMORA"|"HUB ZAMORA"|"ZAMORA"||||"Sin RPT"||"OFF NET"
3067||3|||"CABLEMAS"|"SUR"|"INTERIOR"|"OCCIDENTE"|"OCCIDENTE"|"JALISCO"|"HUB PUERTO VALLARTA"|"HUB PUERTO VALLARTA"|"MASCOTA"||||"Sin RPT"||"OFF NET"
3072||3||||"SUR"|"INTERIOR"|"SURESTE"|"GOLFO"|"PUEBLA"|"HUB ZACATLAN"|"HUB ZACATLAN"|"HUTIZILAN"||||"Sin RPT"||"OFF RED"
3326||3|||"TVI"|"NORTE"|"NORTE"|"NORESTE"|"NORESTE"|"NUEVO LEON"|"HUB MONTERREY"|"HUB MONTERREY"|"DOCTOR GONZALEZ"||||"Sin RPT"||"OFF NET"
3331||3|||"SKY"|"METRO"|"METRO"|"METROPOLITANA"|"MXNORTE"|"MEXICO"|"HUB VILLA VICTORIA"|"HUB VILLA VICTORIA"|"TEJUPILCO"||||"Sin RPT"||"OFF NET"
3335||3|||"SKY"|"NORTE"|"INTERIOR"|"NORESTE"|"GOLFO"|"SAN LUIS POTOSI"|"HUB MATEHUALA"|"HUB MATEHUALA"|"CATORCE"||||"Sin RPT"||"OFF RED"
3339||3|||"SKY"|"SUR"|"INTERIOR"|"SURESTE"|"GOLFO"|"PUEBLA"|"HUB IZUCAR DE MATAMOROS"|"HUB IZUCAR DE MATAMOROS"|"ACATLAN"||||"Sin RPT"||"OFF NET"
3343||3|||"SKY"|"NORTE"|"INTERIOR"|"PACIFICO"|"CENTRO"|"SINALOA"|"HUB AHOME"|"HUB AHOME"|"CHOIX"||||"Sin RPT"||"OFF NET"
3347||3|||"SKY"|"SUR"|"INTERIOR"|"SURESTE"|"GOLFO"|"TLAXCALA"|"HUB HUAMANTLA"|"HUB HUAMANTLA"|"SAN JOSE TEACALCO"||||"Sin RPT"||"OFF NET"
3351||3|||"TVI"|"NORTE"|"INTERIOR"|"NORESTE"|"GOLFO"|"TAMAULIPAS"|"HUB REYNOSA"|"HUB REYNOSA"|"MIGUEL ALEMAN"||||"Sin RPT"||"OFF NET"
3355||3|||"SKY"|"NORTE"|"INTERIOR"|"NORESTE"|"GOLFO"|"TAMAULIPAS"|"HUB TAMPICO"|"HUB TAMPICO"|"GONZALEZ"||||"Sin RPT"||"OFF NET"
3359||3|||"TVI"|"SUR"|"INTERIOR"|"SURESTE"|"SURESTE"|"YUCATAN"|"HUB TEKAX"|"HUB TEKAX"|"HOMUN"||||"Sin RPT"||"OFF NET"
3363||3|||"CABLEMAS"|"SUR"|"INTERIOR"|"SURESTE"|"SURESTE"|"CAMPECHE"|"HUB CAMPECHE"|"HUB CAMPECHE"|"CAMPECHE"||||"Sin RPT"||"ON NET"
3367||3|||"CABLECOM"|"SUR"|"INTERIOR"|"OCCIDENTE"|"OCCIDENTE"|"GUERRERO"|"HUB IGUALA"|"HUB IGUALA"|"TELOLOAPAN"||||"Sin RPT"||"OFF NET"
3372||3|||"SKY"|"SUR"|"INTERIOR"|"OCCIDENTE"|"OCCIDENTE"|"JALISCO"|"HUB GUADALAJARA"|"HUB GUADALAJARA"|"MAGDALENA"||||"Sin RPT"||"OFF NET"
3376||3|||"SKY"|"METRO"|"METRO"|"METROPOLITANA"|"MXNORTE"|"MEXICO"|"HUB IXTLAHUACA"|"HUB IXTLAHUACA"|"IXTLAHUACA"||||"Sin RPT"||"OFF RED"
3382||3|||"CABLECOM"|"NORTE"|"INTERIOR"|"NORESTE"|"CENTRO"|"QUERETARO"|"HUB QUERETARO"|"HUB QUERETARO"|"QUERETARO"||||"Sin RPT"||"ON NET"
3386||3|||"CABLECOM"|"NORTE"|"INTERIOR"|"PACIFICO"|"CENTRO"|"SINALOA"|"HUB MAZATLAN"|"HUB MAZATLAN"|"MAZATLAN"||||"Sin RPT"||"ON NET"
3390||3|||"CABLEMAS"|"SUR"|"INTERIOR"|"OCCIDENTE"|"SURESTE"|"OAXACA"|"HUB OAXACA"|"HUB OAXACA"|"VILLA DE ZAACHILA"||||"Sin RPT"||"ON NET"
3395||3|||"SKY"|"NORTE"|"INTERIOR"|"PACIFICO"|"CENTRO"|"ZACATECAS"|"HUB NOCHISTLAN"|"HUB NOCHISTLAN"|"APULPO"||||"Sin RPT"||"OFF NET"
3399||3|||"CABLECOM"|"SUR"|"INTERIOR"|"OCCIDENTE"|"SURESTE"|"OAXACA"|"HUB TUXTEPEC"|"HUB TUXTEPEC"|"VALLE NACIONAL"||||"Sin RPT"||"OFF RED"
3403||3|||"TELECABLE"|"SUR"|"INTERIOR"|"OCCIDENTE"|"CENTRO"|"AGUASCALIENTES"|"HUB AGUASCALIENTES"|"HUB AGUASCALIENTES"|"SAN FRANCISCO DE LOS ROMO"||||"Sin RPT"||"ON NET"
3408||3|||"SKY"|"NORTE"|"NORTE"|"NORESTE"|"NORESTE"|"COAHUILA"|"HUB PIEDRAS NEGRAS"|"HUB PIEDRAS NEGRAS"|"ACUÑA"||||"Sin RPT"||"OFF NET"
3412||3|||"SKY"|"NORTE"|"NORTE"|"NORESTE"|"NORESTE"|"COAHUILA"|"HUB TORREON"|"HUB TORREON"|"PARRAS"||||"Sin RPT"||"OFF NET"
3417||3|||"SKY"|"NORTE"|"NORTE"|"PACIFICO"|"PACIFICO"|"CHIHUAHUA"|"HUB CUAUHTEMOC CHIH"|"HUB CUAUHTEMOC CHIH"|"RIVA PALACIO"||||"Sin RPT"||"OFF RED"
3421||3|||"CABLEMAS"|"SUR"|"INTERIOR"|"OCCIDENTE"|"OCCIDENTE"|"GUERRERO"|"HUB COYUCA"|"HUB COYUCA"|"HELIODORO CASTILLO"||||"Sin RPT"||"OFF RED"
3425||3|||"SKY"|"SUR"|"INTERIOR"|"OCCIDENTE"|"OCCIDENTE"|"GUERRERO"|"HUB IGUALA"|"HUB IGUALA"|"APAXTLA"||||"Sin RPT"||"OFF NET"
3430||3|||"TELECABLE"|"NORTE"|"INTERIOR"|"NORESTE"|"CENTRO"|"GUANAJUATO"|"HUB PENJAMO"|"HUB PENJAMO"|"PURISIMA DEL RINCON"||||"Sin RPT"||"OFF NET"
3434||3|||"SKY"|"SUR"|"INTERIOR"|"OCCIDENTE"|"OCCIDENTE"|"GUERRERO"|"HUB ZIHUATANEJO"|"HUB ZIHUATANEJO"|"ZIHUATANEJO"||||"Sin RPT"||"OFF NET"
3439||3|||"CABLEMAS"|"SUR"|"INTERIOR"|"OCCIDENTE"|"SURESTE"|"OAXACA"|"HUB HUAJUAPAN"|"HUB HUAJUAPAN"|"CUYAMECALCO"||||"Sin RPT"||"OFF RED"
3443||3||||"METRO"|"METRO"|"METROPOLITANA"|"MXNORTE"|"MEXICO"|"HUB TOLUCA"|"HUB TOLUCA"|"VILLA GUERRERO"||||"Sin RPT"||"OFF NET"
3821||5|||"CABLECOM"|"SUR"||"SURESTE"||"TABASCO"|"HUB COMALCALCO"|"HUB COMALCALCO"|"NACAJUCA"||||||"OFF NET"
3825||5|||"CABLEMAS"|"SUR"||"SURESTE"||"PUEBLA"|"HUB TEZIUTLAN"|"HUB TEZIUTLAN"|"CHIGNAUTLA"||||||"OFF NET"
3829||5|||"CABLEMAS"|"SUR"||"SURESTE"||"VERACRUZ"|"HUB VERACRUZ"|"HUB VERACRUZ"|"LA PERLA"||||||"OFF RED"
3833||5|||"CABLEMAS"|"SUR"||"SURESTE"||"VERACRUZ"|"HUB COATZACOALCOS"|"HUB COATZACOALCOS"|"MINATITLAN"||||||"ON NET"
3837||5|||"SKY"|"SUR"||"SURESTE"||"VERACRUZ"|"HUB TIERRA BLANCA"|"HUB TIERRA BLANCA"|"TIERRA BLANCA"||||||"OFF NET"
3841||5|||"CABLECOM"|"SUR"||"SURESTE"||"TLAXCALA"|"HUB YAHUQUEMEHCAN"|"HUB YAHUQUEMEHCAN"|"TETLA"||||||"OFF NET"
3845||5|||"CABLEMAS"|"SUR"||"SURESTE"||"VERACRUZ"|"HUB PANUCO"|"HUB PANUCO"|"TAMIAHUA"||||||"OFF RED"
3849||5|||"CABLEMAS"|"SUR"||"SURESTE"||"VERACRUZ"|"HUB VERACRUZ"|"HUB VERACRUZ"|"MARIANO ESCOBEDO"||||||"OFF NET"
3853||5|||"CABLEMAS"|"SUR"||"SURESTE"||"YUCATAN"|"HUB MERIDA"|"HUB MERIDA"|"PROGRESO"||||||"ON NET"
3857||5|||"CABLEMAS"|"NORTE"||"PACIFICO"||"CHIHUAHUA"|"HUB PARRAL"|"HUB PARRAL"|"PARRAL"||||||"ON NET"
3861||5|||"CABLEMAS"|"METRO"||"METROPOLITANA"||"MORELOS"|"HUB CUERNAVACA"|"HUB CUERNAVACA"|"CUERNAVACA"||||||"ON NET"
3865||5|||"CABLEMAS"|"METRO"||"METROPOLITANA"||"HIDALGO"|"HUB HUEJUTLA"|"HUB HUEJUTLA"|"HGO YAHUALICA"||||||"OFF RED"
3869||5|||"SKY"|"METRO"||"METROPOLITANA"||"MEXICO"|"HUB VILLA VICTORIA"|"HUB VILLA VICTORIA"|"VALLE DE BRAVO"||||||"OFF NET"
3873||5|||"SKY"|"SUR"||"SURESTE"||"PUEBLA"|"HUB TECAMACHALCO"|"HUB TECAMACHALCO"|"TECAMACHALCO"||||||"OFF NET"
3877||5|||"TVI"|"NORTE"||"NORESTE"||"SAN LUIS POTOSI"|"HUB MATEHUALA"|"HUB MATEHUALA"|"MATEHUALA"||||||"ON NET"
3881||5|||"SKY"|"SUR"||"OCCIDENTE"||"OAXACA"|"HUB OAXACA"|"HUB OAXACA"|"SAN JOSE DEL PROGRESO"||||||"OFF RED"
3885||5|||"TELECABLE"|"METRO"||"METROPOLITANA"||"CIUDAD DE MEXICO"|"HUB CUAJIMALPA"|"HUB CUAJIMALPA"|"CUAJIMALPA"||||||"ON NET"
3889||5|||"TELECABLE"|"NORTE"||"PACIFICO"||"ZACATECAS"|"HUB GUADALUPE"|"HUB GUADALUPE"|"JEREZ"||||||"OFF NET"
3893||5|||"SKY"|"NORTE"||"NORESTE"||"NUEVO LEON"|"HUB LINARES"|"HUB LINARES"|"GALEANA"||||||"OFF RED"
3897||5|||"CABLECOM"|"METRO"||"METROPOLITANA"||"CIUDAD DE MEXICO"|"HUB VENUSTIANO CARRANZA"|"HUB VENUSTIANO CARRANZA"|"VENUSTIANO CARRANZA CDMX"||||||"ON NET"
3901||5|||"SKY"|"SUR"||"SURESTE"||"CHIAPAS"|"HUB OCOSINGO"|"HUB OCOSINGO"|"BENEMERITO DE LAS AMERICAS"||||||"OFF RED"
3905||5|||"SKY"|"NORTE"||"PACIFICO"||"DURANGO"|"HUB DURANGO"|"HUB DURANGO"|"MEZQUITAL"||||||"OFF RED"
3909||5|||"SKY"|"NORTE"||"NORESTE"||"GUANAJUATO"|"HUB PENJAMO"|"HUB PENJAMO"|"ROMITA"||||||"OFF RED"
3913||5|||"SKY"|"SUR"||"OCCIDENTE"||"JALISCO"|"HUB COLOTLAN"|"HUB COLOTLAN"|"MEZQUITIC"||||||"OFF RED"
3917||5|||"TVI"|"NORTE"||"NORESTE"||"NUEVO LEON"|"HUB MONTERREY"|"HUB MONTERREY"|"CIENEGA DE FLORES"||||||"ON NET"
3921||5|||"CABLECOM"|"METRO"||"METROPOLITANA"||"MEXICO"|"HUB TOLUCA"|"HUB TOLUCA"|"TEMOAYA"||||||"OFF NET"
3925||5|||"CABLEMAS"|"METRO"||"METROPOLITANA"||"MEXICO"|"HUB NEZAHUALCOYOTL"|"HUB NEZAHUALCOYOTL"|"NEZAHUALCOYOTL"||||||"ON NET"
3929||5|||"CABLEMAS"|"SUR"||"SURESTE"||"QUINTANA ROO"|"HUB CANCUN"|"HUB CANCUN"|"PUERTO MORELOS"||||||"OFF NET"
3933||5|||"CABLECOM"|"NORTE"||"NORESTE"||"SAN LUIS POTOSI"|"HUB SAN LUIS POTOSI"|"HUB SAN LUIS POTOSI"|"SAN LUIS POTOSI"||||||"ON NET"
3937||5|||"SKY"|"SUR"||"SURESTE"||"PUEBLA"|"HUB AMOZOC"|"HUB AMOZOC"|"GUADALUPE VICTORIA PUE"||||||"OFF NET"
3941||5|||"CABLEMAS"|"SUR"||"SURESTE"||"PUEBLA"|"HUB ATLIXCO"|"HUB ATLIXCO"|"ATLIXCO"||||||"ON NET"
3074||3||||"SUR"|"INTERIOR"|"SURESTE"|"GOLFO"|"PUEBLA"|"HUB TECAMACHALCO"|"HUB TECAMACHALCO"|"TEPEACA"||||"Sin RPT"||"OFF NET"
3078||3||||"NORTE"|"NORTE"|"PACIFICO"|"PACIFICO"|"SONORA"|"HUB NAVOJOA"|"HUB NAVOJOA"|"NAVOJOA"||||"Sin RPT"||"OFF NET"
3082||3|||"CABLEMAS"|"NORTE"|"INTERIOR"|"NORESTE"|"GOLFO"|"TAMAULIPAS"|"HUB SOTO LA MARINA"|"HUB SOTO LA MARINA"|"SOTO"||||"Sin RPT"||"OFF NET"
3086||3|||"CABLEVISIÓN"|"METRO"|"METRO"|"METROPOLITANA"|"MXNORTE"|"CIUDAD DE MEXICO"|"HUB AZCAPOTZALCO"|"HUB AZCAPOTZALCO"|"AZCAPOTZALCO"||||"Sin RPT"||"ON NET"
3090||3|||"CABLEVISIÓN"|"NORTE"|"NORTE"|"NORESTE"|"NORESTE"|"NUEVO LEON"|"HUB LINARES"|"HUB LINARES"|"MIER Y NORIEGA"||||"Sin RPT"||"OFF NET"
3094||3|||"TELECABLE"|"SUR"|"INTERIOR"|"OCCIDENTE"|"OCCIDENTE"|"COLIMA"|"HUB MANZANILLO"|"HUB MANZANILLO"|"MANZANILLO"||||"Sin RPT"||"ON NET"
3098||3|||"SKY"|"SUR"|"INTERIOR"|"SURESTE"|"SURESTE"|"CHIAPAS"|"HUB SAN CRISTOBAL"|"HUB SAN CRISTOBAL"|"SIMOJOVEL"||||"Sin RPT"||"OFF RED"
3102||3|||"SKY"|"NORTE"|"NORTE"|"PACIFICO"|"PACIFICO"|"CHIHUAHUA"|"HUB JUAREZ"|"HUB JUAREZ"|"CASAS GRANDES"||||"Sin RPT"||"OFF NET"
3106||3|||"TELECABLE"|"METRO"|"METRO"|"METROPOLITANA"|"MXNORTE"|"HIDALGO"|"HUB TULANCINGO"|"HUB TULANCINGO"|"CUAUTEPEC"||||"Sin RPT"||"OFF NET"
3110||3|||"SKY"|"METRO"|"METRO"|"METROPOLITANA"|"MXNORTE"|"HIDALGO"|"HUB HUEJUTLA"|"HUB HUEJUTLA"|"ZACUALTIPAN"||||"Sin RPT"||"OFF NET"
3114||3|||"SKY"|"SUR"|"INTERIOR"|"OCCIDENTE"|"OCCIDENTE"|"JALISCO"|"HUB CIUDAD GUZMAN"|"HUB CIUDAD GUZMAN"|"SAN GABRIEL"||||"Sin RPT"||"OFF RED"
3118||3|||"CABLECOM"|"SUR"|"INTERIOR"|"OCCIDENTE"|"OCCIDENTE"|"JALISCO"|"HUB TEPATITLAN"|"HUB TEPATITLAN"|"SAN IGNACIO CERRO GORDO"||||"Sin RPT"||"ON NET"
3122||3|||"SKY"|"SUR"|"INTERIOR"|"OCCIDENTE"|"SURESTE"|"OAXACA"|"HUB HUAJUAPAN"|"HUB HUAJUAPAN"|"COIXTLAHUACA"||||"Sin RPT"||"OFF NET"
3126||3|||"CABLEMAS"|"METRO"|"METRO"|"METROPOLITANA"|"MXSUR"|"MORELOS"|"HUB AYALA"|"HUB AYALA"|"AYALA"||||"Sin RPT"||"OFF NET"
3132||3|||"SKY"|"SUR"|"INTERIOR"|"OCCIDENTE"|"SURESTE"|"OAXACA"|"HUB HUAJUAPAN"|"HUB HUAJUAPAN"|"CHAZUMBA"||||"Sin RPT"||"OFF RED"
3136||3|||"SKY"|"SUR"|"INTERIOR"|"SURESTE"|"SURESTE"|"YUCATAN"|"HUB TEKAX"|"HUB TEKAX"|"SOTUTA"||||"Sin RPT"||"OFF NET"
3141||3|||"CABLECOM"|"SUR"|"INTERIOR"|"SURESTE"|"GOLFO"|"PUEBLA"|"HUB AMOZOC"|"HUB AMOZOC"|"CHICHIQUILA"||||"Sin RPT"||"OFF RED"
3145||3|||"SKY"|"NORTE"|"NORTE"|"PACIFICO"|"PACIFICO"|"SONORA"|"HUB NOGALES"|"HUB NOGALES"|"NACOZARI DE GARCIA"||||"Sin RPT"||"OFF NET"
3151||3|||"SKY"|"NORTE"|"INTERIOR"|"PACIFICO"|"CENTRO"|"ZACATECAS"|"HUB GUADALUPE"|"HUB GUADALUPE"|"TEPETONGO"||||"Sin RPT"||"OFF RED"
3155||3|||"SKY"|"SUR"|"INTERIOR"|"SURESTE"|"SURESTE"|"YUCATAN"|"HUB TEKAX"|"HUB TEKAX"|"TEABO"||||"Sin RPT"||"OFF NET"
3160||3|||"SKY"|"SUR"|"INTERIOR"|"SURESTE"|"GOLFO"|"VERACRUZ"|"HUB PANUCO"|"HUB PANUCO"|"CHALMA"||||"Sin RPT"||"OFF RED"
3164||3|||"CABLEMAS"|"SUR"|"INTERIOR"|"SURESTE"|"GOLFO"|"VERACRUZ"|"HUB VERACRUZ"|"HUB VERACRUZ"|"AMATLAN DE LOS REYES"||||"Sin RPT"||"OFF NET"
3168||3|||"CABLEMAS"|"SUR"|"INTERIOR"|"SURESTE"|"SURESTE"|"CAMPECHE"|"HUB CARMEN"|"HUB CARMEN"|"ESCARCEGA"||||"Sin RPT"||"OFF NET"
3553||3|||"CABLEMAS"|"SUR"|"INTERIOR"|"SURESTE"|"GOLFO"|"PUEBLA"|"HUB TEHUACAN"|"HUB TEHUACAN"|"TEHUACAN"||||"Sin RPT"||"ON NET"
3557||3|||"CABLEMAS"|"SUR"|"INTERIOR"|"SURESTE"|"GOLFO"|"PUEBLA"|"HUB TEHUACAN"|"HUB TEHUACAN"|"AJALPAN"||||"Sin RPT"||"OFF NET"
3562||3|||"SKY"|"NORTE"|"INTERIOR"|"NORESTE"|"GOLFO"|"SAN LUIS POTOSI"|"HUB RIOVERDE"|"HUB RIOVERDE"|"CIUDAD DEL MAIZ"||||"Sin RPT"||"OFF NET"
3566||3|||"SKY"|"NORTE"|"INTERIOR"|"NORESTE"|"GOLFO"|"SAN LUIS POTOSI"|"HUB RIOVERDE"|"HUB RIOVERDE"|"ALAQUINES"||||"Sin RPT"||"OFF NET"
3571||3|||"SKY"|"SUR"|"INTERIOR"|"SURESTE"|"SURESTE"|"CHIAPAS"|"HUB TAPACHULA"|"HUB TAPACHULA"|"FRONTERA HIDALGO"||||"Sin RPT"||"OFF RED"
3575||3|||"CABLEMAS"|"NORTE"|"INTERIOR"|"PACIFICO"|"CENTRO"|"DURANGO"|"HUB DURANGO"|"HUB DURANGO"|"DUR GUADALUPE VICTORIA"||||"Sin RPT"||"OFF NET"
3579||3|||"TELECABLE"|"SUR"|"INTERIOR"|"OCCIDENTE"|"OCCIDENTE"|"JALISCO"|"HUB TEPATITLAN"|"HUB TEPATITLAN"|"VALLE DE GUADALUPE"||||"Sin RPT"||"OFF NET"
3583||3|||"TELECABLE"|"METRO"|"METRO"|"METROPOLITANA"|"MXNORTE"|"MEXICO"|"HUB VILLA VICTORIA"|"HUB VILLA VICTORIA"|"TLATLAYA"||||"Sin RPT"||"OFF RED"
3587||3|||"TELECABLE"|"METRO"|"METRO"|"METROPOLITANA"|"MXSUR"|"MORELOS"|"HUB PUENTE DE IXTLA"|"HUB PUENTE DE IXTLA"|"PUENTE DE IXTLA"||||"Sin RPT"||"OFF NET"
3591||3|||"CABLECOM"|"METRO"|"METRO"|"METROPOLITANA"|"MXNORTE"|"MEXICO"|"HUB TOLUCA"|"HUB TOLUCA"|"TEMOAYA"||||"Sin RPT"||"OFF NET"
3595||3|||"SKY"|"SUR"|"INTERIOR"|"OCCIDENTE"|"SURESTE"|"OAXACA"|"HUB SALINA CRUZ"|"HUB SALINA CRUZ"|"SAN MATEO DEL MAR"||||"Sin RPT"||"OFF RED"
3599||3|||"TVI"|"NORTE"|"INTERIOR"|"NORESTE"|"GOLFO"|"TAMAULIPAS"|"HUB VICTORIA"|"HUB VICTORIA"|"CASAS"||||"Sin RPT"||"OFF NET"
3603||3|||"SKY"|"SUR"|"INTERIOR"|"SURESTE"|"GOLFO"|"PUEBLA"|"HUB TEZIUTLAN"|"HUB TEZIUTLAN"|"ZARAGOZA"||||"Sin RPT"||"OFF NET"
3607||3|||"SKY"|"SUR"|"INTERIOR"|"SURESTE"|"GOLFO"|"PUEBLA"|"HUB ATLIXCO"|"HUB ATLIXCO"|"SAN JERONIMO TECUANIPAN"||||"Sin RPT"||"OFF RED"
3611||3|||"CABLECOM"|"SUR"|"INTERIOR"|"SURESTE"|"GOLFO"|"PUEBLA"|"HUB IZUCAR DE MATAMOROS"|"HUB IZUCAR DE MATAMOROS"|"CHIETLA"||||"Sin RPT"||"OFF NET"
3615||3|||"SKY"|"NORTE"|"INTERIOR"|"PACIFICO"|"CENTRO"|"ZACATECAS"|"HUB VALPARAISO"|"HUB VALPARAISO"|"MONTE ESCOBEDO"||||"Sin RPT"||"OFF NET"
3619||3|||"CABLECOM"|"SUR"|"INTERIOR"|"SURESTE"|"GOLFO"|"TLAXCALA"|"HUB SAN PABLO DEL MONTE"|"HUB SAN PABLO DEL MONTE"|"SAN PABLO DEL MONTE"||||"Sin RPT"||"ON NET"
3623||5|||"SKY"|"SUR"||"SURESTE"||"VERACRUZ"|"HUB XALAPA"|"HUB XALAPA"|"ACTOPAN VER"||||||"OFF RED"
3627||5|||"CABLECOM"|"SUR"||"SURESTE"||"VERACRUZ"|"HUB VERACRUZ"|"HUB VERACRUZ"|"HUATUSCO"||||||"OFF NET"
3631||5|||"CABLEVISIÓN"|"NORTE"||"PACIFICO"||"BAJA CALIFORNIA SUR"|"HUB COMONDU"|"HUB COMONDU"|"COMONDU"||||||"OFF NET"
3635||5|||"SKY"|"NORTE"||"PACIFICO"||"CHIHUAHUA"|"HUB PARRAL"|"HUB PARRAL"|"VALLE DE ZARAGOZA"||||||"OFF RED"
3639||5|||"TELECABLE"|"NORTE"||"PACIFICO"||"NAYARIT"|"HUB BAHIA DE BANDERAS"|"HUB BAHIA DE BANDERAS"|"COMPOSTELA"||||||"OFF NET"
3643||5|||"SKY"|"SUR"||"OCCIDENTE"||"JALISCO"|"HUB GUADALAJARA"|"HUB GUADALAJARA"|"MAGDALENA"||||||"OFF NET"
3647||5|||"SKY"|"METRO"||"METROPOLITANA"||"MEXICO"|"HUB IXTLAHUACA"|"HUB IXTLAHUACA"|"IXTLAHUACA"||||||"OFF RED"
3651||5|||"SKY"|"NORTE"||"PACIFICO"||"SONORA"|"HUB HERMOSILLO"|"HUB HERMOSILLO"|"URES"||||||"OFF NET"
4145||5|||"SKY"|"NORTE"||"NORESTE"||"QUERETARO"|"HUB JALPA DE SERRA"|"HUB JALPA DE SERRA"|"ARROYO SECO"||||||"OFF RED"
4149||5|||"CABLEMAS"|"SUR"||"SURESTE"||"VERACRUZ"|"HUB COATZACOALCOS"|"HUB COATZACOALCOS"|"COATZACOALCOS"||||||"ON NET"
4153||5|||"CABLECOM"|"NORTE"||"NORESTE"||"TAMAULIPAS"|"HUB VICTORIA"|"HUB VICTORIA"|"XICONTENCATL"||||||"ON NET"
4157||5|||"SKY"|"SUR"||"SURESTE"||"YUCATAN"|"HUB MERIDA"|"HUB MERIDA"|"IXIL"||||||"OFF RED"
4161||5|||"SKY"|"SUR"||"SURESTE"||"TLAXCALA"|"HUB YAHUQUEMEHCAN"|"HUB YAHUQUEMEHCAN"|"XALTOCAN"||||||"OFF NET"
3667||5|||"SKY"|"SUR"||"SURESTE"||"CHIAPAS"|"HUB OCOSINGO"|"HUB OCOSINGO"|"MARAVILLA TENEJAPA"||||||"OFF RED"
3671||5|||"SKY"|"NORTE"||"PACIFICO"||"CHIHUAHUA"|"HUB JUAREZ"|"HUB JUAREZ"|"BUENAVENTURA"||||||"OFF NET"
3675||5|||"SKY"|"METRO"||"METROPOLITANA"||"HIDALGO"|"HUB HUEJUTLA"|"HUB HUEJUTLA"|"ZACUALTIPAN"||||||"OFF NET"
3679||5|||"TELECABLE"|"SUR"||"OCCIDENTE"||"JALISCO"|"HUB LAGOS DE MORENO"|"HUB LAGOS DE MORENO"|"SAN JUAN DE LOS LAGOS"||||||"ON NET"
3683||5|||"CABLECOM"|"NORTE"||"NORESTE"||"GUANAJUATO"|"HUB CELAYA"|"HUB CELAYA"|"CELAYA"||||||"ON NET"
3687||5|||"CABLEMAS"|"METRO"||"METROPOLITANA"||"MEXICO"|"HUB TEPOTZOTLAN"|"HUB TEPOTZOTLAN"|"TEOLOYUCAN"||||||"ON NET"
3691||5|||"CABLEMAS"|"METRO"||"METROPOLITANA"||"MEXICO"|"HUB IXTAPALUCA"|"HUB IXTAPALUCA"|"IXTAPALUCA LOS REYES"||||||"ON NET"
3695||5|||"TVI"|"NORTE"||"NORESTE"||"NUEVO LEON"|"HUB MONTERREY"|"HUB MONTERREY"|"GARCIA"||||||"ON NET"
3699||5|||"CABLEMAS"|"METRO"||"METROPOLITANA"||"MEXICO"|"HUB CHALCO"|"HUB CHALCO"|"TENANGO DEL AIRE"||||||"OFF NET"
3703||5|||"SKY"|"NORTE"||"NORESTE"||"SAN LUIS POTOSI"|"HUB SAN LUIS POTOSI"|"HUB SAN LUIS POTOSI"|"TIERRA NUEVA"||||||"OFF NET"
3707||5|||"SKY"|"SUR"||"SURESTE"||"YUCATAN"|"HUB TEKAX"|"HUB TEKAX"|"TECOH"||||||"OFF RED"
3711||5|||"SKY"|"SUR"||"OCCIDENTE"||"OAXACA"|"HUB HUATULCO"|"HUB HUATULCO"|"XITLA"||||||"OFF RED"
3715||5|||"SKY"|"SUR"||"OCCIDENTE"||"OAXACA"|"HUB PINOTEPA"|"HUB PINOTEPA"|"SAN LORENZO"||||||"OFF RED"
3719||5|||"CABLEMAS"|"SUR"||"SURESTE"||"YUCATAN"|"HUB IZAMAL"|"HUB IZAMAL"|"IZAMAL"||||||"ON NET"
3723||5|||"CABLEMAS"|"SUR"||"SURESTE"||"VERACRUZ"|"HUB COATZACOALCOS"|"HUB COATZACOALCOS"|"AGUA DULCE"||||||"OFF NET"
3727||5|||"SKY"|"NORTE"||"PACIFICO"||"ZACATECAS"|"HUB FRESNILLO"|"HUB FRESNILLO"|"CAÑITAS DE FELIPE PESCADOR"||||||"OFF NET"
3731||5|||"SKY"|"SUR"||"SURESTE"||"VERACRUZ"|"HUB XALAPA"|"HUB XALAPA"|"TLACOLULAN"||||||"OFF RED"
3735||5|||"CABLEMAS"|"SUR"||"OCCIDENTE"||"AGUASCALIENTES"|"HUB ASIENTOS"|"HUB ASIENTOS"|"ASIENTOS"||||||"OFF RED"
3739||5|||"CABLEMAS"|"NORTE"||"NORESTE"||"COAHUILA"|"HUB TORREON"|"HUB TORREON"|"TORREON"||||||"OFF NET"
3743||5|||"SKY"|"NORTE"||"PACIFICO"||"CHIHUAHUA"|"HUB GUACHOCHI"|"HUB GUACHOCHI"|"OCAMPO CHIH"||||||"OFF NET"
3747||5|||"CABLEMAS"|"SUR"||"OCCIDENTE"||"MICHOACAN"|"HUB TACAMBARO"|"HUB TACAMBARO"|"MUGICA"||||||"OFF NET"
3751||5|||"CABLEMAS"|"METRO"||"METROPOLITANA"||"HIDALGO"|"HUB TULA"|"HUB TULA"|"HUICHAPAN"||||||"OFF RED"
3755||5||||"SUR"||"SURESTE"||"PUEBLA"|"HUB TEZIUTLAN"|"HUB TEZIUTLAN"|"IXTACAMAXTITLAN"||||||"OFF RED"
3759||5|||"CABLEVISIÓN"|"SUR"||"SURESTE"||"TABASCO"|"HUB CENTRO"|"HUB CENTRO"|"CENTRO"||||||"ON NET"
3763||5|||"SKY"|"SUR"||"OCCIDENTE"||"OAXACA"|"HUB OAXACA"|"HUB OAXACA"|"SANTA CRUZ MIXTEPEC"||||||"OFF NET"
3767||5|||"TVI"|"NORTE"||"NORESTE"||"NUEVO LEON"|"HUB GENERAL TERAN"|"HUB GENERAL TERAN"|"GENERAL BRAVO"||||||"OFF NET"
3771||5|||"CABLECOM"|"SUR"||"OCCIDENTE"||"OAXACA"|"HUB SALINA CRUZ"|"HUB SALINA CRUZ"|"JUCHITAN"||||||"OFF NET"
3775||5|||"CABLEMAS"|"SUR"||"SURESTE"||"CAMPECHE"|"HUB CAMPECHE"|"HUB CAMPECHE"|"CANDELARIA"||||||"OFF RED"
3779||5|||"SKY"|"SUR"||"SURESTE"||"CHIAPAS"|"HUB REFORMA"|"HUB REFORMA"|"SOYALO"||||||"OFF NET"
3783||5|||"SKY"|"SUR"||"SURESTE"||"CHIAPAS"|"HUB TUXTLA GUTIERREZ"|"HUB TUXTLA GUTIERREZ"|"TONALA CHIS"||||||"OFF NET"
3787||5|||"TELECABLE"|"SUR"||"OCCIDENTE"||"JALISCO"|"HUB TEPATITLAN"|"HUB TEPATITLAN"|"ACATIC"||||||"ON NET"
2927||3|||"SKY"|"SUR"|"INTERIOR"|"SURESTE"|"GOLFO"|"VERACRUZ"|"HUB VERACRUZ"|"HUB VERACRUZ"|"AYAHUALULCO"||||"Sin RPT"||"OFF RED"
2931||3|||"SKY"|"SUR"|"INTERIOR"|"SURESTE"|"SURESTE"|"YUCATAN"|"HUB UMAN"|"HUB UMAN"|"ABALA"||||"Sin RPT"||"OFF RED"
2935||3|||"TELECABLE"|"NORTE"|"INTERIOR"|"PACIFICO"|"CENTRO"|"ZACATECAS"|"HUB FRESNILLO"|"HUB FRESNILLO"|"JUAN ALDAMA"||||"Sin RPT"||"OFF NET"
2939||3|||"SKY"|"SUR"|"INTERIOR"|"SURESTE"|"GOLFO"|"VERACRUZ"|"HUB PANUCO"|"HUB PANUCO"|"PLATON SANCHEZ"||||"Sin RPT"||"OFF NET"
2943||3|||"CABLECOM"|"SUR"|"INTERIOR"|"SURESTE"|"SURESTE"|"CHIAPAS"|"HUB SAN CRISTOBAL"|"HUB SAN CRISTOBAL"|"SAN CRISTOBAL"||||"Sin RPT"||"OFF NET"
2947||3|||"TELECABLE"|"NORTE"|"INTERIOR"|"PACIFICO"|"CENTRO"|"DURANGO"|"HUB DURANGO"|"HUB DURANGO"|"DURANGO"||||"Sin RPT"||"ON NET"
2951||3|||"TELECABLE"|"SUR"|"INTERIOR"|"OCCIDENTE"|"OCCIDENTE"|"JALISCO"|"HUB CIUDAD GUZMAN"|"HUB CIUDAD GUZMAN"|"TAMAZULA JAL"||||"Sin RPT"||"OFF NET"
3448||3|||"SKY"|"METRO"|"METRO"|"METROPOLITANA"|"MXNORTE"|"MEXICO"|"HUB IXTLAHUACA"|"HUB IXTLAHUACA"|"SOYANIQUILPAN"||||"Sin RPT"||"OFF RED"
3452||3|||"CABLEMAS"|"SUR"|"INTERIOR"|"SURESTE"|"GOLFO"|"PUEBLA"|"HUB IZUCAR DE MATAMOROS"|"HUB IZUCAR DE MATAMOROS"|"CHIAUTLA"||||"Sin RPT"||"OFF NET"
3456||3|||"SKY"|"NORTE"|"NORTE"|"PACIFICO"|"PACIFICO"|"SONORA"|"HUB CABORCA"|"HUB CABORCA"|"CABORCA"||||"Sin RPT"||"OFF NET"
3460||3|||"SKY"|"NORTE"|"INTERIOR"|"NORESTE"|"GOLFO"|"SAN LUIS POTOSI"|"HUB MEXQUITIC"|"HUB MEXQUITIC"|"VILLA DE ARISTA"||||"Sin RPT"||"OFF NET"
3464||3|||"SKY"|"SUR"|"INTERIOR"|"SURESTE"|"GOLFO"|"PUEBLA"|"HUB ATLIXCO"|"HUB ATLIXCO"|"TOCHIMILCO"||||"Sin RPT"||"OFF RED"
3468||3|||"CABLEMAS"|"SUR"|"INTERIOR"|"SURESTE"|"SURESTE"|"YUCATAN"|"HUB IZAMAL"|"HUB IZAMAL"|"IZAMAL"||||"Sin RPT"||"ON NET"
3472||3|||"SKY"|"NORTE"|"INTERIOR"|"NORESTE"|"GOLFO"|"TAMAULIPAS"|"HUB SOTO LA MARINA"|"HUB SOTO LA MARINA"|"VILLAGRAN"||||"Sin RPT"||"OFF NET"
3476||3|||"SKY"|"SUR"|"INTERIOR"|"SURESTE"|"SURESTE"|"YUCATAN"|"HUB UMAN"|"HUB UMAN"|"TETIZ"||||"Sin RPT"||"OFF RED"
3480||3|||"CABLEMAS"|"SUR"|"INTERIOR"|"SURESTE"|"SURESTE"|"YUCATAN"|"HUB MERIDA"|"HUB MERIDA"|"PROGRESO"||||"Sin RPT"||"ON NET"
3484||3|||"CABLEMAS"|"SUR"|"INTERIOR"|"OCCIDENTE"|"CENTRO"|"AGUASCALIENTES"|"HUB ASIENTOS"|"HUB ASIENTOS"|"ASIENTOS"||||"Sin RPT"||"OFF RED"
3488||3|||"SKY"|"SUR"|"INTERIOR"|"SURESTE"|"SURESTE"|"CHIAPAS"|"HUB SAN CRISTOBAL"|"HUB SAN CRISTOBAL"|"CHAMULA"||||"Sin RPT"||"OFF RED"
3494||3|||"CABLEMAS"|"METRO"|"METRO"|"METROPOLITANA"|"MXSUR"|"MORELOS"|"HUB CUERNAVACA"|"HUB CUERNAVACA"|"CUERNAVACA"||||"Sin RPT"||"ON NET"
3498||3|||"CABLECOM"|"METRO"|"METRO"|"METROPOLITANA"|"MXNORTE"|"HIDALGO"|"HUB PACHUCA"|"HUB PACHUCA"|"PACHUCA"||||"Sin RPT"||"ON NET"
3502||3|||"SKY"|"METRO"|"METRO"|"METROPOLITANA"|"MXNORTE"|"MEXICO"|"HUB VILLA VICTORIA"|"HUB VILLA VICTORIA"|"VALLE DE BRAVO"||||"Sin RPT"||"OFF NET"
3507||3|||"CABLECOM"|"SUR"|"INTERIOR"|"SURESTE"|"SURESTE"|"TABASCO"|"HUB CARDENAS"|"HUB CARDENAS"|"TAB CARDENAS"||||"Sin RPT"||"OFF NET"
3511||3|||"SKY"|"SUR"|"INTERIOR"|"OCCIDENTE"|"SURESTE"|"OAXACA"|"HUB HUATULCO"|"HUB HUATULCO"|"MIXTEPEC"||||"Sin RPT"||"OFF NET"
3516||3|||"SKY"|"SUR"|"INTERIOR"|"OCCIDENTE"|"SURESTE"|"OAXACA"|"HUB TUXTEPEC"|"HUB TUXTEPEC"|"COTZOCON"||||"Sin RPT"||"OFF RED"
3520||3|||"SKY"|"SUR"|"INTERIOR"|"SURESTE"|"SURESTE"|"CHIAPAS"|"HUB SAN CRISTOBAL"|"HUB SAN CRISTOBAL"|"YAJALON"||||"Sin RPT"||"OFF NET"
3525||3|||"TELECABLE"|"SUR"|"INTERIOR"|"OCCIDENTE"|"OCCIDENTE"|"JALISCO"|"HUB COLOTLAN"|"HUB COLOTLAN"|"COLOTLAN"||||"Sin RPT"||"OFF NET"
3529||3|||"TELECABLE"|"NORTE"|"INTERIOR"|"PACIFICO"|"CENTRO"|"DURANGO"|"HUB GOMEZ PALACIO"|"HUB GOMEZ PALACIO"|"GRAL SIMON BOLIVAR"||||"Sin RPT"||"OFF NET"
3171||3||||"SUR"|"INTERIOR"|"OCCIDENTE"|"OCCIDENTE"|"GUERRERO"|"HUB COYUCA"|"HUB COYUCA"|"PUNGARABATO"||||"Sin RPT"||"OFF NET"
3175||3|||"SKY"|"NORTE"|"NORTE"|"NORESTE"|"NORESTE"|"NUEVO LEON"|"HUB SABINAS"|"HUB SABINAS"|"AGUALEGUAS"||||"Sin RPT"||"OFF NET"
3179||3|||"SKY"|"SUR"|"INTERIOR"|"OCCIDENTE"|"OCCIDENTE"|"MICHOACAN"|"HUB ZAMORA"|"HUB ZAMORA"|"SAHUAYO"||||"Sin RPT"||"OFF NET"
3185||3|||"SKY"|"SUR"|"INTERIOR"|"OCCIDENTE"|"SURESTE"|"OAXACA"|"HUB HUATULCO"|"HUB HUATULCO"|"COATLAN"||||"Sin RPT"||"OFF NET"
3190||3|||"CABLECOM"|"SUR"|"INTERIOR"|"SURESTE"|"GOLFO"|"PUEBLA"|"HUB PUEBLA"|"HUB PUEBLA"|"SAN PEDRO CHOLULA"||||"Sin RPT"||"OFF NET"
3194||3|||"CABLECOM"|"NORTE"|"INTERIOR"|"PACIFICO"|"CENTRO"|"ZACATECAS"|"HUB NOCHISTLAN"|"HUB NOCHISTLAN"|"JALPA"||||"Sin RPT"||"OFF NET"
3198||3|||"SKY"|"SUR"|"INTERIOR"|"SURESTE"|"SURESTE"|"CHIAPAS"|"HUB OCOSINGO"|"HUB OCOSINGO"|"OCOSINGO"||||"Sin RPT"||"OFF RED"
3203||3|||"SKY"|"SUR"|"INTERIOR"|"SURESTE"|"SURESTE"|"CHIAPAS"|"HUB TAPACHULA"|"HUB TAPACHULA"|"BEJUCAL DE OCAMPO"||||"Sin RPT"||"OFF NET"
3207||3|||"SKY"|"NORTE"|"NORTE"|"PACIFICO"|"PACIFICO"|"CHIHUAHUA"|"HUB GUACHOCHI"|"HUB GUACHOCHI"|"GUADALUPE Y CALVO"||||"Sin RPT"||"OFF RED"
3211||3||||"SUR"|"INTERIOR"|"OCCIDENTE"|"OCCIDENTE"|"GUERRERO"|"HUB CHILAPA"|"HUB CHILAPA"|"TIXTLA DE GUERRERO"||||"Sin RPT"||"OFF NET"
3215||3|||"TELECABLE"|"SUR"|"INTERIOR"|"OCCIDENTE"|"OCCIDENTE"|"JALISCO"|"HUB TEPATITLAN"|"HUB TEPATITLAN"|"JUANACATLAN"||||"Sin RPT"||"OFF NET"
3219||3|||"TELECABLE"|"SUR"|"INTERIOR"|"OCCIDENTE"|"OCCIDENTE"|"JALISCO"|"HUB LAGOS DE MORENO"|"HUB LAGOS DE MORENO"|"JALOSTOTITLAN"||||"Sin RPT"||"ON NET"
3223||3|||"SKY"|"SUR"|"INTERIOR"|"OCCIDENTE"|"OCCIDENTE"|"MICHOACAN"|"HUB MORELIA"|"HUB MORELIA"|"TZINTZUNTZAN"||||"Sin RPT"||"OFF RED"
3227||3|||"SKY"|"SUR"|"INTERIOR"|"OCCIDENTE"|"SURESTE"|"OAXACA"|"HUB HUAJUAPAN"|"HUB HUAJUAPAN"|"YANHUITLAN"||||"Sin RPT"||"OFF NET"
3231||3|||"CABLEMAS"|"SUR"|"INTERIOR"|"OCCIDENTE"|"SURESTE"|"OAXACA"|"HUB OAXACA"|"HUB OAXACA"|"TLATLIXTAC"||||"Sin RPT"||"OFF NET"
3236||3|||"SKY"|"SUR"|"INTERIOR"|"OCCIDENTE"|"SURESTE"|"OAXACA"|"HUB PINOTEPA"|"HUB PINOTEPA"|"MESONES HIDALGO"||||"Sin RPT"||"OFF NET"
3240||3|||"SKY"|"NORTE"|"NORTE"|"PACIFICO"|"PACIFICO"|"SONORA"|"HUB CAJEME"|"HUB CAJEME"|"ROSARIO"||||"Sin RPT"||"OFF NET"
3244||3||||"SUR"|"INTERIOR"|"SURESTE"|"GOLFO"|"PUEBLA"|"HUB IZUCAR DE MATAMOROS"|"HUB IZUCAR DE MATAMOROS"|"GUADALUPE PUE"||||"Sin RPT"||"OFF NET"
3248||3|||"SKY"|"SUR"|"INTERIOR"|"SURESTE"|"GOLFO"|"PUEBLA"|"HUB TEHUACAN"|"HUB TEHUACAN"|"ZOQUITLAN"||||"Sin RPT"||"OFF RED"
3252||3|||"CABLEMAS"|"SUR"|"INTERIOR"|"SURESTE"|"GOLFO"|"PUEBLA"|"HUB ATLIXCO"|"HUB ATLIXCO"|"HUAQUECHULA"||||"Sin RPT"||"OFF NET"
3256||3|||"CABLEMAS"|"SUR"|"INTERIOR"|"SURESTE"|"GOLFO"|"VERACRUZ"|"HUB SAN ANDRES TUXTLA"|"HUB SAN ANDRES TUXTLA"|"JUAN RODRIGUEZ"||||"Sin RPT"||"OFF RED"
3260||3|||"SKY"|"SUR"|"INTERIOR"|"SURESTE"|"GOLFO"|"TLAXCALA"|"HUB SAN PABLO DEL MONTE"|"HUB SAN PABLO DEL MONTE"|"TEPETITLA DE LARDIZABAL"||||"Sin RPT"||"OFF NET"
3265||3|||"SKY"|"NORTE"|"INTERIOR"|"PACIFICO"|"CENTRO"|"ZACATECAS"|"HUB FRESNILLO"|"HUB FRESNILLO"|"VILLA DE COS"||||"Sin RPT"||"OFF NET"
3269||3|||"CABLEMAS"|"NORTE"|"INTERIOR"|"NORESTE"|"GOLFO"|"TAMAULIPAS"|"HUB VICTORIA"|"HUB VICTORIA"|"MANTE"||||"Sin RPT"||"ON NET"
3275||3|||"CABLEMAS"|"SUR"|"INTERIOR"|"SURESTE"|"SURESTE"|"YUCATAN"|"HUB TEKAX"|"HUB TEKAX"|"TEKAX"||||"Sin RPT"||"OFF NET"
3279||3|||"TELECABLE"|"SUR"|"INTERIOR"|"OCCIDENTE"|"OCCIDENTE"|"COLIMA"|"HUB TECOMAN"|"HUB TECOMAN"|"TECOMAN"||||"Sin RPT"||"OFF NET"
3283||3|||"TVI"|"NORTE"|"INTERIOR"|"PACIFICO"|"CENTRO"|"DURANGO"|"HUB GOMEZ PALACIO"|"HUB GOMEZ PALACIO"|"NAZAS"||||"Sin RPT"||"OFF NET"
3288||3|||"CABLEMAS"|"METRO"|"METRO"|"METROPOLITANA"|"MXNORTE"|"HIDALGO"|"HUB TULA"|"HUB TULA"|"TEPEJI DEL RIO"||||"Sin RPT"||"OFF NET"
3656||5||||"NORTE"||"PACIFICO"||"ZACATECAS"|"HUB VALPARAISO"|"HUB VALPARAISO"|"VALPARAISO"||||||"OFF NET"
3660||5|||"CABLEMAS"|"SUR"||"OCCIDENTE"||"OAXACA"|"HUB OAXACA"|"HUB OAXACA"|"SAN JUAN BAUTISTA GUELACHE"||||||"ON NET"
3664||5|||"SKY"|"SUR"||"SURESTE"||"CHIAPAS"|"HUB REFORMA"|"HUB REFORMA"|"REFORMA"||||||"OFF NET"
3047||3|||"CABLEMAS"|"METRO"|"METRO"|"METROPOLITANA"|"MXNORTE"|"HIDALGO"|"HUB TULA"|"HUB TULA"|"HUICHAPAN"||||"Sin RPT"||"OFF RED"
3052||3|||"TELECABLE"|"SUR"|"INTERIOR"|"OCCIDENTE"|"OCCIDENTE"|"JALISCO"|"HUB CIUDAD GUZMAN"|"HUB CIUDAD GUZMAN"|"TOLIMAN"||||"Sin RPT"||"OFF NET"
3056||3|||"SKY"|"SUR"|"INTERIOR"|"SURESTE"|"GOLFO"|"VERACRUZ"|"HUB POZA RICA"|"HUB POZA RICA"|"HUAYACOCOTLA"||||"Sin RPT"||"OFF RED"
3060||3|||"CABLEMAS"|"NORTE"|"INTERIOR"|"PACIFICO"|"CENTRO"|"DURANGO"|"HUB SANTIAGO PAPASQUIARO"|"HUB SANTIAGO PAPASQUIARO"|"TAMAZULA"||||"Sin RPT"||"OFF NET"
3065||3|||"SKY"|"NORTE"|"NORTE"|"NORESTE"|"NORESTE"|"NUEVO LEON"|"HUB SABINAS"|"HUB SABINAS"|"LAMPAZOS DE NARANJO"||||"Sin RPT"||"OFF NET"
3069||3|||"TELECABLE"|"SUR"|"INTERIOR"|"OCCIDENTE"|"OCCIDENTE"|"JALISCO"|"HUB GUADALAJARA"|"HUB GUADALAJARA"|"SAN MARTIN HIDALGO"||||"Sin RPT"||"OFF NET"
3324||3|||"SKY"|"SUR"|"INTERIOR"|"OCCIDENTE"|"OCCIDENTE"|"MICHOACAN"|"HUB MORELIA"|"HUB MORELIA"|"TIZANTLA"||||"Sin RPT"||"OFF NET"
3329||3|||"TVI"|"NORTE"|"NORTE"|"NORESTE"|"NORESTE"|"NUEVO LEON"|"HUB MONTERREY"|"HUB MONTERREY"|"SANTIAGO"||||"Sin RPT"||"ON NET"
3333||3|||"CABLEMAS"|"METRO"|"METRO"|"METROPOLITANA"|"MXNORTE"|"MEXICO"|"HUB TEPOTZOTLAN"|"HUB TEPOTZOTLAN"|"TEPOTZOTLAN"||||"Sin RPT"||"OFF NET"
3337||3|||"SKY"|"SUR"|"INTERIOR"|"SURESTE"|"GOLFO"|"PUEBLA"|"HUB TEZIUTLAN"|"HUB TEZIUTLAN"|"AYOTOXCO"||||"Sin RPT"||"OFF NET"
3341||3|||"CABLECOM"|"SUR"|"INTERIOR"|"SURESTE"|"GOLFO"|"PUEBLA"|"HUB PUEBLA"|"HUB PUEBLA"|"SAN ANDRES CHOLULA"||||"Sin RPT"||"OFF NET"
3345||3|||"SKY"|"SUR"|"INTERIOR"|"SURESTE"|"GOLFO"|"VERACRUZ"|"HUB VERACRUZ"|"HUB VERACRUZ"|"CALCAHUALCO"||||"Sin RPT"||"OFF RED"
3349||3|||"CABLEMAS"|"SUR"|"INTERIOR"|"SURESTE"|"GOLFO"|"VERACRUZ"|"HUB COATZACOALCOS"|"HUB COATZACOALCOS"|"COATZACOALCOS"||||"Sin RPT"||"ON NET"
3353||3|||"CABLECOM"|"SUR"|"INTERIOR"|"SURESTE"|"GOLFO"|"VERACRUZ"|"HUB TIERRA BLANCA"|"HUB TIERRA BLANCA"|"ANGEL R CABADA"||||"Sin RPT"||"OFF RED"
3357||3|||"SKY"|"SUR"|"INTERIOR"|"SURESTE"|"GOLFO"|"VERACRUZ"|"HUB PANUCO"|"HUB PANUCO"|"TANTOYUCA"||||"Sin RPT"||"OFF RED"
3361||3|||"CABLEVISIÓN"|"METRO"|"METRO"|"METROPOLITANA"|"MXSUR"|"CIUDAD DE MEXICO"|"HUB MILPA ALTA"|"HUB MILPA ALTA"|"MILPA ALTA"||||"Sin RPT"||"ON NET"
3365||3|||"CABLEMAS"|"NORTE"|"NORTE"|"PACIFICO"|"PACIFICO"|"CHIHUAHUA"|"HUB JUAREZ"|"HUB JUAREZ"|"CD. JUAREZ"||||"Sin RPT"||"ON NET"
3369||3|||"TELECABLE"|"SUR"|"INTERIOR"|"OCCIDENTE"|"OCCIDENTE"|"GUERRERO"|"HUB OMETEPEC"|"HUB OMETEPEC"|"SAN LUIS ACATLAN"||||"Sin RPT"||"OFF RED"
3374||3|||"CABLEVISIÓN"|"SUR"|"INTERIOR"|"OCCIDENTE"|"OCCIDENTE"|"JALISCO"|"HUB PUERTO VALLARTA"|"HUB PUERTO VALLARTA"|"TOMATLAN"||||"Sin RPT"||"OFF NET"
3379||3|||"CABLECOM"|"SUR"|"INTERIOR"|"OCCIDENTE"|"OCCIDENTE"|"MICHOACAN"|"HUB ZAMORA"|"HUB ZAMORA"|"LA PIEDAD"||||"Sin RPT"||"OFF NET"
3384||3|||"TELECABLE"|"NORTE"|"INTERIOR"|"NORESTE"|"GOLFO"|"SAN LUIS POTOSI"|"HUB MEXQUITIC"|"HUB MEXQUITIC"|"GUADALCAZAR"||||"Sin RPT"||"OFF RED"
3388||3|||"SKY"|"NORTE"|"NORTE"|"PACIFICO"|"PACIFICO"|"SONORA"|"HUB CUMPAS"|"HUB CUMPAS"|"SAHUARIPA"||||"Sin RPT"||"OFF NET"
3393||3|||"CABLEMAS"|"METRO"|"METRO"|"METROPOLITANA"|"MXNORTE"|"CIUDAD DE MEXICO"|"HUB GUSTAVO A MADERO"|"HUB GUSTAVO A MADERO"|"GUSTAVO A MADERO"||||"Sin RPT"||"ON NET"
3397||3|||"TVI"|"NORTE"|"NORTE"|"NORESTE"|"NORESTE"|"NUEVO LEON"|"HUB LINARES"|"HUB LINARES"|"MONTEMORELOS"||||"Sin RPT"||"ON NET"
3401||3|||"CABLEVISIÓN"|"METRO"|"METRO"|"METROPOLITANA"|"MXSUR"|"CIUDAD DE MEXICO"|"HUB LA MAGDALENA CONTRERAS"|"HUB LA MAGDALENA CONTRERAS"|"LA MAGDALENA CONTRERAS"||||"Sin RPT"||"ON NET"
3405||3|||"CABLEMAS"|"NORTE"|"NORTE"|"PACIFICO"|"PACIFICO"|"BAJA CALIFORNIA"|"HUB MEXICALI"|"HUB MEXICALI"|"MEXICALI"||||"Sin RPT"||"ON NET"
3410||3|||"TELECABLE"|"NORTE"|"NORTE"|"NORESTE"|"NORESTE"|"COAHUILA"|"HUB MORELOS"|"HUB MORELOS"|"COAH MORELOS"||||"Sin RPT"||"OFF NET"
3414||3|||"SKY"|"SUR"|"INTERIOR"|"SURESTE"|"SURESTE"|"CHIAPAS"|"HUB SAN CRISTOBAL"|"HUB SAN CRISTOBAL"|"CATAZAJA"||||"Sin RPT"||"OFF RED"
3419||3|||"SKY"|"NORTE"|"NORTE"|"PACIFICO"|"PACIFICO"|"CHIHUAHUA"|"HUB GUACHOCHI"|"HUB GUACHOCHI"|"GUACHOCHI"||||"Sin RPT"||"OFF RED"
3423||3|||"CABLEMAS"|"METRO"|"METRO"|"METROPOLITANA"|"MXNORTE"|"HIDALGO"|"HUB PACHUCA"|"HUB PACHUCA"|"TIZAYUCA"||||"Sin RPT"||"OFF NET"
3427||3|||"CABLEMAS"|"SUR"|"INTERIOR"|"OCCIDENTE"|"OCCIDENTE"|"JALISCO"|"HUB LAGOS DE MORENO"|"HUB LAGOS DE MORENO"|"OJUELOS"||||"Sin RPT"||"OFF NET"
3432||3|||"CABLEMAS"|"SUR"|"INTERIOR"|"OCCIDENTE"|"OCCIDENTE"|"GUERRERO"|"HUB ZIHUATANEJO"|"HUB ZIHUATANEJO"|"ISIDORO MONTES"||||"Sin RPT"||"OFF RED"
3436||3|||"TELECABLE"|"SUR"|"INTERIOR"|"OCCIDENTE"|"OCCIDENTE"|"JALISCO"|"HUB LAGOS DE MORENO"|"HUB LAGOS DE MORENO"|"SAN JULIAN"||||"Sin RPT"||"ON NET"
3441||3|||"CABLEVISIÓN"|"METRO"|"METRO"|"METROPOLITANA"|"MXNORTE"|"MEXICO"|"HUB HUIXQUILUCAN"|"HUB HUIXQUILUCAN"|"HUIXQUILUCAN"||||"Sin RPT"||"ON NET"
3819||5|||"CABLECOM"|"NORTE"||"PACIFICO"||"SONORA"|"HUB SAN LUIS RIO COLORADO"|"HUB SAN LUIS RIO COLORADO"|"PUERTO PEÑASCO"||||||"OFF NET"
3823||5|||"CABLEMAS"|"SUR"||"SURESTE"||"QUINTANA ROO"|"HUB CHETUMAL"|"HUB CHETUMAL"|"BACALAR"||||||"OFF NET"
3827||5|||"SKY"|"SUR"||"SURESTE"||"PUEBLA"|"HUB ATLIXCO"|"HUB ATLIXCO"|"TOCHIMILCO"||||||"OFF RED"
3831||5|||"CABLEMAS"|"SUR"||"SURESTE"||"VERACRUZ"|"HUB COATZACOALCOS"|"HUB COATZACOALCOS"|"COSOLEACAQUE"||||||"ON NET"
3835||5|||"CABLEMAS"|"SUR"||"SURESTE"||"YUCATAN"|"HUB VALLADOLID"|"HUB VALLADOLID"|"CHEMAX"||||||"OFF NET"
3839||5|||"SKY"|"SUR"||"SURESTE"||"YUCATAN"|"HUB MERIDA"|"HUB MERIDA"|"ACANCEH"||||||"OFF NET"
3843||5|||"TELECABLE"|"SUR"||"SURESTE"||"VERACRUZ"|"HUB PANUCO"|"HUB PANUCO"|"OZULUAMA"||||||"OFF RED"
3847||5|||"CABLEMAS"|"SUR"||"SURESTE"||"VERACRUZ"|"HUB POZA RICA"|"HUB POZA RICA"|"POZA RICA"||||||"ON NET"
3851||5|||"CABLEMAS"|"SUR"||"SURESTE"||"VERACRUZ"|"HUB VERACRUZ"|"HUB VERACRUZ"|"AMATLAN DE LOS REYES"||||||"OFF NET"
3855||5|||"SKY"|"NORTE"||"PACIFICO"||"BAJA CALIFORNIA SUR"|"HUB LOS CABOS"|"HUB LOS CABOS"|"LOS CABOS"||||||"OFF NET"
3859||5|||"SKY"|"SUR"||"OCCIDENTE"||"MICHOACAN"|"HUB ZAMORA"|"HUB ZAMORA"|"ZAMORA"||||||"OFF NET"
3863||5|||"TVI"|"NORTE"||"NORESTE"||"NUEVO LEON"|"HUB MONTERREY"|"HUB MONTERREY"|"SALINAS VICTORIA"||||||"ON NET"
3867||5|||"TELECABLE"|"SUR"||"OCCIDENTE"||"JALISCO"|"HUB CIUDAD GUZMAN"|"HUB CIUDAD GUZMAN"|"TOLIMAN"||||||"OFF NET"
3871||5|||"CABLECOM"|"METRO"||"METROPOLITANA"||"MEXICO"|"HUB TOLUCA"|"HUB TOLUCA"|"SAN ANTONIO"||||||"ON NET"
3875||5|||"CABLECOM"|"NORTE"||"NORESTE"||"QUERETARO"|"HUB SAN JUAN DEL RIO"|"HUB SAN JUAN DEL RIO"|"PEDRO ESCOBEDO"||||||"OFF NET"
3879||5|||"CABLECOM"|"NORTE"||"NORESTE"||"SAN LUIS POTOSI"|"HUB MEXQUITIC"|"HUB MEXQUITIC"|"CERRITOS"||||||"OFF NET"
3883||5|||"SKY"|"SUR"||"SURESTE"||"PUEBLA"|"HUB TEZIUTLAN"|"HUB TEZIUTLAN"|"IXTEPEC"||||||"OFF RED"
3887||5|||"CABLECOM"|"NORTE"||"PACIFICO"||"ZACATECAS"|"HUB PINOS"|"HUB PINOS"|"LORETO"||||||"OFF NET"
3891||5|||"TVI"|"NORTE"||"NORESTE"||"NUEVO LEON"|"HUB MONTERREY"|"HUB MONTERREY"|"GENERAL ZUAZUA"||||||"ON NET"
3895||5|||"SKY"|"SUR"||"OCCIDENTE"||"OAXACA"|"HUB TUXTEPEC"|"HUB TUXTEPEC"|"COTZOCON"||||||"OFF RED"
3899||5|||"TVI"|"NORTE"||"NORESTE"||"COAHUILA"|"HUB SALTILLO"|"HUB SALTILLO"|"MONCLOVA"||||||"ON NET"
3903||5|||"SKY"|"SUR"||"SURESTE"||"CHIAPAS"|"HUB TUXTLA GUTIERREZ"|"HUB TUXTLA GUTIERREZ"|"CINTALAPA"||||||"OFF NET"
3907||5|||"TELECABLE"|"SUR"||"OCCIDENTE"||"JALISCO"|"HUB CIUDAD GUZMAN"|"HUB CIUDAD GUZMAN"|"SAYULA"||||||"OFF NET"
3911||5|||"TELECABLE"|"NORTE"||"PACIFICO"||"DURANGO"|"HUB SANTIAGO PAPASQUIARO"|"HUB SANTIAGO PAPASQUIARO"|"SANTIAGO PAPASQUIARO"||||||"OFF NET"
3915||5|||"SKY"|"SUR"||"OCCIDENTE"||"MICHOACAN"|"HUB MORELIA"|"HUB MORELIA"|"TIZANTLA"||||||"OFF NET"
3919||5|||"SKY"|"NORTE"||"PACIFICO"||"SINALOA"|"HUB CULIACAN"|"HUB CULIACAN"|"SAN IGNACIO"||||||"OFF NET"
3923||5|||"TELECABLE"|"METRO"||"METROPOLITANA"||"MEXICO"|"HUB TLALNEPANTLA"|"HUB TLALNEPANTLA"|"TLALNEPANTLA"||||||"ON NET"
3927||5|||"SKY"|"SUR"||"SURESTE"||"PUEBLA"|"HUB AMOZOC"|"HUB AMOZOC"|"TLACHICHUCA"||||||"OFF RED"
3931||5|||"SKY"|"SUR"||"SURESTE"||"YUCATAN"|"HUB IZAMAL"|"HUB IZAMAL"|"SUDZAL"||||||"OFF NET"
3935||5|||"SKY"|"SUR"||"SURESTE"||"PUEBLA"|"HUB TEZIUTLAN"|"HUB TEZIUTLAN"|"ZARAGOZA"||||||"OFF NET"
3939||5|||"CABLEMAS"|"SUR"||"SURESTE"||"PUEBLA"|"HUB TEZIUTLAN"|"HUB TEZIUTLAN"|"XIUTETELCO"||||||"ON NET"
3943||5|||"SKY"|"NORTE"||"PACIFICO"||"SONORA"|"HUB NAVOJOA"|"HUB NAVOJOA"|"ETCHOHOA"||||||"OFF RED"
3076||3|||"SKY"|"NORTE"|"INTERIOR"|"NORESTE"|"GOLFO"|"SAN LUIS POTOSI"|"HUB VALLES"|"HUB VALLES"|"AQUISMON"||||"Sin RPT"||"OFF RED"
3080||3|||"TELECABLE"|"NORTE"|"INTERIOR"|"NORESTE"|"GOLFO"|"TAMAULIPAS"|"HUB VICTORIA"|"HUB VICTORIA"|"VICTORIA"||||"Sin RPT"||"ON NET"
3084||3|||"SKY"|"SUR"|"INTERIOR"|"OCCIDENTE"|"SURESTE"|"OAXACA"|"HUB PINOTEPA"|"HUB PINOTEPA"|"HUAXPALTEPEC"||||"Sin RPT"||"OFF NET"
3088||3|||"SKY"|"NORTE"|"NORTE"|"NORESTE"|"NORESTE"|"NUEVO LEON"|"HUB GENERAL TERAN"|"HUB GENERAL TERAN"|"CHINA"||||"Sin RPT"||"OFF NET"
3092||3|||"SKY"|"SUR"|"INTERIOR"|"OCCIDENTE"|"SURESTE"|"OAXACA"|"HUB OAXACA"|"HUB OAXACA"|"SANTIAGO TILANTONGO"||||"Sin RPT"||"OFF RED"
3096||3|||"SKY"|"SUR"|"INTERIOR"|"SURESTE"|"SURESTE"|"CHIAPAS"|"HUB REFORMA"|"HUB REFORMA"|"FRANCISCO LEON"||||"Sin RPT"||"OFF NET"
3100||3|||"TELECABLE"|"SUR"|"INTERIOR"|"SURESTE"|"SURESTE"|"CHIAPAS"|"HUB TUXTLA GUTIERREZ"|"HUB TUXTLA GUTIERREZ"|"VILLAFLORES"||||"Sin RPT"||"OFF NET"
3104||3|||"SKY"|"NORTE"|"INTERIOR"|"PACIFICO"|"CENTRO"|"DURANGO"|"HUB DURANGO"|"HUB DURANGO"|"MEZQUITAL"||||"Sin RPT"||"OFF RED"
3108||3|||"CABLECOM"|"METRO"|"METRO"|"METROPOLITANA"|"MXNORTE"|"HIDALGO"|"HUB PACHUCA"|"HUB PACHUCA"|"HGO ACTOPAN"||||"Sin RPT"||"OFF NET"
3112||3|||"SKY"|"NORTE"|"INTERIOR"|"PACIFICO"|"CENTRO"|"DURANGO"|"HUB DURANGO"|"HUB DURANGO"|"CANATLAN"||||"Sin RPT"||"OFF RED"
3116||3|||"CABLEMAS"|"NORTE"|"INTERIOR"|"PACIFICO"|"CENTRO"|"DURANGO"|"HUB SANTIAGO PAPASQUIARO"|"HUB SANTIAGO PAPASQUIARO"|"TEPEHUANES"||||"Sin RPT"||"OFF NET"
3120||3|||"SKY"|"SUR"|"INTERIOR"|"OCCIDENTE"|"OCCIDENTE"|"MICHOACAN"|"HUB ZITACUARO"|"HUB ZITACUARO"|"APORO"||||"Sin RPT"||"OFF NET"
3124||3|||"CABLEMAS"|"METRO"|"METRO"|"METROPOLITANA"|"MXNORTE"|"MEXICO"|"HUB TEPOTZOTLAN"|"HUB TEPOTZOTLAN"|"TEOLOYUCAN"||||"Sin RPT"||"ON NET"
3129||3|||"CABLEMAS"|"METRO"|"METRO"|"METROPOLITANA"|"MXSUR"|"MORELOS"|"HUB CUAUTLA"|"HUB CUAUTLA"|"CUAUTLA"||||"Sin RPT"||"ON NET"
3134||3|||"SKY"|"SUR"|"INTERIOR"|"SURESTE"|"GOLFO"|"PUEBLA"|"HUB AMOZOC"|"HUB AMOZOC"|"TLACHICHUCA"||||"Sin RPT"||"OFF RED"
3139||3|||"CABLEMAS"|"SUR"|"INTERIOR"|"SURESTE"|"GOLFO"|"PUEBLA"|"HUB ATLIXCO"|"HUB ATLIXCO"|"HUEJOTZINGO"||||"Sin RPT"||"OFF NET"
3143||3|||"CABLEMAS"|"SUR"|"INTERIOR"|"SURESTE"|"GOLFO"|"PUEBLA"|"HUB TEZIUTLAN"|"HUB TEZIUTLAN"|"CHIGNAUTLA"||||"Sin RPT"||"OFF NET"
3149||3|||"CABLEMAS"|"SUR"|"INTERIOR"|"SURESTE"|"GOLFO"|"TLAXCALA"|"HUB HUAMANTLA"|"HUB HUAMANTLA"|"HUAMANTLA"||||"Sin RPT"||"ON NET"
3153||3|||"CABLECOM"|"SUR"|"INTERIOR"|"SURESTE"|"GOLFO"|"TLAXCALA"|"HUB SAN PABLO DEL MONTE"|"HUB SAN PABLO DEL MONTE"|"XICOHZINCO"||||"Sin RPT"||"OFF NET"
3157||3|||"SKY"|"NORTE"|"INTERIOR"|"NORESTE"|"GOLFO"|"TAMAULIPAS"|"HUB REYNOSA"|"HUB REYNOSA"|"CAMARGO TAM"||||"Sin RPT"||"OFF NET"
3162||3|||"CABLEMAS"|"SUR"|"INTERIOR"|"SURESTE"|"GOLFO"|"VERACRUZ"|"HUB POZA RICA"|"HUB POZA RICA"|"PAPANTLA"||||"Sin RPT"||"OFF NET"
3166||3|||"CABLEMAS"|"SUR"|"INTERIOR"|"SURESTE"|"GOLFO"|"VERACRUZ"|"HUB SAN ANDRES TUXTLA"|"HUB SAN ANDRES TUXTLA"|"SANTIAGO TUXTLA"||||"Sin RPT"||"OFF NET"
3551||3|||"SKY"|"NORTE"|"INTERIOR"|"NORESTE"|"GOLFO"|"SAN LUIS POTOSI"|"HUB SAN LUIS POTOSI"|"HUB SAN LUIS POTOSI"|"TIERRA NUEVA"||||"Sin RPT"||"OFF NET"
3555||3|||"SKY"|"SUR"|"INTERIOR"|"SURESTE"|"SURESTE"|"YUCATAN"|"HUB IZAMAL"|"HUB IZAMAL"|"SUDZAL"||||"Sin RPT"||"OFF NET"
3559||3|||"SKY"|"SUR"|"INTERIOR"|"OCCIDENTE"|"SURESTE"|"OAXACA"|"HUB HUATULCO"|"HUB HUATULCO"|"XITLA"||||"Sin RPT"||"OFF RED"
3564||3|||"SKY"|"SUR"|"INTERIOR"|"SURESTE"|"GOLFO"|"PUEBLA"|"HUB ZACATLAN"|"HUB ZACATLAN"|"AHUAZOTEPEC"||||"Sin RPT"||"OFF RED"
3568||3|||"SKY"|"SUR"|"INTERIOR"|"SURESTE"|"SURESTE"|"CHIAPAS"|"HUB TUXTLA GUTIERREZ"|"HUB TUXTLA GUTIERREZ"|"PIJIJIAPAN"||||"Sin RPT"||"OFF RED"
3573||3|||"SKY"|"SUR"|"INTERIOR"|"SURESTE"|"SURESTE"|"CHIAPAS"|"HUB SAN CRISTOBAL"|"HUB SAN CRISTOBAL"|"SANTIAGO EL PINAR"||||"Sin RPT"||"OFF NET"
3577||3|||"SKY"|"NORTE"|"NORTE"|"PACIFICO"|"PACIFICO"|"CHIHUAHUA"|"HUB PARRAL"|"HUB PARRAL"|"LOPEZ"||||"Sin RPT"||"OFF NET"
3581||3|||"SKY"|"SUR"|"INTERIOR"|"OCCIDENTE"|"OCCIDENTE"|"JALISCO"|"HUB COLOTLAN"|"HUB COLOTLAN"|"MEZQUITIC"||||"Sin RPT"||"OFF RED"
3585||3|||"CABLEMAS"|"SUR"|"INTERIOR"|"OCCIDENTE"|"OCCIDENTE"|"MICHOACAN"|"HUB ZITACUARO"|"HUB ZITACUARO"|"ZITACUARO"||||"Sin RPT"||"OFF NET"
3589||3|||"CABLEMAS"|"NORTE"|"INTERIOR"|"PACIFICO"|"CENTRO"|"NAYARIT"|"HUB DEL NAYAR"|"HUB DEL NAYAR"|"JALA"||||"Sin RPT"||"OFF NET"
3593||3|||"CABLEMAS"|"METRO"|"METRO"|"METROPOLITANA"|"MXNORTE"|"MEXICO"|"HUB ZUMPANGO"|"HUB ZUMPANGO"|"NEXTLALPAN"||||"Sin RPT"||"ON NET"
3597||3|||"CABLECOM"|"NORTE"|"NORTE"|"PACIFICO"|"PACIFICO"|"SONORA"|"HUB SAN LUIS RIO COLORADO"|"HUB SAN LUIS RIO COLORADO"|"PUERTO PEÑASCO"||||"Sin RPT"||"OFF NET"
3601||3|||"SKY"|"SUR"|"INTERIOR"|"SURESTE"|"GOLFO"|"PUEBLA"|"HUB TEHUACAN"|"HUB TEHUACAN"|"SAN JOSE MIAHUTLAN"||||"Sin RPT"||"OFF RED"
3605||3|||"CABLECOM"|"SUR"|"INTERIOR"|"SURESTE"|"SURESTE"|"TABASCO"|"HUB CARDENAS"|"HUB CARDENAS"|"HUIMANGUILLO"||||"Sin RPT"||"OFF NET"
3609||3|||"SKY"|"SUR"|"INTERIOR"|"SURESTE"|"GOLFO"|"PUEBLA"|"HUB TECAMACHALCO"|"HUB TECAMACHALCO"|"HUATLATLAUCA"||||"Sin RPT"||"OFF RED"
3613||3|||"SKY"|"SUR"|"INTERIOR"|"SURESTE"|"SURESTE"|"YUCATAN"|"HUB MERIDA"|"HUB MERIDA"|"MUXUPIP"||||"Sin RPT"||"OFF NET"
3617||3|||"SKY"|"SUR"|"INTERIOR"|"SURESTE"|"SURESTE"|"YUCATAN"|"HUB IZAMAL"|"HUB IZAMAL"|"DZILAM DE BRAVO"||||"Sin RPT"||"OFF NET"
3621||3|||"SKY"|"SUR"|"INTERIOR"|"SURESTE"|"GOLFO"|"VERACRUZ"|"HUB XALAPA"|"HUB XALAPA"|"ALTO LUCERO"||||"Sin RPT"||"OFF RED"
3625||5|||"SKY"|"SUR"||"SURESTE"||"VERACRUZ"|"HUB PANUCO"|"HUB PANUCO"|"CHALMA"||||||"OFF RED"
3629||5|||"TELECABLE"|"SUR"||"OCCIDENTE"||"AGUASCALIENTES"|"HUB AGUASCALIENTES"|"HUB AGUASCALIENTES"|"AGUASCALIENTES"||||||"ON NET"
3633||5|||"TELECABLE"|"SUR"||"SURESTE"||"CHIAPAS"|"HUB TAPACHULA"|"HUB TAPACHULA"|"COMALAPA"||||||"OFF RED"
3637||5|||"CABLEMAS"|"SUR"||"OCCIDENTE"||"GUERRERO"|"HUB COYUCA"|"HUB COYUCA"|"ZUMPANGO DEL RIO"||||||"OFF NET"
3641||5|||"TELECABLE"|"METRO"||"METROPOLITANA"||"HIDALGO"|"HUB HUEJUTLA"|"HUB HUEJUTLA"|"HUEJUTLA"||||||"OFF RED"
3645||5|||"TELECABLE"|"SUR"||"OCCIDENTE"||"JALISCO"|"HUB PUERTO VALLARTA"|"HUB PUERTO VALLARTA"|"PUERTO VALLARTA"||||||"ON NET"
3649||5|||"CABLEMAS"|"METRO"||"METROPOLITANA"||"MEXICO"|"HUB ECATEPEC"|"HUB ECATEPEC"|"ECATEPEC"||||||"ON NET"
3653||5|||"CABLECOM"|"SUR"||"SURESTE"||"PUEBLA"|"HUB HUAUCHINANGO"|"HUB HUAUCHINANGO"|"HUEHUETLA"||||||"OFF RED"
4147||5|||"SKY"|"NORTE"||"PACIFICO"||"ZACATECAS"|"HUB GUADALUPE"|"HUB GUADALUPE"|"VILLANUEVA"||||||"OFF NET"
4151||5|||"CABLEMAS"|"NORTE"||"NORESTE"||"TAMAULIPAS"|"HUB VICTORIA"|"HUB VICTORIA"|"TULA TAM"||||||"OFF RED"
4155||5|||"CABLEMAS"|"SUR"||"SURESTE"||"VERACRUZ"|"HUB XALAPA"|"HUB XALAPA"|"MARTINEZ DE LA TORRE"||||||"OFF NET"
4159||5|||"SKY"|"NORTE"||"PACIFICO"||"ZACATECAS"|"HUB FRESNILLO"|"HUB FRESNILLO"|"VILLA DE COS"||||||"OFF NET"
4163||5|||"CABLECOM"|"SUR"||"SURESTE"||"TLAXCALA"|"HUB TLAXCALA"|"HUB TLAXCALA"|"APIZACO"||||||"ON NET"
3669||5|||"SKY"|"SUR"||"SURESTE"||"CHIAPAS"|"HUB SAN CRISTOBAL"|"HUB SAN CRISTOBAL"|"SANTIAGO EL PINAR"||||||"OFF NET"
3673||5|||"TELECABLE"|"METRO"||"METROPOLITANA"||"HIDALGO"|"HUB TULANCINGO"|"HUB TULANCINGO"|"CUAUTEPEC"||||||"OFF NET"
3677||5|||"SKY"|"NORTE"||"NORESTE"||"GUANAJUATO"|"HUB GUANAJUATO"|"HUB GUANAJUATO"|"DOLORES HIDALGO"||||||"OFF NET"
3681||5||||"NORTE"||"PACIFICO"||"CHIHUAHUA"|"HUB CHIHUAHUA"|"HUB CHIHUAHUA"|"JULIMES"||||||"OFF RED"
3685||5|||"CABLEMAS"|"NORTE"||"PACIFICO"||"CHIHUAHUA"|"HUB PARRAL"|"HUB PARRAL"|"LA CRUZ"||||||"OFF NET"
3689||5|||"CABLEMAS"|"METRO"||"METROPOLITANA"||"MORELOS"|"HUB AYALA"|"HUB AYALA"|"AYALA"||||||"OFF NET"
3693||5|||"SKY"|"SUR"||"OCCIDENTE"||"OAXACA"|"HUB HUAJUAPAN"|"HUB HUAJUAPAN"|"YANHUITLAN"||||||"OFF NET"
3697||5|||"TVI"|"NORTE"||"NORESTE"||"NUEVO LEON"|"HUB MONTERREY"|"HUB MONTERREY"|"SANTIAGO"||||||"ON NET"
3701||5|||"SKY"|"SUR"||"SURESTE"||"PUEBLA"|"HUB TECAMACHALCO"|"HUB TECAMACHALCO"|"TLACOTEPEC"||||||"OFF RED"
3705||5|||"SKY"|"SUR"||"SURESTE"||"PUEBLA"|"HUB IZUCAR DE MATAMOROS"|"HUB IZUCAR DE MATAMOROS"|"ACATLAN"||||||"OFF NET"
3709||5|||"SKY"|"SUR"||"SURESTE"||"PUEBLA"|"HUB TEHUACAN"|"HUB TEHUACAN"|"ZOQUITLAN"||||||"OFF RED"
3713||5|||"CABLECOM"|"SUR"||"SURESTE"||"TABASCO"|"HUB CENTLA"|"HUB CENTLA"|"JONUTA"||||||"OFF RED"
3717||5|||"SKY"|"SUR"||"SURESTE"||"YUCATAN"|"HUB MERIDA"|"HUB MERIDA"|"MOCOCHA"||||||"OFF NET"
3721||5|||"SKY"|"SUR"||"SURESTE"||"TLAXCALA"|"HUB ATLTZAYANCA"|"HUB ATLTZAYANCA"|"CUAPIAXTLA"||||||"OFF NET"
3725||5|||"CABLEMAS"|"SUR"||"SURESTE"||"YUCATAN"|"HUB UMAN"|"HUB UMAN"|"UMAN"||||||"OFF NET"
3729||5|||"SKY"|"NORTE"||"NORESTE"||"TAMAULIPAS"|"HUB TAMPICO"|"HUB TAMPICO"|"GONZALEZ"||||||"OFF NET"
3733||5|||"SKY"|"SUR"||"SURESTE"||"VERACRUZ"|"HUB VERACRUZ"|"HUB VERACRUZ"|"COTAXTLA"||||||"OFF RED"
3737||5|||"CABLEMAS"|"SUR"||"SURESTE"||"CAMPECHE"|"HUB CAMPECHE"|"HUB CAMPECHE"|"CAMPECHE"||||||"ON NET"
3741||5|||"SKY"|"NORTE"||"PACIFICO"||"CHIHUAHUA"|"HUB CUAUHTEMOC CHIH"|"HUB CUAUHTEMOC CHIH"|"GUERRERO"||||||"OFF NET"
3745||5||||"SUR"||"OCCIDENTE"||"GUERRERO"|"HUB COYUCA"|"HUB COYUCA"|"PUNGARABATO"||||||"OFF NET"
3749||5|||"TVI"|"NORTE"||"NORESTE"||"NUEVO LEON"|"HUB MONTERREY"|"HUB MONTERREY"|"GENERAL ESCOBEDO"||||||"ON NET"
3753||5|||"CABLECOM"|"SUR"||"OCCIDENTE"||"JALISCO"|"HUB COLOTLAN"|"HUB COLOTLAN"|"BOLAÑOS"||||||"OFF NET"
3757||5|||"CABLEMAS"|"NORTE"||"PACIFICO"||"SINALOA"|"HUB CULIACAN"|"HUB CULIACAN"|"BADIRAGUATO"||||||"OFF NET"
3761||5|||"CABLEMAS"|"SUR"||"OCCIDENTE"||"OAXACA"|"HUB HUATULCO"|"HUB HUATULCO"|"MIHUATLAN"||||||"OFF RED"
3765||5|||"CABLEVISIÓN"|"METRO"||"METROPOLITANA"||"CIUDAD DE MEXICO"|"HUB CUAUHTEMOC"|"HUB CUAUHTEMOC"|"CUAUHTEMOC CDMX"||||||"ON NET"
3769||5|||"SKY"|"NORTE"||"NORESTE"||"NUEVO LEON"|"HUB LINARES"|"HUB LINARES"|"GENERAL ZARAGOZA"||||||"OFF NET"
3773||5|||"CABLEMAS"|"NORTE"||"PACIFICO"||"BAJA CALIFORNIA"|"HUB TIJUANA"|"HUB TIJUANA"|"ROSARITO"||||||"ON NET"
3777||5|||"SKY"|"NORTE"||"NORESTE"||"COAHUILA"|"HUB SALTILLO"|"HUB SALTILLO"|"GENERAL CEPEDA"||||||"OFF RED"
3781||5|||"TELECABLE"|"SUR"||"SURESTE"||"CHIAPAS"|"HUB TAPACHULA"|"HUB TAPACHULA"|"MOTOZINTLA"||||||"OFF RED"
3785||5|||"CABLEMAS"|"NORTE"||"PACIFICO"||"DURANGO"|"HUB DURANGO"|"HUB DURANGO"|"DUR GUADALUPE VICTORIA"||||||"OFF NET"
3789||5|||"TELECABLE"|"NORTE"||"PACIFICO"||"DURANGO"|"HUB GOMEZ PALACIO"|"HUB GOMEZ PALACIO"|"GRAL SIMON BOLIVAR"||||||"OFF NET"
3793||5|||"SKY"|"NORTE"||"PACIFICO"||"DURANGO"|"HUB DURANGO"|"HUB DURANGO"|"CONETO DE COMONFORT"||||||"OFF NET"
3797||5|||"CABLEMAS"|"NORTE"||"NORESTE"||"GUANAJUATO"|"HUB IRAPUATO"|"HUB IRAPUATO"|"YURIRIA"||||||"OFF NET"
3801||5|||"TVI"|"NORTE"||"NORESTE"||"NUEVO LEON"|"HUB MONTERREY"|"HUB MONTERREY"|"PESQUERIA"||||||"ON NET"
3805||5|||"TELECABLE"|"NORTE"||"NORESTE"||"NUEVO LEON"|"HUB MONTERREY"|"HUB MONTERREY"|"ABASOLO"||||||"OFF NET"
3809||5|||"TELECABLE"|"SUR"||"OCCIDENTE"||"MICHOACAN"|"HUB MORELIA"|"HUB MORELIA"|"SANTA ANA MAYA"||||||"OFF NET"
3813||5|||"SKY"|"SUR"||"OCCIDENTE"||"OAXACA"|"HUB PINOTEPA"|"HUB PINOTEPA"|"MESONES HIDALGO"||||||"OFF NET"
3817||5||||"NORTE"||"NORESTE"||"SAN LUIS POTOSI"|"HUB MATEHUALA"|"HUB MATEHUALA"|"CHARCAS"||||||"OFF NET"
4321||5|||"CABLEMAS"|"METRO"||"METROPOLITANA"||"HIDALGO"|"HUB TULA"|"HUB TULA"|"ALFAYUCAN"||||||"OFF RED"
4325||5|||"SKY"|"SUR"||"OCCIDENTE"||"OAXACA"|"HUB JUXTLAHUACA"|"HUB JUXTLAHUACA"|"SAN MIGUEL TLACOTEPEC"||||||"OFF NET"
4329||5|||"SKY"|"SUR"||"OCCIDENTE"||"MICHOACAN"|"HUB MORELIA"|"HUB MORELIA"|"TZINTZUNTZAN"||||||"OFF RED"
4333||5|||"CABLEMAS"|"METRO"||"METROPOLITANA"||"MORELOS"|"HUB AXOCHIAPAN"|"HUB AXOCHIAPAN"|"AXOCHIAPAN"||||||"OFF NET"
4337||5|||"SKY"|"SUR"||"OCCIDENTE"||"OAXACA"|"HUB OAXACA"|"HUB OAXACA"|"SAN BALTAZAR"||||||"OFF RED"
4341||5|||"SKY"|"SUR"||"OCCIDENTE"||"OAXACA"|"HUB OAXACA"|"HUB OAXACA"|"AYOQUEZCO"||||||"OFF RED"
4345||5|||"CABLEMAS"|"SUR"||"SURESTE"||"VERACRUZ"|"HUB SAN ANDRES TUXTLA"|"HUB SAN ANDRES TUXTLA"|"JUAN RODRIGUEZ"||||||"OFF RED"
4349||5|||"SKY"|"SUR"||"SURESTE"||"VERACRUZ"|"HUB VERACRUZ"|"HUB VERACRUZ"|"AYAHUALULCO"||||||"OFF RED"
4353||5|||"CABLECOM"|"SUR"||"SURESTE"||"VERACRUZ"|"HUB VERACRUZ"|"HUB VERACRUZ"|"CORDOBA"||||||"ON NET"
4357||5|||"CABLEMAS"|"SUR"||"SURESTE"||"YUCATAN"|"HUB MERIDA"|"HUB MERIDA"|"KANASIN"||||||"ON NET"
4361||5|||"CABLEMAS"|"SUR"||"SURESTE"||"VERACRUZ"|"HUB SAN ANDRES TUXTLA"|"HUB SAN ANDRES TUXTLA"|"SANTIAGO TUXTLA"||||||"OFF NET"
4365||5|||"SKY"|"NORTE"||"PACIFICO"||"ZACATECAS"|"HUB MAZAPIL"|"HUB MAZAPIL"|"MAZAPIL"||||||"OFF NET"
4369||5|||"TELECABLE"|"SUR"||"SURESTE"||"CHIAPAS"|"HUB TAPACHULA"|"HUB TAPACHULA"|"TAPACHULA"||||||"OFF NET"
4373||5|||"SKY"|"SUR"||"OCCIDENTE"||"GUERRERO"|"HUB OMETEPEC"|"HUB OMETEPEC"|"OMETEPEC"||||||"OFF NET"
4377||5|||"TELECABLE"|"SUR"||"OCCIDENTE"||"JALISCO"|"HUB GUADALAJARA"|"HUB GUADALAJARA"|"EL SALTO"||||||"ON NET"
4381||5|||"CABLEMAS"|"SUR"||"SURESTE"||"PUEBLA"|"HUB AMOZOC"|"HUB AMOZOC"|"LIBRES"||||||"OFF NET"
4385||5|||"SKY"|"NORTE"||"NORESTE"||"SAN LUIS POTOSI"|"HUB RIOVERDE"|"HUB RIOVERDE"|"RAYON"||||||"OFF RED"
4389||5|||"SKY"|"SUR"||"OCCIDENTE"||"OAXACA"|"HUB SALINA CRUZ"|"HUB SALINA CRUZ"|"SAN JUAN GUICHICOVI"||||||"OFF RED"
4393||5|||"CABLEVISIÓN"|"METRO"||"METROPOLITANA"||"CIUDAD DE MEXICO"|"HUB COYOACAN"|"HUB COYOACAN"|"COYOACAN"||||||"ON NET"
4397||5|||"CABLEMAS"|"SUR"||"OCCIDENTE"||"COLIMA"|"HUB VILLA DE ALVAREZ"|"HUB VILLA DE ALVAREZ"|"VILLA DE ALVAREZ"||||||"OFF NET"
4401||5|||"SKY"|"SUR"||"SURESTE"||"CHIAPAS"|"HUB SAN CRISTOBAL"|"HUB SAN CRISTOBAL"|"PALENQUE"||||||"OFF NET"
4405||5|||"CABLEMAS"|"SUR"||"OCCIDENTE"||"JALISCO"|"HUB LAGOS DE MORENO"|"HUB LAGOS DE MORENO"|"OJUELOS"||||||"OFF NET"
4409||5|||"TELECABLE"|"SUR"||"OCCIDENTE"||"JALISCO"|"HUB COLOTLAN"|"HUB COLOTLAN"|"HUEJUQUILLA"||||||"OFF NET"
4413||5|||"CABLEMAS"|"SUR"||"OCCIDENTE"||"MICHOACAN"|"HUB ZITACUARO"|"HUB ZITACUARO"|"ZITACUARO"||||||"OFF NET"
4417||5|||"SKY"|"SUR"||"OCCIDENTE"||"MICHOACAN"|"HUB TACAMBARO"|"HUB TACAMBARO"|"TURICATO"||||||"OFF RED"
4421||5|||"TELECABLE"|"NORTE"||"PACIFICO"||"NAYARIT"|"HUB DEL NAYAR"|"HUB DEL NAYAR"|"IXTLAN DEL RIO"||||||"ON NET"
4425||5|||"TELECABLE"|"SUR"||"OCCIDENTE"||"MICHOACAN"|"HUB URUAPAN"|"HUB URUAPAN"|"PERIBAN"||||||"OFF NET"
4429||5|||"SKY"|"NORTE"||"NORESTE"||"SAN LUIS POTOSI"|"HUB MATEHUALA"|"HUB MATEHUALA"|"CATORCE"||||||"OFF RED"
4433||5|||"TVI"|"NORTE"||"NORESTE"||"TAMAULIPAS"|"HUB VICTORIA"|"HUB VICTORIA"|"CASAS"||||||"OFF NET"
4437||5|||"SKY"|"SUR"||"SURESTE"||"PUEBLA"|"HUB TECAMACHALCO"|"HUB TECAMACHALCO"|"PETLALCINGO"||||||"OFF RED"
4441||5|||"CABLECOM"|"SUR"||"SURESTE"||"PUEBLA"|"HUB AMOZOC"|"HUB AMOZOC"|"CHICHIQUILA"||||||"OFF RED"
3946||5||||"SUR"||"SURESTE"||"TABASCO"|"HUB MACUSPANA"|"HUB MACUSPANA"|"TACOTALPA"||||||"OFF RED"
3950||5|||"SKY"|"SUR"||"SURESTE"||"YUCATAN"|"HUB IZAMAL"|"HUB IZAMAL"|"DZILAM DE BRAVO"||||||"OFF NET"
3954||3|||"CABLECOM"|"METRO"|"METRO"|"METROPOLITANA"|"MXNORTE"|"MEXICO"|"HUB TOLUCA"|"HUB TOLUCA"|"CALPUHUAC"||||"Sin RPT"||"ON NET"
3958||3|||"CABLECOM"|"SUR"|"INTERIOR"|"SURESTE"|"GOLFO"|"PUEBLA"|"HUB TEZIUTLAN"|"HUB TEZIUTLAN"|"ZACAPOAXTLA"||||"Sin RPT"||"OFF RED"
3962||3|||"CABLEMAS"|"SUR"|"INTERIOR"|"SURESTE"|"SURESTE"|"QUINTANA ROO"|"HUB PLAYA DEL CARMEN"|"HUB PLAYA DEL CARMEN"|"TULUM"||||"Sin RPT"||"ON NET"
3966||3|||"SKY"|"NORTE"|"INTERIOR"|"PACIFICO"|"CENTRO"|"SINALOA"|"HUB AHOME"|"HUB AHOME"|"EL FUERTE"||||"Sin RPT"||"OFF RED"
3970||3|||"CABLEMAS"|"NORTE"|"NORTE"|"PACIFICO"|"PACIFICO"|"BAJA CALIFORNIA"|"HUB TIJUANA"|"HUB TIJUANA"|"TECATE"||||"Sin RPT"||"ON NET"
3974||3|||"SKY"|"SUR"|"INTERIOR"|"SURESTE"|"SURESTE"|"CHIAPAS"|"HUB REFORMA"|"HUB REFORMA"|"OSTUACAN"||||"Sin RPT"||"OFF RED"
3978||3|||"CABLEMAS"|"NORTE"|"NORTE"|"PACIFICO"|"PACIFICO"|"CHIHUAHUA"|"HUB CHIHUAHUA"|"HUB CHIHUAHUA"|"DELICIAS"||||"Sin RPT"||"ON NET"
3982||3|||"CABLEMAS"|"METRO"|"METRO"|"METROPOLITANA"|"MXNORTE"|"HIDALGO"|"HUB IXMIQUILPAN"|"HUB IXMIQUILPAN"|"ZIMAPAN"||||"Sin RPT"||"OFF RED"
3986||3|||"CABLEMAS"|"SUR"|"INTERIOR"|"OCCIDENTE"|"OCCIDENTE"|"JALISCO"|"HUB CIUDAD GUZMAN"|"HUB CIUDAD GUZMAN"|"JOCOTEPEC"||||"Sin RPT"||"ON NET"
3990||3||||"NORTE"|"NORTE"|"PACIFICO"|"PACIFICO"|"CHIHUAHUA"|"HUB CHIHUAHUA"|"HUB CHIHUAHUA"|"JULIMES"||||"Sin RPT"||"OFF RED"
3994||3|||"CABLEMAS"|"SUR"|"INTERIOR"|"OCCIDENTE"|"OCCIDENTE"|"JALISCO"|"HUB LAGOS DE MORENO"|"HUB LAGOS DE MORENO"|"TEOCALTICHE"||||"Sin RPT"||"ON NET"
3998||3|||"SKY"|"NORTE"|"NORTE"|"NORESTE"|"NORESTE"|"NUEVO LEON"|"HUB MONTERREY"|"HUB MONTERREY"|"HIGUERAS"||||"Sin RPT"||"OFF NET"
4003||3|||"CABLECOM"|"METRO"|"METRO"|"METROPOLITANA"|"MXNORTE"|"MEXICO"|"HUB TOLUCA"|"HUB TOLUCA"|"TENANGO"||||"Sin RPT"||"OFF NET"
4007||3|||"SKY"|"SUR"|"INTERIOR"|"SURESTE"|"GOLFO"|"PUEBLA"|"HUB AMOZOC"|"HUB AMOZOC"|"ACATZINGO"||||"Sin RPT"||"OFF NET"
4012||3||||"SUR"|"INTERIOR"|"SURESTE"|"GOLFO"|"PUEBLA"|"HUB TECAMACHALCO"|"HUB TECAMACHALCO"|"IXCAQUIXTLA"||||"Sin RPT"||"OFF NET"
4016||3|||"SKY"|"SUR"|"INTERIOR"|"OCCIDENTE"|"SURESTE"|"OAXACA"|"HUB OAXACA"|"HUB OAXACA"|"AYOQUEZCO"||||"Sin RPT"||"OFF RED"
4020||3|||"SKY"|"SUR"|"INTERIOR"|"SURESTE"|"GOLFO"|"PUEBLA"|"HUB HUAUCHINANGO"|"HUB HUAUCHINANGO"|"VENUSTIANO CARRANZA PUE"||||"Sin RPT"||"OFF NET"
3534||3|||"SKY"|"SUR"|"INTERIOR"|"OCCIDENTE"|"OCCIDENTE"|"GUERRERO"|"HUB IGUALA"|"HUB IGUALA"|"TEPECOACUILCO"||||"Sin RPT"||"OFF RED"
3538||3|||"CABLECOM"|"METRO"|"METRO"|"METROPOLITANA"|"MXNORTE"|"MEXICO"|"HUB TOLUCA"|"HUB TOLUCA"|"TOLUCA"||||"Sin RPT"||"ON NET"
3543||3|||"CABLEMAS"|"METRO"|"METRO"|"METROPOLITANA"|"MXSUR"|"MEXICO"|"HUB CHALCO"|"HUB CHALCO"|"ATLAUTLA"||||"Sin RPT"||"OFF NET"
3547||3|||"CABLEMAS"|"METRO"|"METRO"|"METROPOLITANA"|"MXSUR"|"MEXICO"|"HUB NEZAHUALCOYOTL"|"HUB NEZAHUALCOYOTL"|"NEZAHUALCOYOTL"||||"Sin RPT"||"ON NET"
4050||3|||"CABLEMAS"|"SUR"|"INTERIOR"|"OCCIDENTE"|"OCCIDENTE"|"GUERRERO"|"HUB COYUCA"|"HUB COYUCA"|"ZUMPANGO DEL RIO"||||"Sin RPT"||"OFF NET"
4055||3|||"TELECABLE"|"SUR"|"INTERIOR"|"OCCIDENTE"|"OCCIDENTE"|"JALISCO"|"HUB TEPATITLAN"|"HUB TEPATITLAN"|"ZAPOTLANEJO"||||"Sin RPT"||"ON NET"
4060||3|||"TELECABLE"|"SUR"|"INTERIOR"|"OCCIDENTE"|"OCCIDENTE"|"JALISCO"|"HUB PUERTO VALLARTA"|"HUB PUERTO VALLARTA"|"TENAMAXTLAN"||||"Sin RPT"||"OFF NET"
4064||3|||"CABLECOM"|"NORTE"|"INTERIOR"|"NORESTE"|"GOLFO"|"SAN LUIS POTOSI"|"HUB SAN LUIS POTOSI"|"HUB SAN LUIS POTOSI"|"VILLA DE REYES"||||"Sin RPT"||"OFF RED"
4071||3|||"TVI"|"NORTE"|"NORTE"|"NORESTE"|"NORESTE"|"NUEVO LEON"|"HUB MONTERREY"|"HUB MONTERREY"|"GENERAL ZUAZUA"||||"Sin RPT"||"ON NET"
4075||3|||"CABLEMAS"|"SUR"|"INTERIOR"|"OCCIDENTE"|"SURESTE"|"OAXACA"|"HUB JUXTLAHUACA"|"HUB JUXTLAHUACA"|"JUXTLAHUACA"||||"Sin RPT"||"OFF RED"
4079||3|||"CABLECOM"|"NORTE"|"NORTE"|"NORESTE"|"NORESTE"|"COAHUILA"|"HUB SALTILLO"|"HUB SALTILLO"|"ARTEAGA"||||"Sin RPT"||"OFF NET"
4083||5|||"SKY"|"NORTE"||"PACIFICO"||"SONORA"|"HUB CAJEME"|"HUB CAJEME"|"CAJEME"||||||"OFF NET"
4087||5|||"TVI"|"NORTE"||"NORESTE"||"TAMAULIPAS"|"HUB VICTORIA"|"HUB VICTORIA"|"LLERA"||||||"OFF RED"
4091||5|||"TVI"|"NORTE"||"NORESTE"||"NUEVO LEON"|"HUB LINARES"|"HUB LINARES"|"LINARES"||||||"ON NET"
4095||5|||"CABLEMAS"|"SUR"||"OCCIDENTE"||"AGUASCALIENTES"|"HUB CALVILLO"|"HUB CALVILLO"|"CALVILLO"||||||"OFF NET"
4099||5|||"SKY"|"NORTE"||"NORESTE"||"COAHUILA"|"HUB TORREON"|"HUB TORREON"|"PARRAS"||||||"OFF NET"
4103||5|||"SKY"|"SUR"||"SURESTE"||"CHIAPAS"|"HUB TAPACHULA"|"HUB TAPACHULA"|"UNION JUAREZ"||||||"OFF NET"
4107||5|||"CABLEMAS"|"SUR"||"OCCIDENTE"||"JALISCO"|"HUB LAGOS DE MORENO"|"HUB LAGOS DE MORENO"|"VILLA HIDALGO"||||||"OFF NET"
4111||5|||"CABLECOM"|"METRO"||"METROPOLITANA"||"HIDALGO"|"HUB HUEJUTLA"|"HUB HUEJUTLA"|"HGO TIANGUISTENGO"||||||"OFF RED"
4115||5|||"CABLECOM"|"SUR"||"OCCIDENTE"||"JALISCO"|"HUB TEPATITLAN"|"HUB TEPATITLAN"|"SAN IGNACIO CERRO GORDO"||||||"ON NET"
4119||5|||"CABLECOM"|"SUR"||"OCCIDENTE"||"MICHOACAN"|"HUB ZAMORA"|"HUB ZAMORA"|"ZACAPU"||||||"OFF NET"
4123||5|||"CABLEMAS"|"METRO"||"METROPOLITANA"||"MEXICO"|"HUB CHALCO"|"HUB CHALCO"|"CHALCO"||||||"ON NET"
4127||5|||"SKY"|"METRO"||"METROPOLITANA"||"MEXICO"|"HUB VILLA VICTORIA"|"HUB VILLA VICTORIA"|"TEJUPILCO"||||||"OFF NET"
4131||5||||"NORTE"||"PACIFICO"||"SONORA"|"HUB CUMPAS"|"HUB CUMPAS"|"LA COLORADA"||||||"OFF NET"
4135||5|||"SKY"|"SUR"||"OCCIDENTE"||"OAXACA"|"HUB HUATULCO"|"HUB HUATULCO"|"SAN CARLOS YAUTEPEC"||||||"OFF RED"
4139||5|||"TELECABLE"|"NORTE"||"NORESTE"||"QUERETARO"|"HUB SAN JUAN DEL RIO"|"HUB SAN JUAN DEL RIO"|"AMEALCO DE BONFIL"||||||"OFF NET"
4143||5|||"SKY"|"SUR"||"OCCIDENTE"||"OAXACA"|"HUB HUATULCO"|"HUB HUATULCO"|"HUATULCO"||||||"OFF NET"
4637||16|||"SKY"|"SUR"||"SURESTE"||"PUEBLA"|"HUB TECAMACHALCO"|"HUB TECAMACHALCO"|"TEPEXI"||||||"OFF RED"
4641||16|||"TELECABLE"|"NORTE"||"NORESTE"||"QUERETARO"|"HUB SAN JUAN DEL RIO"|"HUB SAN JUAN DEL RIO"|"AMEALCO DE BONFIL"||||||"OFF NET"
4645||16|||"CABLEMAS"|"SUR"||"SURESTE"||"PUEBLA"|"HUB ATLIXCO"|"HUB ATLIXCO"|"SANTA ISABEL CHOLULA"||||||"OFF NET"
4649||16|||"SKY"|"SUR"||"OCCIDENTE"||"OAXACA"|"HUB HUATULCO"|"HUB HUATULCO"|"HUATULCO"||||||"OFF NET"
4653||16|||"CABLEMAS"|"SUR"||"SURESTE"||"VERACRUZ"|"HUB TIERRA BLANCA"|"HUB TIERRA BLANCA"|"ALVARADO"||||||"OFF NET"
4657||16|||"SKY"|"SUR"||"SURESTE"||"VERACRUZ"|"HUB SAN ANDRES TUXTLA"|"HUB SAN ANDRES TUXTLA"|"ISLA"||||||"OFF NET"
4661||16|||"SKY"|"NORTE"||"PACIFICO"||"ZACATECAS"|"HUB FRESNILLO"|"HUB FRESNILLO"|"VILLA DE COS"||||||"OFF NET"
4166||5|||"CABLEMAS"|"SUR"||"SURESTE"||"VERACRUZ"|"HUB XALAPA"|"HUB XALAPA"|"TECOLUTLA"||||||"OFF RED"
4170||5|||"CABLEMAS"|"SUR"||"SURESTE"||"YUCATAN"|"HUB MERIDA"|"HUB MERIDA"|"MERIDA"||||||"ON NET"
4174||5|||"TELECABLE"|"SUR"||"SURESTE"||"CHIAPAS"|"HUB TAPACHULA"|"HUB TAPACHULA"|"TUZANTLA"||||||"OFF RED"
4178||5|||"CABLEMAS"|"NORTE"||"NORESTE"||"GUANAJUATO"|"HUB LEON"|"HUB LEON"|"LEON"||||||"OFF NET"
4182||5|||"CABLEMAS"|"METRO"||"METROPOLITANA"||"HIDALGO"|"HUB IXMIQUILPAN"|"HUB IXMIQUILPAN"|"TEPEHUACAN"||||||"OFF RED"
4186||5|||"CABLECOM"|"NORTE"||"NORESTE"||"SAN LUIS POTOSI"|"HUB VALLES"|"HUB VALLES"|"TAMANZUNCHALE"||||||"OFF RED"
4190||5||||"SUR"||"SURESTE"||"PUEBLA"|"HUB ATLIXCO"|"HUB ATLIXCO"|"CORONANGO"||||||"OFF NET"
4194||5|||"TVI"|"NORTE"||"NORESTE"||"NUEVO LEON"|"HUB MONTERREY"|"HUB MONTERREY"|"SAN NICOLAS DE LOS GARZA"||||||"ON NET"
4198||5|||"CABLEVISIÓN"|"METRO"||"METROPOLITANA"||"MEXICO"|"HUB NAUCALPAN"|"HUB NAUCALPAN"|"NAUCALPAN"||||||"ON NET"
4202||5|||"SKY"|"SUR"||"SURESTE"||"CHIAPAS"|"HUB REFORMA"|"HUB REFORMA"|"OSUMACINTA"||||||"OFF NET"
4206||5|||"SKY"|"SUR"||"SURESTE"||"CHIAPAS"|"HUB TAPACHULA"|"HUB TAPACHULA"|"MAPASTEPEC"||||||"OFF NET"
4210||5|||"SKY"|"NORTE"||"PACIFICO"||"CHIHUAHUA"|"HUB GUACHOCHI"|"HUB GUACHOCHI"|"GUADALUPE Y CALVO"||||||"OFF RED"
4214||5|||"TELECABLE"|"SUR"||"OCCIDENTE"||"GUERRERO"|"HUB IGUALA"|"HUB IGUALA"|"HUITZUCO"||||||"OFF NET"
4218||5|||"SKY"|"NORTE"||"PACIFICO"||"DURANGO"|"HUB DURANGO"|"HUB DURANGO"|"CANATLAN"||||||"OFF RED"
4222||5|||"TELECABLE"|"SUR"||"OCCIDENTE"||"JALISCO"|"HUB TEPATITLAN"|"HUB TEPATITLAN"|"SAN MIGUEL EL ALTO"||||||"ON NET"
4226||5|||"SKY"|"SUR"||"OCCIDENTE"||"OAXACA"|"HUB HUAJUAPAN"|"HUB HUAJUAPAN"|"TEPEUXILA"||||||"OFF RED"
4230||5|||"SKY"|"NORTE"||"PACIFICO"||"NAYARIT"|"HUB DEL NAYAR"|"HUB DEL NAYAR"|"DEL NAYAR"||||||"OFF NET"
4234||5|||"SKY"|"SUR"||"OCCIDENTE"||"MICHOACAN"|"HUB ZITACUARO"|"HUB ZITACUARO"|"MARAVATIO"||||||"OFF RED"
4238||5|||"CABLECOM"|"SUR"||"OCCIDENTE"||"MICHOACAN"|"HUB ZAMORA"|"HUB ZAMORA"|"BRISEÑAS"||||||"ON NET"
4242||5|||"SKY"|"SUR"||"SURESTE"||"YUCATAN"|"HUB TEKAX"|"HUB TEKAX"|"KANTUNIL"||||||"OFF RED"
4246||5|||"CABLECOM"|"SUR"||"SURESTE"||"TABASCO"|"HUB CARDENAS"|"HUB CARDENAS"|"HUIMANGUILLO"||||||"OFF NET"
4250||5|||"CABLECOM"|"SUR"||"SURESTE"||"TABASCO"|"HUB MACUSPANA"|"HUB MACUSPANA"|"MACUSPANA"||||||"OFF NET"
4254||5|||"CABLECOM"|"SUR"||"SURESTE"||"VERACRUZ"|"HUB VERACRUZ"|"HUB VERACRUZ"|"PASO DEL MACHO"||||||"OFF RED"
3791||5|||"TELECABLE"|"SUR"||"OCCIDENTE"||"JALISCO"|"HUB CIUDAD GUZMAN"|"HUB CIUDAD GUZMAN"|"CHAPALA"||||||"OFF NET"
3795||5|||"CABLEMAS"|"SUR"||"OCCIDENTE"||"GUERRERO"|"HUB ZIHUATANEJO"|"HUB ZIHUATANEJO"|"ISIDORO MONTES"||||||"OFF RED"
3799||5|||"CABLEMAS"|"SUR"||"OCCIDENTE"||"JALISCO"|"HUB LAGOS DE MORENO"|"HUB LAGOS DE MORENO"|"TEOCALTICHE"||||||"ON NET"
3803||5|||"SKY"|"SUR"||"OCCIDENTE"||"OAXACA"|"HUB TUXTEPEC"|"HUB TUXTEPEC"|"SAN PEDRO YOLOX"||||||"OFF RED"
3807||5|||"TELECABLE"|"NORTE"||"PACIFICO"||"NAYARIT"|"HUB BAHIA DE BANDERAS"|"HUB BAHIA DE BANDERAS"|"AHUACATLAN"||||||"OFF RED"
3811||5|||"SKY"|"METRO"||"METROPOLITANA"||"MEXICO"|"HUB TOLUCA"|"HUB TOLUCA"|"OCUILAN"||||||"OFF RED"
3815||5|||"SKY"|"SUR"||"SURESTE"||"PUEBLA"|"HUB ATLIXCO"|"HUB ATLIXCO"|"EPATLAN"||||||"OFF NET"
4319||5|||"CABLEMAS"|"SUR"||"OCCIDENTE"||"GUERRERO"|"HUB ACAPULCO"|"HUB ACAPULCO"|"ACAPULCO"||||||"ON NET"
4323||5|||"TELECABLE"|"SUR"||"OCCIDENTE"||"JALISCO"|"HUB TEPATITLAN"|"HUB TEPATITLAN"|"JESUS MARIA"||||||"OFF NET"
4327||5|||"CABLEVISIÓN"|"METRO"||"METROPOLITANA"||"MEXICO"|"HUB HUIXQUILUCAN"|"HUB HUIXQUILUCAN"|"HUIXQUILUCAN"||||||"ON NET"
4331||5|||"TELECABLE"|"METRO"||"METROPOLITANA"||"MORELOS"|"HUB PUENTE DE IXTLA"|"HUB PUENTE DE IXTLA"|"PUENTE DE IXTLA"||||||"OFF NET"
4335||5|||"SKY"|"SUR"||"SURESTE"||"PUEBLA"|"HUB IZUCAR DE MATAMOROS"|"HUB IZUCAR DE MATAMOROS"|"COATZINGO"||||||"OFF NET"
4339||5|||"SKY"|"NORTE"||"PACIFICO"||"SONORA"|"HUB CABORCA"|"HUB CABORCA"|"CABORCA"||||||"OFF NET"
4343||5|||"SKY"|"SUR"||"SURESTE"||"PUEBLA"|"HUB ATLIXCO"|"HUB ATLIXCO"|"ACTEOPAN"||||||"OFF NET"
4347||5|||"SKY"|"SUR"||"SURESTE"||"TLAXCALA"|"HUB ATLTZAYANCA"|"HUB ATLTZAYANCA"|"ATLTZAYANCA"||||||"OFF RED"
4351||5|||"SKY"|"NORTE"||"NORESTE"||"TAMAULIPAS"|"HUB SOTO LA MARINA"|"HUB SOTO LA MARINA"|"VILLAGRAN"||||||"OFF NET"
4355||5|||"CABLEMAS"|"SUR"||"SURESTE"||"VERACRUZ"|"HUB COATZACOALCOS"|"HUB COATZACOALCOS"|"LAS CHOAPAS"||||||"OFF NET"
4359||5|||"CABLEMAS"|"SUR"||"SURESTE"||"VERACRUZ"|"HUB VERACRUZ"|"HUB VERACRUZ"|"RAFAEL DELGADO"||||||"OFF NET"
4363||5|||"CABLEMAS"|"SUR"||"SURESTE"||"YUCATAN"|"HUB VALLADOLID"|"HUB VALLADOLID"|"TIZIMIN"||||||"OFF NET"
4367||5|||"CABLEVISIÓN"|"METRO"||"METROPOLITANA"||"CIUDAD DE MEXICO"|"HUB MILPA ALTA"|"HUB MILPA ALTA"|"MILPA ALTA"||||||"ON NET"
4371||5|||"SKY"|"SUR"||"OCCIDENTE"||"GUERRERO"|"HUB IGUALA"|"HUB IGUALA"|"TETIPAC"||||||"OFF RED"
4375||5|||"CABLEMAS"|"METRO"||"METROPOLITANA"||"HIDALGO"|"HUB TULA"|"HUB TULA"|"TEPEJI DEL RIO"||||||"OFF NET"
4379||5|||"CABLECOM"|"METRO"||"METROPOLITANA"||"MEXICO"|"HUB TOLUCA"|"HUB TOLUCA"|"CALPUHUAC"||||||"ON NET"
4383||5|||"CABLECOM"|"NORTE"||"NORESTE"||"SAN LUIS POTOSI"|"HUB MEXQUITIC"|"HUB MEXQUITIC"|"MEXQUITIC"||||||"OFF RED"
4387||5||||"NORTE"||"PACIFICO"||"SONORA"|"HUB NOGALES"|"HUB NOGALES"|"AGUA PRIETA"||||||"OFF NET"
4391||5|||"CABLEMAS"|"SUR"||"OCCIDENTE"||"OAXACA"|"HUB OAXACA"|"HUB OAXACA"|"VILLA DE ZAACHILA"||||||"ON NET"
4395||5|||"CABLEVISIÓN"|"METRO"||"METROPOLITANA"||"CIUDAD DE MEXICO"|"HUB TLAHUAC"|"HUB TLAHUAC"|"TLAHUAC"||||||"ON NET"
4399||5|||"SKY"|"SUR"||"SURESTE"||"CHIAPAS"|"HUB REFORMA"|"HUB REFORMA"|"OSTUACAN"||||||"OFF RED"
4403||5|||"CABLEMAS"|"METRO"||"METROPOLITANA"||"HIDALGO"|"HUB IXMIQUILPAN"|"HUB IXMIQUILPAN"|"ZIMAPAN"||||||"OFF RED"
4407||5|||"CABLEMAS"|"NORTE"||"NORESTE"||"GUANAJUATO"|"HUB CELAYA"|"HUB CELAYA"|"JERECUARO"||||||"OFF RED"
4411||5|||"CABLEMAS"|"METRO"||"METROPOLITANA"||"MEXICO"|"HUB ZUMPANGO"|"HUB ZUMPANGO"|"ZUMPANGO"||||||"OFF NET"
4415||5|||"CABLEVISIÓN"|"METRO"||"METROPOLITANA"||"MEXICO"|"HUB CUAUTITLAN"|"HUB CUAUTITLAN"|"CUAUTITLAN"||||||"ON NET"
4419||5|||"SKY"|"METRO"||"METROPOLITANA"||"MEXICO"|"HUB TOLUCA"|"HUB TOLUCA"|"ZUMPAHUACAN"||||||"OFF RED"
4423||5|||"SKY"|"SUR"||"OCCIDENTE"||"MICHOACAN"|"HUB TACAMBARO"|"HUB TACAMBARO"|"HUETAMO"||||||"OFF NET"
4427||5|||"SKY"|"NORTE"||"PACIFICO"||"NAYARIT"|"HUB TECUALA"|"HUB TECUALA"|"HUAJICORI"||||||"OFF RED"
4431||5|||"SKY"|"SUR"||"SURESTE"||"PUEBLA"|"HUB AMOZOC"|"HUB AMOZOC"|"ACATZINGO"||||||"OFF NET"
4435||5||||"SUR"||"SURESTE"||"PUEBLA"|"HUB IZUCAR DE MATAMOROS"|"HUB IZUCAR DE MATAMOROS"|"GUADALUPE PUE"||||||"OFF NET"
4439||5|||"CABLEMAS"|"NORTE"||"PACIFICO"||"SONORA"|"HUB NOGALES"|"HUB NOGALES"|"NOGALES"||||||"ON NET"
3944||5|||"SKY"|"NORTE"||"PACIFICO"||"SONORA"|"HUB NOGALES"|"HUB NOGALES"|"NACOZARI DE GARCIA"||||||"OFF NET"
3948||5|||"SKY"|"SUR"||"SURESTE"||"YUCATAN"|"HUB MERIDA"|"HUB MERIDA"|"TAHMEK"||||||"OFF RED"
3952||5|||"SKY"|"SUR"||"SURESTE"||"VERACRUZ"|"HUB TIERRA BLANCA"|"HUB TIERRA BLANCA"|"IGNACIO DE LA LLAVE"||||||"OFF RED"
3956||3|||"CABLECOM"|"SUR"|"INTERIOR"|"OCCIDENTE"|"OCCIDENTE"|"MICHOACAN"|"HUB MORELIA"|"HUB MORELIA"|"MORELIA"||||"Sin RPT"||"OFF NET"
3960||3|||"CABLEMAS"|"SUR"|"INTERIOR"|"SURESTE"|"SURESTE"|"QUINTANA ROO"|"HUB CANCUN"|"HUB CANCUN"|"LAZARO CARDENAS QROO"||||"Sin RPT"||"OFF RED"
3964||3|||"CABLEMAS"|"NORTE"|"INTERIOR"|"NORESTE"|"GOLFO"|"SAN LUIS POTOSI"|"HUB VALLES"|"HUB VALLES"|"EBANO"||||"Sin RPT"||"OFF NET"
3968||3|||"TELECABLE"|"NORTE"|"INTERIOR"|"PACIFICO"|"CENTRO"|"ZACATECAS"|"HUB FRESNILLO"|"HUB FRESNILLO"|"GRAL FCO R MURGUIA"||||"Sin RPT"||"OFF RED"
3972||3|||"CABLECOM"|"NORTE"|"NORTE"|"NORESTE"|"NORESTE"|"COAHUILA"|"HUB SALTILLO"|"HUB SALTILLO"|"SALTILLO"||||"Sin RPT"||"ON NET"
3976||3|||"SKY"|"SUR"|"INTERIOR"|"SURESTE"|"SURESTE"|"CHIAPAS"|"HUB TUXTLA GUTIERREZ"|"HUB TUXTLA GUTIERREZ"|"TONALA CHIS"||||"Sin RPT"||"OFF NET"
3980||3|||"CABLECOM"|"METRO"|"METRO"|"METROPOLITANA"|"MXNORTE"|"HIDALGO"|"HUB TULANCINGO"|"HUB TULANCINGO"|"TULANCINGO"||||"Sin RPT"||"ON NET"
3984||3|||"CABLEMAS"|"SUR"|"INTERIOR"|"OCCIDENTE"|"OCCIDENTE"|"GUERRERO"|"HUB ACAPULCO"|"HUB ACAPULCO"|"ACAPULCO"||||"Sin RPT"||"ON NET"
3988||3|||"SKY"|"METRO"|"METRO"|"METROPOLITANA"|"MXNORTE"|"HIDALGO"|"HUB PACHUCA"|"HUB PACHUCA"|"SAN SALVADOR"||||"Sin RPT"||"OFF RED"
3992||3|||"CABLEMAS"|"METRO"|"METRO"|"METROPOLITANA"|"MXNORTE"|"HIDALGO"|"HUB TULA"|"HUB TULA"|"TULA HGO"||||"Sin RPT"||"ON NET"
3996||3|||"TVI"|"NORTE"|"NORTE"|"NORESTE"|"NORESTE"|"NUEVO LEON"|"HUB MONTERREY"|"HUB MONTERREY"|"CIENEGA DE FLORES"||||"Sin RPT"||"ON NET"
4001||3|||"TVI"|"NORTE"|"NORTE"|"NORESTE"|"NORESTE"|"NUEVO LEON"|"HUB MONTERREY"|"HUB MONTERREY"|"JUAREZ NL"||||"Sin RPT"||"ON NET"
4005||3|||"CABLEMAS"|"NORTE"|"NORTE"|"PACIFICO"|"PACIFICO"|"SONORA"|"HUB SAN LUIS RIO COLORADO"|"HUB SAN LUIS RIO COLORADO"|"SAN LUIS RIO COLORADO"||||"Sin RPT"||"ON NET"
4010||3|||"SKY"|"SUR"|"INTERIOR"|"SURESTE"|"GOLFO"|"PUEBLA"|"HUB TEZIUTLAN"|"HUB TEZIUTLAN"|"HUEYTAMALCO"||||"Sin RPT"||"OFF RED"
4014||3|||"CABLECOM"|"NORTE"|"INTERIOR"|"NORESTE"|"GOLFO"|"SAN LUIS POTOSI"|"HUB SAN LUIS POTOSI"|"HUB SAN LUIS POTOSI"|"SAN LUIS POTOSI"||||"Sin RPT"||"ON NET"
4018||3|||"CABLEMAS"|"SUR"|"INTERIOR"|"SURESTE"|"GOLFO"|"PUEBLA"|"HUB TEZIUTLAN"|"HUB TEZIUTLAN"|"HUEYAPAN"||||"Sin RPT"||"OFF NET"
3532||3|||"CABLEMAS"|"METRO"|"METRO"|"METROPOLITANA"|"MXNORTE"|"HIDALGO"|"HUB TULA"|"HUB TULA"|"ALFAYUCAN"||||"Sin RPT"||"OFF RED"
3536||3|||"CABLEVISIÓN"|"METRO"|"METRO"|"METROPOLITANA"|"MXNORTE"|"MEXICO"|"HUB CUAUTITLAN"|"HUB CUAUTITLAN"|"CUAUTITLAN"||||"Sin RPT"||"ON NET"
3541||3|||"SKY"|"SUR"|"INTERIOR"|"OCCIDENTE"|"SURESTE"|"OAXACA"|"HUB HUAJUAPAN"|"HUB HUAJUAPAN"|"COSOLAPA"||||"Sin RPT"||"OFF NET"
3545||3|||"TELECABLE"|"SUR"|"INTERIOR"|"OCCIDENTE"|"OCCIDENTE"|"MICHOACAN"|"HUB MORELIA"|"HUB MORELIA"|"SANTA ANA MAYA"||||"Sin RPT"||"OFF NET"
3549||3|||"SKY"|"NORTE"|"INTERIOR"|"PACIFICO"|"CENTRO"|"NAYARIT"|"HUB TECUALA"|"HUB TECUALA"|"HUAJICORI"||||"Sin RPT"||"OFF RED"
4052||3|||"TELECABLE"|"NORTE"|"INTERIOR"|"PACIFICO"|"CENTRO"|"NAYARIT"|"HUB TEPIC"|"HUB TEPIC"|"TEPIC"||||"Sin RPT"||"ON NET"
4057||3|||"TELECABLE"|"SUR"|"INTERIOR"|"OCCIDENTE"|"OCCIDENTE"|"JALISCO"|"HUB GUADALAJARA"|"HUB GUADALAJARA"|"AMECA"||||"Sin RPT"||"ON NET"
4062||3|||"CABLEMAS"|"SUR"|"INTERIOR"|"SURESTE"|"GOLFO"|"PUEBLA"|"HUB AMOZOC"|"HUB AMOZOC"|"LIBRES"||||"Sin RPT"||"OFF NET"
4067||3|||"CABLECOM"|"SUR"|"INTERIOR"|"SURESTE"|"SURESTE"|"TABASCO"|"HUB COMALCALCO"|"HUB COMALCALCO"|"COMALCALCO"||||"Sin RPT"||"OFF NET"
4073||3|||"SKY"|"NORTE"|"NORTE"|"NORESTE"|"NORESTE"|"NUEVO LEON"|"HUB LINARES"|"HUB LINARES"|"GALEANA"||||"Sin RPT"||"OFF RED"
4077||3|||"CABLECOM"|"SUR"|"INTERIOR"|"SURESTE"|"SURESTE"|"CAMPECHE"|"HUB CARMEN"|"HUB CARMEN"|"PALIZADA"||||"Sin RPT"||"OFF NET"
4081||3|||"CABLEMAS"|"SUR"|"INTERIOR"|"SURESTE"|"SURESTE"|"CHIAPAS"|"HUB SAN CRISTOBAL"|"HUB SAN CRISTOBAL"|"COMITAN"||||"Sin RPT"||"OFF NET"
4085||5|||"CABLECOM"|"SUR"||"SURESTE"||"TABASCO"|"HUB CARDENAS"|"HUB CARDENAS"|"TAB CARDENAS"||||||"OFF NET"
4089||5|||"SKY"|"SUR"||"OCCIDENTE"||"OAXACA"|"HUB HUATULCO"|"HUB HUATULCO"|"COATLAN"||||||"OFF NET"
4093||5|||"CABLEVISIÓN"|"METRO"||"METROPOLITANA"||"CIUDAD DE MEXICO"|"HUB LA MAGDALENA CONTRERAS"|"HUB LA MAGDALENA CONTRERAS"|"LA MAGDALENA CONTRERAS"||||||"ON NET"
4097||5|||"CABLECOM"|"NORTE"||"NORESTE"||"COAHUILA"|"HUB SALTILLO"|"HUB SALTILLO"|"SALTILLO"||||||"ON NET"
4101||5|||"SKY"|"SUR"||"SURESTE"||"CHIAPAS"|"HUB REFORMA"|"HUB REFORMA"|"FRANCISCO LEON"||||||"OFF NET"
4105||5|||"CABLEMAS"|"NORTE"||"PACIFICO"||"CHIHUAHUA"|"HUB CHIHUAHUA"|"HUB CHIHUAHUA"|"DELICIAS"||||||"ON NET"
4109||5|||"CABLECOM"|"METRO"||"METROPOLITANA"||"HIDALGO"|"HUB PACHUCA"|"HUB PACHUCA"|"HGO ACTOPAN"||||||"OFF NET"
4113||5|||"CABLEMAS"|"SUR"||"OCCIDENTE"||"JALISCO"|"HUB TEPATITLAN"|"HUB TEPATITLAN"|"OCOTLAN"||||||"ON NET"
4117||5||||"METRO"||"METROPOLITANA"||"MEXICO"|"HUB IXTLAHUACA"|"HUB IXTLAHUACA"|"ATLACOMULCO"||||||"OFF NET"
4121||5|||"TVI"|"NORTE"||"NORESTE"||"NUEVO LEON"|"HUB MONTERREY"|"HUB MONTERREY"|"GUADALUPE NL"||||||"ON NET"
4125||5|||"TVI"|"NORTE"||"NORESTE"||"NUEVO LEON"|"HUB MONTERREY"|"HUB MONTERREY"|"SANTA CATARINA"||||||"ON NET"
4129||5|||"SKY"|"SUR"||"SURESTE"||"PUEBLA"|"HUB IZUCAR DE MATAMOROS"|"HUB IZUCAR DE MATAMOROS"|"TEHUITZINGO"||||||"OFF RED"
4133||5|||"SKY"|"SUR"||"SURESTE"||"PUEBLA"|"HUB IZUCAR DE MATAMOROS"|"HUB IZUCAR DE MATAMOROS"|"TULCINGO"||||||"OFF NET"
4137||5|||"TVI"|"NORTE"||"NORESTE"||"TAMAULIPAS"|"HUB MATAMOROS"|"HUB MATAMOROS"|"RIO BRAVO"||||||"OFF NET"
4141||5|||"SKY"|"NORTE"||"NORESTE"||"SAN LUIS POTOSI"|"HUB RIOVERDE"|"HUB RIOVERDE"|"ALAQUINES"||||||"OFF NET"
4635||16|||"CABLECOM"|"NORTE"||"NORESTE"||"SAN LUIS POTOSI"|"HUB MATEHUALA"|"HUB MATEHUALA"|"CEDRAL"||||||"OFF NET"
4639||16|||"SKY"|"SUR"||"SURESTE"||"PUEBLA"|"HUB TEHUACAN"|"HUB TEHUACAN"|"SAN JOSE MIAHUTLAN"||||||"OFF RED"
4643||16|||"CABLEMAS"|"SUR"||"SURESTE"||"PUEBLA"|"HUB TEZIUTLAN"|"HUB TEZIUTLAN"|"CHIGNAUTLA"||||||"OFF NET"
4647||16|||"SKY"|"SUR"||"SURESTE"||"PUEBLA"|"HUB TECAMACHALCO"|"HUB TECAMACHALCO"|"HUATLATLAUCA"||||||"OFF RED"
4651||16|||"SKY"|"NORTE"||"PACIFICO"||"ZACATECAS"|"HUB VALPARAISO"|"HUB VALPARAISO"|"CHALCHIHUITES"||||||"OFF RED"
4655||16|||"CABLEMAS"|"SUR"||"SURESTE"||"VERACRUZ"|"HUB COATZACOALCOS"|"HUB COATZACOALCOS"|"AGUA DULCE"||||||"OFF NET"
4659||16|||"CABLEMAS"|"SUR"||"SURESTE"||"VERACRUZ"|"HUB COATZACOALCOS"|"HUB COATZACOALCOS"|"LAS CHOAPAS"||||||"OFF NET"
4663||16|||"SKY"|"SUR"||"SURESTE"||"TLAXCALA"|"HUB YAHUQUEMEHCAN"|"HUB YAHUQUEMEHCAN"|"XALTOCAN"||||||"OFF NET"
4168||5|||"CABLEMAS"|"SUR"||"SURESTE"||"VERACRUZ"|"HUB TIERRA BLANCA"|"HUB TIERRA BLANCA"|"JOSE AZUETA"||||||"OFF RED"
4172||5|||"CABLECOM"|"SUR"||"SURESTE"||"CHIAPAS"|"HUB SAN CRISTOBAL"|"HUB SAN CRISTOBAL"|"SAN CRISTOBAL"||||||"OFF NET"
4176||5|||"CABLECOM"|"NORTE"||"PACIFICO"||"DURANGO"|"HUB SANTIAGO PAPASQUIARO"|"HUB SANTIAGO PAPASQUIARO"|"SAN DIMAS"||||||"OFF NET"
4180||5|||"TELECABLE"|"NORTE"||"PACIFICO"||"NAYARIT"|"HUB TEPIC"|"HUB TEPIC"|"TEPIC"||||||"ON NET"
4184||5|||"CABLECOM"|"NORTE"||"NORESTE"||"QUERETARO"|"HUB QUERETARO"|"HUB QUERETARO"|"QUERETARO"||||||"ON NET"
4188||5|||"TVI"|"NORTE"||"NORESTE"||"TAMAULIPAS"|"HUB MATAMOROS"|"HUB MATAMOROS"|"TAM SAN FERNANDO"||||||"OFF NET"
4192||5||||"NORTE"||"PACIFICO"||"ZACATECAS"|"HUB NOCHISTLAN"|"HUB NOCHISTLAN"|"TEUL"||||||"OFF NET"
4196||5|||"SKY"|"SUR"||"OCCIDENTE"||"OAXACA"|"HUB HUAJUAPAN"|"HUB HUAJUAPAN"|"TEOTITLAN"||||||"OFF NET"
4200||5|||"CABLECOM"|"NORTE"||"NORESTE"||"COAHUILA"|"HUB PIEDRAS NEGRAS"|"HUB PIEDRAS NEGRAS"|"NAVA"||||||"OFF NET"
4204||5|||"SKY"|"SUR"||"SURESTE"||"CHIAPAS"|"HUB REFORMA"|"HUB REFORMA"|"SUNUAPA"||||||"OFF NET"
4208||5|||"SKY"|"SUR"||"SURESTE"||"CHIAPAS"|"HUB TAPACHULA"|"HUB TAPACHULA"|"MAZATAN"||||||"OFF RED"
4212||5|||"TELECABLE"|"NORTE"||"NORESTE"||"GUANAJUATO"|"HUB IRAPUATO"|"HUB IRAPUATO"|"SALAMANCA"||||||"ON NET"
4216||5|||"TELECABLE"|"SUR"||"OCCIDENTE"||"JALISCO"|"HUB GUADALAJARA"|"HUB GUADALAJARA"|"AHUALULCO"||||||"OFF NET"
4220||5|||"TELECABLE"|"NORTE"||"NORESTE"||"GUANAJUATO"|"HUB IRAPUATO"|"HUB IRAPUATO"|"MOROLEON"||||||"ON NET"
4224||5|||"TELECABLE"|"SUR"||"OCCIDENTE"||"JALISCO"|"HUB GUADALAJARA"|"HUB GUADALAJARA"|"TALA"||||||"OFF NET"
4228||5|||"SKY"|"SUR"||"OCCIDENTE"||"OAXACA"|"HUB HUAJUAPAN"|"HUB HUAJUAPAN"|"COIXTLAHUACA"||||||"OFF NET"
4232||5|||"CABLECOM"|"METRO"||"METROPOLITANA"||"MEXICO"|"HUB TOLUCA"|"HUB TOLUCA"|"TOLUCA"||||||"ON NET"
4236||5|||"SKY"|"SUR"||"OCCIDENTE"||"MICHOACAN"|"HUB MORELIA"|"HUB MORELIA"|"ALVARO OBREGON MICH"||||||"OFF RED"
4258||5|||"SKY"|"SUR"||"SURESTE"||"YUCATAN"|"HUB UMAN"|"HUB UMAN"|"ABALA"||||||"OFF RED"
4262||5|||"CABLEVISIÓN"|"SUR"||"SURESTE"||"VERACRUZ"|"HUB VERACRUZ"|"HUB VERACRUZ"|"TEZONAPA"||||||"OFF RED"
4266||5|||"TVI"|"NORTE"||"PACIFICO"||"DURANGO"|"HUB GOMEZ PALACIO"|"HUB GOMEZ PALACIO"|"NAZAS"||||||"OFF NET"
4270||5|||"TELECABLE"|"NORTE"||"PACIFICO"||"NAYARIT"|"HUB TEPIC"|"HUB TEPIC"|"RUIZ"||||||"OFF NET"
4274||5|||"TELECABLE"|"SUR"||"OCCIDENTE"||"JALISCO"|"HUB GUADALAJARA"|"HUB GUADALAJARA"|"GUADALAJARA"||||||"ON NET"
4278||5|||"CABLECOM"|"SUR"||"OCCIDENTE"||"JALISCO"|"HUB TEPATITLAN"|"HUB TEPATITLAN"|"ATOTONILCO EL ALTO"||||||"OFF NET"
4282||5|||"SKY"|"SUR"||"OCCIDENTE"||"MICHOACAN"|"HUB ZAMORA"|"HUB ZAMORA"|"SAHUAYO"||||||"OFF NET"
4286||5|||"CABLEMAS"|"SUR"||"SURESTE"||"QUINTANA ROO"|"HUB PLAYA DEL CARMEN"|"HUB PLAYA DEL CARMEN"|"TULUM"||||||"ON NET"
4290||5|||"TVI"|"NORTE"||"NORESTE"||"TAMAULIPAS"|"HUB MATAMOROS"|"HUB MATAMOROS"|"MATAMOROS"||||||"ON NET"
4294||5|||"SKY"|"SUR"||"OCCIDENTE"||"OAXACA"|"HUB HUATULCO"|"HUB HUATULCO"|"MIXTEPEC"||||||"OFF NET"
4298||5|||"SKY"|"SUR"||"OCCIDENTE"||"OAXACA"|"HUB OAXACA"|"HUB OAXACA"|"SANTIAGO TILANTONGO"||||||"OFF RED"
4302||5|||"TELECABLE"|"NORTE"||"NORESTE"||"COAHUILA"|"HUB MORELOS"|"HUB MORELOS"|"COAH MORELOS"||||||"OFF NET"
4306||5|||"SKY"|"SUR"||"SURESTE"||"CHIAPAS"|"HUB TAPACHULA"|"HUB TAPACHULA"|"FRONTERA HIDALGO"||||||"OFF RED"
4310||5|||"CABLEMAS"|"NORTE"||"PACIFICO"||"CHIHUAHUA"|"HUB CHIHUAHUA"|"HUB CHIHUAHUA"|"MEOQUI"||||||"OFF NET"
4314||5|||"CABLEMAS"|"SUR"||"OCCIDENTE"||"GUERRERO"|"HUB CHILAPA"|"HUB CHILAPA"|"CHILAPA DE ALVAREZ"||||||"OFF RED"
4318||5|||"SKY"|"SUR"||"OCCIDENTE"||"GUERRERO"|"HUB IGUALA"|"HUB IGUALA"|"APAXTLA"||||||"OFF NET"
4696||16|||"CABLEMAS"|"SUR"||"OCCIDENTE"||"OAXACA"|"HUB OAXACA"|"HUB OAXACA"|"SAN PEDRO IXTLAHUACA"||||||"OFF RED"
4700||16|||"TELECABLE"|"NORTE"||"PACIFICO"||"ZACATECAS"|"HUB GUADALUPE"|"HUB GUADALUPE"|"JEREZ"||||||"OFF NET"
4704||16|||"CABLEMAS"|"SUR"||"OCCIDENTE"||"OAXACA"|"HUB HUAJUAPAN"|"HUB HUAJUAPAN"|"HUAJUAPAN"||||||"OFF NET"
4708||16|||"SKY"|"SUR"||"SURESTE"||"CHIAPAS"|"HUB REFORMA"|"HUB REFORMA"|"SAN FERNANDO CHIS"||||||"OFF RED"
4712||16|||"SKY"|"NORTE"||"PACIFICO"||"CHIHUAHUA"|"HUB CUAUHTEMOC CHIH"|"HUB CUAUHTEMOC CHIH"|"RIVA PALACIO"||||||"OFF RED"
4716||16|||"TELECABLE"|"SUR"||"OCCIDENTE"||"JALISCO"|"HUB TEPATITLAN"|"HUB TEPATITLAN"|"VALLE DE GUADALUPE"||||||"OFF NET"
4720||16|||"CABLEMAS"|"SUR"||"OCCIDENTE"||"JALISCO"|"HUB LAGOS DE MORENO"|"HUB LAGOS DE MORENO"|"OJUELOS"||||||"OFF NET"
4724||16|||"SKY"|"SUR"||"OCCIDENTE"||"OAXACA"|"HUB HUAJUAPAN"|"HUB HUAJUAPAN"|"SAN MIGUEL CHICAHUA"||||||"OFF RED"
4728||16||||"METRO"||"METROPOLITANA"||"MEXICO"|"HUB TOLUCA"|"HUB TOLUCA"|"VILLA GUERRERO"||||||"OFF NET"
4732||16|||"SKY"|"METRO"||"METROPOLITANA"||"MEXICO"|"HUB TOLUCA"|"HUB TOLUCA"|"ZUMPAHUACAN"||||||"OFF RED"
4736||16|||"CABLEMAS"|"SUR"||"SURESTE"||"QUINTANA ROO"|"HUB CANCUN"|"HUB CANCUN"|"PUERTO MORELOS"||||||"OFF NET"
4740||16|||"CABLECOM"|"SUR"||"SURESTE"||"TABASCO"|"HUB COMALCALCO"|"HUB COMALCALCO"|"NACAJUCA"||||||"OFF NET"
4744||16|||"SKY"|"NORTE"||"PACIFICO"||"SONORA"|"HUB NAVOJOA"|"HUB NAVOJOA"|"ETCHOHOA"||||||"OFF RED"
4748||16|||"SKY"|"NORTE"||"PACIFICO"||"ZACATECAS"|"HUB FRESNILLO"|"HUB FRESNILLO"|"SAIN ALTO"||||||"OFF RED"
4752||16|||"SKY"|"SUR"||"SURESTE"||"TLAXCALA"|"HUB YAHUQUEMEHCAN"|"HUB YAHUQUEMEHCAN"|"TLAXCO"||||||"OFF NET"
4756||16|||"CABLECOM"|"SUR"||"SURESTE"||"TLAXCALA"|"HUB SAN PABLO DEL MONTE"|"HUB SAN PABLO DEL MONTE"|"XICOHZINCO"||||||"OFF NET"
4760||16|||"SKY"|"SUR"||"SURESTE"||"TLAXCALA"|"HUB CALPULALPAN"|"HUB CALPULALPAN"|"CALPULALPAN"||||||"OFF NET"
4764||16|||"CABLECOM"|"SUR"||"SURESTE"||"TLAXCALA"|"HUB TLAXCALA"|"HUB TLAXCALA"|"TLAXCALA"||||||"ON NET"
4768||16|||"CABLEMAS"|"SUR"||"SURESTE"||"VERACRUZ"|"HUB COATZACOALCOS"|"HUB COATZACOALCOS"|"JALTIPAN"||||||"OFF NET"
4772||16|||"SKY"|"SUR"||"SURESTE"||"CAMPECHE"|"HUB CAMPECHE"|"HUB CAMPECHE"|"CALKINI"||||||"OFF NET"
4776||16|||"CABLEMAS"|"NORTE"||"PACIFICO"||"CHIHUAHUA"|"HUB PARRAL"|"HUB PARRAL"|"PARRAL"||||||"ON NET"
4780||16|||"TELECABLE"|"NORTE"||"PACIFICO"||"NAYARIT"|"HUB TEPIC"|"HUB TEPIC"|"TEPIC"||||||"ON NET"
4784||16|||"TELECABLE"|"SUR"||"OCCIDENTE"||"JALISCO"|"HUB GUADALAJARA"|"HUB GUADALAJARA"|"GUADALAJARA"||||||"ON NET"
4788||16|||"TELECABLE"|"SUR"||"OCCIDENTE"||"JALISCO"|"HUB GUADALAJARA"|"HUB GUADALAJARA"|"AMECA"||||||"ON NET"
5045||16|||"SKY"|"SUR"||"OCCIDENTE"||"OAXACA"|"HUB JUXTLAHUACA"|"HUB JUXTLAHUACA"|"SAN MIGUEL TLACOTEPEC"||||||"OFF NET"
5049||16|||"CABLEMAS"|"METRO"||"METROPOLITANA"||"MEXICO"|"HUB IXTAPALUCA"|"HUB IXTAPALUCA"|"IXTAPALUCA LOS REYES"||||||"ON NET"
5053||16|||"SKY"|"SUR"||"OCCIDENTE"||"OAXACA"|"HUB HUAJUAPAN"|"HUB HUAJUAPAN"|"COSOLAPA"||||||"OFF NET"
5057||16|||"SKY"|"METRO"||"METROPOLITANA"||"MEXICO"|"HUB VILLA VICTORIA"|"HUB VILLA VICTORIA"|"LUVIANOS"||||||"OFF RED"
5061||16||||"SUR"||"SURESTE"||"PUEBLA"|"HUB AMOZOC"|"HUB AMOZOC"|"CHALCHICOMULA"||||||"OFF NET"
5065||16|||"TELECABLE"|"SUR"||"OCCIDENTE"||"OAXACA"|"HUB SALINA CRUZ"|"HUB SALINA CRUZ"|"SALINA CRUZ"||||||"OFF NET"
5069||16|||"SKY"|"SUR"||"OCCIDENTE"||"OAXACA"|"HUB OAXACA"|"HUB OAXACA"|"OCOTLAN DE MORELOS"||||||"OFF NET"
4446||5|||"SKY"|"SUR"||"SURESTE"||"PUEBLA"|"HUB TECAMACHALCO"|"HUB TECAMACHALCO"|"HUATLATLAUCA"||||||"OFF RED"
4450||5|||"SKY"|"SUR"||"SURESTE"||"TLAXCALA"|"HUB HUAMANTLA"|"HUB HUAMANTLA"|"ZITLALTEPEC"||||||"OFF NET"
4454||5|||"SKY"|"SUR"||"SURESTE"||"YUCATAN"|"HUB UMAN"|"HUB UMAN"|"TICUL"||||||"OFF NET"
4458||16|||"CABLEMAS"|"SUR"||"SURESTE"||"VERACRUZ"|"HUB VERACRUZ"|"HUB VERACRUZ"|"RAFAEL DELGADO"||||||"OFF NET"
4462||16|||"TELECABLE"|"SUR"||"SURESTE"||"CHIAPAS"|"HUB TUXTLA GUTIERREZ"|"HUB TUXTLA GUTIERREZ"|"JIQUIPILAS"||||||"OFF RED"
4466||16|||"TELECABLE"|"NORTE"||"NORESTE"||"GUANAJUATO"|"HUB IRAPUATO"|"HUB IRAPUATO"|"IRAPUATO"||||||"ON NET"
4470||5|||"SKY"|"NORTE"||"NORESTE"||"TAMAULIPAS"|"HUB VICTORIA"|"HUB VICTORIA"|"BUSTAMANTE"||||||"OFF NET"
4474||5|||"CABLEMAS"|"SUR"||"SURESTE"||"VERACRUZ"|"HUB XALAPA"|"HUB XALAPA"|"JUCHIQUE"||||||"OFF RED"
4478||5|||"SKY"|"NORTE"||"PACIFICO"||"CHIHUAHUA"|"HUB JUAREZ"|"HUB JUAREZ"|"JANOS"||||||"OFF RED"
4482||5|||"CABLEVISIÓN"|"NORTE"||"PACIFICO"||"DURANGO"|"HUB SANTIAGO PAPASQUIARO"|"HUB SANTIAGO PAPASQUIARO"|"EL ORO"||||||"OFF NET"
4486||5|||"TELECABLE"|"SUR"||"OCCIDENTE"||"JALISCO"|"HUB GUADALAJARA"|"HUB GUADALAJARA"|"AMECA"||||||"ON NET"
4490||5||||"METRO"||"METROPOLITANA"||"MEXICO"|"HUB VILLA VICTORIA"|"HUB VILLA VICTORIA"|"COATEPEC HARINAS"||||||"OFF RED"
4494||5||||"SUR"||"SURESTE"||"QUINTANA ROO"|"HUB CARRILLO PUERTO"|"HUB CARRILLO PUERTO"|"CARRILLO PUERTO"||||||"OFF RED"
4498||5|||"SKY"|"NORTE"||"NORESTE"||"SAN LUIS POTOSI"|"HUB VALLES"|"HUB VALLES"|"SAN VICENTE TANCUAYALAB"||||||"OFF NET"
4502||5|||"SKY"|"SUR"||"OCCIDENTE"||"OAXACA"|"HUB PINOTEPA"|"HUB PINOTEPA"|"PINOTEPA"||||||"OFF NET"
4506||5|||"CABLEVISIÓN"|"METRO"||"METROPOLITANA"||"CIUDAD DE MEXICO"|"HUB IZTAPALAPA"|"HUB IZTAPALAPA"|"IZTAPALAPA"||||||"ON NET"
4510||5|||"CABLECOM"|"NORTE"||"NORESTE"||"COAHUILA"|"HUB PIEDRAS NEGRAS"|"HUB PIEDRAS NEGRAS"|"MUZQUIZ"||||||"OFF NET"
4024||3|||"CABLEMAS"|"SUR"|"INTERIOR"|"SURESTE"|"GOLFO"|"VERACRUZ"|"HUB POZA RICA"|"HUB POZA RICA"|"TIHUATLAN"||||"Sin RPT"||"ON NET"
4028||3|||"CABLECOM"|"SUR"|"INTERIOR"|"SURESTE"|"GOLFO"|"VERACRUZ"|"HUB VERACRUZ"|"HUB VERACRUZ"|"CORDOBA"||||"Sin RPT"||"ON NET"
4032||3|||"SKY"|"SUR"|"INTERIOR"|"SURESTE"|"GOLFO"|"VERACRUZ"|"HUB XALAPA"|"HUB XALAPA"|"ATZALAN"||||"Sin RPT"||"OFF RED"
4036||3|||"CABLEMAS"|"SUR"|"INTERIOR"|"SURESTE"|"SURESTE"|"YUCATAN"|"HUB MERIDA"|"HUB MERIDA"|"MOTUL"||||"Sin RPT"||"OFF NET"
4040||3|||"SKY"|"SUR"|"INTERIOR"|"SURESTE"|"GOLFO"|"VERACRUZ"|"HUB XALAPA"|"HUB XALAPA"|"ACTOPAN VER"||||"Sin RPT"||"OFF RED"
4044||3|||"TELECABLE"|"SUR"|"INTERIOR"|"SURESTE"|"GOLFO"|"VERACRUZ"|"HUB COATZACOALCOS"|"HUB COATZACOALCOS"|"JESUS CARRANZA"||||"Sin RPT"||"OFF RED"
4048||3|||"CABLEVISIÓN"|"NORTE"|"INTERIOR"|"PACIFICO"|"CENTRO"|"DURANGO"|"HUB SANTIAGO PAPASQUIARO"|"HUB SANTIAGO PAPASQUIARO"|"EL ORO"||||"Sin RPT"||"OFF NET"
4791||16|||"CABLECOM"|"NORTE"||"NORESTE"||"SAN LUIS POTOSI"|"HUB MEXQUITIC"|"HUB MEXQUITIC"|"MEXQUITIC"||||||"OFF RED"
4795||16|||"SKY"|"SUR"||"OCCIDENTE"||"OAXACA"|"HUB PINOTEPA"|"HUB PINOTEPA"|"PINOTEPA"||||||"OFF NET"
4799||16|||"SKY"|"SUR"||"OCCIDENTE"||"OAXACA"|"HUB JUXTLAHUACA"|"HUB JUXTLAHUACA"|"MAGDALENA PEÑASCO"||||||"OFF RED"
4803||16|||"CABLECOM"|"NORTE"||"NORESTE"||"COAHUILA"|"HUB SALTILLO"|"HUB SALTILLO"|"SALTILLO"||||||"ON NET"
4807||16|||"SKY"|"SUR"||"SURESTE"||"CHIAPAS"|"HUB REFORMA"|"HUB REFORMA"|"FRANCISCO LEON"||||||"OFF NET"
4811||16|||"SKY"|"SUR"||"SURESTE"||"CHIAPAS"|"HUB REFORMA"|"HUB REFORMA"|"TAPALAPA"||||||"OFF NET"
4815||16|||"CABLEMAS"|"SUR"||"OCCIDENTE"||"JALISCO"|"HUB LAGOS DE MORENO"|"HUB LAGOS DE MORENO"|"VILLA HIDALGO"||||||"OFF NET"
4819||16|||"TELECABLE"|"SUR"||"OCCIDENTE"||"JALISCO"|"HUB LAGOS DE MORENO"|"HUB LAGOS DE MORENO"|"SAN JUAN DE LOS LAGOS"||||||"ON NET"
4823||16|||"SKY"|"SUR"||"OCCIDENTE"||"GUERRERO"|"HUB IGUALA"|"HUB IGUALA"|"TEPECOACUILCO"||||||"OFF RED"
4827||16|||"TELECABLE"|"NORTE"||"NORESTE"||"NUEVO LEON"|"HUB MONTERREY"|"HUB MONTERREY"|"ABASOLO"||||||"OFF NET"
4831||16|||"CABLEMAS"|"METRO"||"METROPOLITANA"||"MORELOS"|"HUB CUAUTLA"|"HUB CUAUTLA"|"ATLATLAHUCAN"||||||"OFF NET"
4835||16|||"SKY"|"SUR"||"OCCIDENTE"||"MICHOACAN"|"HUB MORELIA"|"HUB MORELIA"|"ALVARO OBREGON MICH"||||||"OFF RED"
4839||16|||"SKY"|"SUR"||"OCCIDENTE"||"OAXACA"|"HUB PINOTEPA"|"HUB PINOTEPA"|"ZENZONTEPEC"||||||"OFF RED"
4843||16|||"SKY"|"SUR"||"SURESTE"||"YUCATAN"|"HUB IZAMAL"|"HUB IZAMAL"|"SUDZAL"||||||"OFF NET"
4847||16|||"CABLECOM"|"NORTE"||"NORESTE"||"QUERETARO"|"HUB QUERETARO"|"HUB QUERETARO"|"EL MARQUES"||||||"OFF NET"
4851||16|||"CABLEMAS"|"SUR"||"SURESTE"||"VERACRUZ"|"HUB COATZACOALCOS"|"HUB COATZACOALCOS"|"MINATITLAN"||||||"ON NET"
4855||16|||"TELECABLE"|"SUR"||"OCCIDENTE"||"JALISCO"|"HUB PUERTO VALLARTA"|"HUB PUERTO VALLARTA"|"PUERTO VALLARTA"||||||"ON NET"
4859||16|||"CABLECOM"|"SUR"||"OCCIDENTE"||"MICHOACAN"|"HUB MORELIA"|"HUB MORELIA"|"MORELIA"||||||"OFF NET"
4863||16|||"CABLECOM"|"NORTE"||"NORESTE"||"QUERETARO"|"HUB QUERETARO"|"HUB QUERETARO"|"QUERETARO"||||||"ON NET"
4867||16|||"SKY"|"NORTE"||"NORESTE"||"SAN LUIS POTOSI"|"HUB VALLES"|"HUB VALLES"|"SAN VICENTE TANCUAYALAB"||||||"OFF NET"
4871||16|||"SKY"|"SUR"||"OCCIDENTE"||"OAXACA"|"HUB PINOTEPA"|"HUB PINOTEPA"|"CACAHUATEPEC"||||||"OFF NET"
4875||16|||"SKY"|"SUR"||"OCCIDENTE"||"OAXACA"|"HUB HUAJUAPAN"|"HUB HUAJUAPAN"|"ASUNCION NOCHIXTLAN"||||||"OFF NET"
4879||16|||"CABLECOM"|"SUR"||"SURESTE"||"CAMPECHE"|"HUB CARMEN"|"HUB CARMEN"|"PALIZADA"||||||"OFF NET"
4883||16|||"SKY"|"SUR"||"SURESTE"||"CHIAPAS"|"HUB REFORMA"|"HUB REFORMA"|"REFORMA"||||||"OFF NET"
4887||16|||"SKY"|"NORTE"||"PACIFICO"||"CHIHUAHUA"|"HUB GUACHOCHI"|"HUB GUACHOCHI"|"CARICHI"||||||"OFF RED"
4891||16|||"CABLEMAS"|"METRO"||"METROPOLITANA"||"HIDALGO"|"HUB PACHUCA"|"HUB PACHUCA"|"TIZAYUCA"||||||"OFF NET"
4895||16|||"CABLEMAS"|"NORTE"||"NORESTE"||"GUANAJUATO"|"HUB IRAPUATO"|"HUB IRAPUATO"|"URIANGATO"||||||"ON NET"
4899||16|||"TELECABLE"|"METRO"||"METROPOLITANA"||"MEXICO"|"HUB VILLA VICTORIA"|"HUB VILLA VICTORIA"|"TLATLAYA"||||||"OFF RED"
4903||16|||"CABLECOM"|"METRO"||"METROPOLITANA"||"MEXICO"|"HUB TOLUCA"|"HUB TOLUCA"|"TEMOAYA"||||||"OFF NET"
4907||16|||"SKY"|"NORTE"||"PACIFICO"||"SONORA"|"HUB CAJEME"|"HUB CAJEME"|"ROSARIO"||||||"OFF NET"
4911||16|||"SKY"|"SUR"||"SURESTE"||"YUCATAN"|"HUB IZAMAL"|"HUB IZAMAL"|"CENOTILLO"||||||"OFF NET"
4915||16|||"CABLEMAS"|"SUR"||"SURESTE"||"PUEBLA"|"HUB ATLIXCO"|"HUB ATLIXCO"|"OCOYUCAN"||||||"OFF NET"
4919||16|||"SKY"|"NORTE"||"NORESTE"||"QUERETARO"|"HUB JALPA DE SERRA"|"HUB JALPA DE SERRA"|"ARROYO SECO"||||||"OFF RED"
4923||16|||"SKY"|"SUR"||"SURESTE"||"TLAXCALA"|"HUB ATLTZAYANCA"|"HUB ATLTZAYANCA"|"ATLTZAYANCA"||||||"OFF RED"
4927||16|||"CABLEMAS"|"SUR"||"SURESTE"||"VERACRUZ"|"HUB COATZACOALCOS"|"HUB COATZACOALCOS"|"COATZACOALCOS"||||||"ON NET"
4931||16|||"SKY"|"SUR"||"SURESTE"||"TLAXCALA"|"HUB CALPULALPAN"|"HUB CALPULALPAN"|"HUEYOTLIPAN"||||||"OFF NET"
4935||16|||"SKY"|"NORTE"||"NORESTE"||"TAMAULIPAS"|"HUB REYNOSA"|"HUB REYNOSA"|"CAMARGO TAM"||||||"OFF NET"
4939||16|||"CABLEMAS"|"SUR"||"SURESTE"||"VERACRUZ"|"HUB VERACRUZ"|"HUB VERACRUZ"|"MARIANO ESCOBEDO"||||||"OFF NET"
4943||16|||"CABLEMAS"|"SUR"||"OCCIDENTE"||"AGUASCALIENTES"|"HUB AGUASCALIENTES"|"HUB AGUASCALIENTES"|"RINCON DE ROMOS"||||||"OFF NET"
4947||16|||"SKY"|"SUR"||"SURESTE"||"CHIAPAS"|"HUB REFORMA"|"HUB REFORMA"|"SOLISTAHUACAN"||||||"OFF NET"
4951||16|||"TELECABLE"|"NORTE"||"NORESTE"||"GUANAJUATO"|"HUB GUANAJUATO"|"HUB GUANAJUATO"|"GUANAJUATO"||||||"OFF NET"
4955||16|||"CABLEMAS"|"SUR"||"OCCIDENTE"||"JALISCO"|"HUB TEPATITLAN"|"HUB TEPATITLAN"|"YAHUALICA JAL"||||||"ON NET"
4959||16|||"CABLEMAS"|"METRO"||"METROPOLITANA"||"MEXICO"|"HUB ECATEPEC"|"HUB ECATEPEC"|"ECATEPEC"||||||"ON NET"
4240||5|||"CABLECOM"|"NORTE"||"NORESTE"||"SAN LUIS POTOSI"|"HUB MATEHUALA"|"HUB MATEHUALA"|"VILLA DE RAMOS"||||||"OFF NET"
4244||5|||"CABLEMAS"|"NORTE"||"PACIFICO"||"ZACATECAS"|"HUB NOCHISTLAN"|"HUB NOCHISTLAN"|"NOCHISTLAN"||||||"ON NET"
4248||5|||"CABLECOM"|"SUR"||"SURESTE"||"PUEBLA"|"HUB HUAUCHINANGO"|"HUB HUAUCHINANGO"|"PAHUATLAN"||||||"OFF RED"
4252||5|||"SKY"|"NORTE"||"PACIFICO"||"ZACATECAS"|"HUB VALPARAISO"|"HUB VALPARAISO"|"JIMENEZ DE TEUL"||||||"OFF NET"
4256||5|||"SKY"|"SUR"||"SURESTE"||"TLAXCALA"|"HUB SAN PABLO DEL MONTE"|"HUB SAN PABLO DEL MONTE"|"TEPETITLA DE LARDIZABAL"||||||"OFF NET"
4260||5|||"TVI"|"NORTE"||"NORESTE"||"TAMAULIPAS"|"HUB REYNOSA"|"HUB REYNOSA"|"REYNOSA"||||||"ON NET"
4264||5|||"CABLECOM"|"NORTE"||"PACIFICO"||"ZACATECAS"|"HUB GUADALUPE"|"HUB GUADALUPE"|"ZACATECAS"||||||"ON NET"
4268||5|||"CABLECOM"|"SUR"||"OCCIDENTE"||"GUERRERO"|"HUB IGUALA"|"HUB IGUALA"|"TELOLOAPAN"||||||"OFF NET"
4272||5|||"TVI"|"NORTE"||"NORESTE"||"NUEVO LEON"|"HUB SABINAS"|"HUB SABINAS"|"SABINAS"||||||"ON NET"
4276||5|||"TELECABLE"|"SUR"||"OCCIDENTE"||"JALISCO"|"HUB TEPATITLAN"|"HUB TEPATITLAN"|"ZAPOTLANEJO"||||||"ON NET"
4280||5|||"CABLEVISIÓN"|"METRO"||"METROPOLITANA"||"MEXICO"|"HUB ATIZAPAN"|"HUB ATIZAPAN"|"ATIZAPAN"||||||"ON NET"
4284||5|||"CABLECOM"|"SUR"||"SURESTE"||"PUEBLA"|"HUB AMOZOC"|"HUB AMOZOC"|"AMOZOC"||||||"OFF NET"
4288||5|||"SKY"|"NORTE"||"PACIFICO"||"SINALOA"|"HUB AHOME"|"HUB AHOME"|"EL FUERTE"||||||"OFF RED"
4292||5|||"SKY"|"SUR"||"OCCIDENTE"||"OAXACA"|"HUB PINOTEPA"|"HUB PINOTEPA"|"TLAXIACO"||||||"OFF RED"
4296||5|||"SKY"|"NORTE"||"PACIFICO"||"ZACATECAS"|"HUB FRESNILLO"|"HUB FRESNILLO"|"SOMBRERETE"||||||"OFF NET"
4300||5|||"CABLECOM"|"SUR"||"SURESTE"||"CAMPECHE"|"HUB CARMEN"|"HUB CARMEN"|"PALIZADA"||||||"OFF NET"
4304||5|||"SKY"|"SUR"||"OCCIDENTE"||"COLIMA"|"HUB TECOMAN"|"HUB TECOMAN"|"IXTLAHUACAN"||||||"OFF NET"
4308||5|||"CABLEMAS"|"NORTE"||"PACIFICO"||"CHIHUAHUA"|"HUB CUAUHTEMOC CHIH"|"HUB CUAUHTEMOC CHIH"|"CUAUHTEMOC CHIH"||||||"ON NET"
4312||5|||"TELECABLE"|"SUR"||"OCCIDENTE"||"JALISCO"|"HUB COLOTLAN"|"HUB COLOTLAN"|"COLOTLAN"||||||"OFF NET"
4316||5|||"TELECABLE"|"SUR"||"OCCIDENTE"||"JALISCO"|"HUB GUADALAJARA"|"HUB GUADALAJARA"|"TLAQUEPAQUE"||||||"ON NET"
4694||16|||"CABLECOM"|"NORTE"||"PACIFICO"||"SINALOA"|"HUB MAZATLAN"|"HUB MAZATLAN"|"MAZATLAN"||||||"ON NET"
4698||16|||"CABLEVISIÓN"|"METRO"||"METROPOLITANA"||"CIUDAD DE MEXICO"|"HUB CUAUHTEMOC"|"HUB CUAUHTEMOC"|"CUAUHTEMOC CDMX"||||||"ON NET"
4702||16|||"TVI"|"NORTE"||"NORESTE"||"NUEVO LEON"|"HUB LINARES"|"HUB LINARES"|"LINARES"||||||"ON NET"
4706||16|||"TELECABLE"|"NORTE"||"NORESTE"||"COAHUILA"|"HUB PIEDRAS NEGRAS"|"HUB PIEDRAS NEGRAS"|"JIMENEZ COAH"||||||"OFF NET"
4710||16|||"SKY"|"SUR"||"SURESTE"||"CHIAPAS"|"HUB REFORMA"|"HUB REFORMA"|"CHIS JUAREZ"||||||"OFF RED"
4714||16|||"TELECABLE"|"METRO"||"METROPOLITANA"||"HIDALGO"|"HUB TULANCINGO"|"HUB TULANCINGO"|"CUAUTEPEC"||||||"OFF NET"
4718||16|||"CABLECOM"|"METRO"||"METROPOLITANA"||"HIDALGO"|"HUB HUEJUTLA"|"HUB HUEJUTLA"|"HGO TIANGUISTENGO"||||||"OFF RED"
4722||16|||"SKY"|"METRO"||"METROPOLITANA"||"HIDALGO"|"HUB IXMIQUILPAN"|"HUB IXMIQUILPAN"|"CARDONAL"||||||"OFF RED"
4726||16|||"TVI"|"NORTE"||"NORESTE"||"NUEVO LEON"|"HUB MONTERREY"|"HUB MONTERREY"|"DOCTOR GONZALEZ"||||||"OFF NET"
4730||16|||"SKY"|"SUR"||"OCCIDENTE"||"OAXACA"|"HUB HUAJUAPAN"|"HUB HUAJUAPAN"|"YANHUITLAN"||||||"OFF NET"
4734||16|||"SKY"|"SUR"||"OCCIDENTE"||"OAXACA"|"HUB PINOTEPA"|"HUB PINOTEPA"|"ATALAHUCA"||||||"OFF NET"
4738||16|||"SKY"|"SUR"||"SURESTE"||"PUEBLA"|"HUB IZUCAR DE MATAMOROS"|"HUB IZUCAR DE MATAMOROS"|"TULCINGO"||||||"OFF NET"
4742||16|||"CABLEMAS"|"NORTE"||"PACIFICO"||"SONORA"|"HUB NOGALES"|"HUB NOGALES"|"NOGALES"||||||"ON NET"
4746||16|||"SKY"|"SUR"||"SURESTE"||"PUEBLA"|"HUB ZACATLAN"|"HUB ZACATLAN"|"AHUAZOTEPEC"||||||"OFF RED"
4750||16|||"SKY"|"SUR"||"SURESTE"||"YUCATAN"|"HUB MERIDA"|"HUB MERIDA"|"MOCOCHA"||||||"OFF NET"
4754||16|||"CABLEMAS"|"SUR"||"SURESTE"||"VERACRUZ"|"HUB POZA RICA"|"HUB POZA RICA"|"ALAMO TEMAPACHE"||||||"OFF RED"
4758||16|||"SKY"|"SUR"||"SURESTE"||"YUCATAN"|"HUB UMAN"|"HUB UMAN"|"TICUL"||||||"OFF NET"
4762||16|||"CABLEMAS"|"SUR"||"SURESTE"||"YUCATAN"|"HUB MERIDA"|"HUB MERIDA"|"DZEMUL"||||||"OFF NET"
4766||16|||"CABLEMAS"|"SUR"||"SURESTE"||"VERACRUZ"|"HUB TIERRA BLANCA"|"HUB TIERRA BLANCA"|"JOSE AZUETA"||||||"OFF RED"
4770||16|||"CABLECOM"|"SUR"||"SURESTE"||"CAMPECHE"|"HUB CARMEN"|"HUB CARMEN"|"CIUDAD DEL CARMEN"||||||"ON NET"
4774||16|||"SKY"|"NORTE"||"PACIFICO"||"CHIHUAHUA"|"HUB JUAREZ"|"HUB JUAREZ"|"ASCENSION"||||||"OFF NET"
4778||16||||"SUR"||"OCCIDENTE"||"GUERRERO"|"HUB COYUCA"|"HUB COYUCA"|"PUNGARABATO"||||||"OFF NET"
4782||16|||"CABLECOM"|"METRO"||"METROPOLITANA"||"HIDALGO"|"HUB PACHUCA"|"HUB PACHUCA"|"PACHUCA"||||||"ON NET"
4786||16|||"TELECABLE"|"SUR"||"OCCIDENTE"||"JALISCO"|"HUB TEPATITLAN"|"HUB TEPATITLAN"|"ZAPOTLANEJO"||||||"ON NET"
5043||16|||"SKY"|"SUR"||"OCCIDENTE"||"OAXACA"|"HUB HUAJUAPAN"|"HUB HUAJUAPAN"|"TEPEUXILA"||||||"OFF RED"
5047||16|||"CABLEVISIÓN"|"METRO"||"METROPOLITANA"||"MEXICO"|"HUB CUAUTITLAN"|"HUB CUAUTITLAN"|"CUAUTITLAN"||||||"ON NET"
5051||16|||"CABLEMAS"|"NORTE"||"PACIFICO"||"NAYARIT"|"HUB DEL NAYAR"|"HUB DEL NAYAR"|"JALA"||||||"OFF NET"
5055||16|||"SKY"|"METRO"||"METROPOLITANA"||"MEXICO"|"HUB IXTLAHUACA"|"HUB IXTLAHUACA"|"SOYANIQUILPAN"||||||"OFF RED"
5059||16|||"SKY"|"SUR"||"OCCIDENTE"||"OAXACA"|"HUB HUATULCO"|"HUB HUATULCO"|"SANTOS REYES NOPALA"||||||"OFF RED"
5063||16||||"SUR"||"SURESTE"||"PUEBLA"|"HUB TECAMACHALCO"|"HUB TECAMACHALCO"|"IXCAQUIXTLA"||||||"OFF NET"
5067||16|||"CABLEMAS"|"NORTE"||"NORESTE"||"SAN LUIS POTOSI"|"HUB VALLES"|"HUB VALLES"|"CIUDAD VALLES"||||||"ON NET"
4444||5|||"SKY"|"NORTE"||"NORESTE"||"SAN LUIS POTOSI"|"HUB RIOVERDE"|"HUB RIOVERDE"|"CIUDAD DEL MAIZ"||||||"OFF NET"
4448||5|||"SKY"|"SUR"||"SURESTE"||"VERACRUZ"|"HUB VERACRUZ"|"HUB VERACRUZ"|"CALCAHUALCO"||||||"OFF RED"
4452||5|||"TELECABLE"|"SUR"||"SURESTE"||"VERACRUZ"|"HUB PANUCO"|"HUB PANUCO"|"PUEBLO VIEJO"||||||"ON NET"
4456||16|||"SKY"|"SUR"||"SURESTE"||"VERACRUZ"|"HUB PANUCO"|"HUB PANUCO"|"CHALMA"||||||"OFF RED"
4460||16|||"CABLEMAS"|"SUR"||"OCCIDENTE"||"AGUASCALIENTES"|"HUB ASIENTOS"|"HUB ASIENTOS"|"ASIENTOS"||||||"OFF RED"
4464||16|||"SKY"|"NORTE"||"PACIFICO"||"CHIHUAHUA"|"HUB CUAUHTEMOC CHIH"|"HUB CUAUHTEMOC CHIH"|"IGNACIO ZARAGOZA"||||||"OFF NET"
4468||16|||"TELECABLE"|"SUR"||"OCCIDENTE"||"JALISCO"|"HUB PUERTO VALLARTA"|"HUB PUERTO VALLARTA"|"AUTLAN"||||||"OFF NET"
4472||5|||"CABLEMAS"|"SUR"||"SURESTE"||"YUCATAN"|"HUB MERIDA"|"HUB MERIDA"|"CONKAL"||||||"OFF NET"
4476||5|||"SKY"|"SUR"||"SURESTE"||"VERACRUZ"|"HUB SAN ANDRES TUXTLA"|"HUB SAN ANDRES TUXTLA"|"HUEYAPAN DE OCAMPO"||||||"OFF RED"
4480||5|||"CABLEMAS"|"NORTE"||"PACIFICO"||"CHIHUAHUA"|"HUB JUAREZ"|"HUB JUAREZ"|"CD. JUAREZ"||||||"ON NET"
4484||5|||"CABLEMAS"|"METRO"||"METROPOLITANA"||"MORELOS"|"HUB AXOCHIAPAN"|"HUB AXOCHIAPAN"|"JANETELCO"||||||"OFF NET"
4488||5|||"SKY"|"SUR"||"OCCIDENTE"||"JALISCO"|"HUB CIUDAD GUZMAN"|"HUB CIUDAD GUZMAN"|"MAZAMITLA"||||||"OFF NET"
4492||5|||"CABLEMAS"|"METRO"||"METROPOLITANA"||"MEXICO"|"HUB TEMASCALAPA"|"HUB TEMASCALAPA"|"TEMASCALAPA"||||||"OFF NET"
4496||5|||"CABLECOM"|"NORTE"||"NORESTE"||"SAN LUIS POTOSI"|"HUB SAN LUIS POTOSI"|"HUB SAN LUIS POTOSI"|"VILLA DE REYES"||||||"OFF RED"
4500||5|||"SKY"|"SUR"||"OCCIDENTE"||"OAXACA"|"HUB SALINA CRUZ"|"HUB SALINA CRUZ"|"MATIAS ROMERO"||||||"OFF NET"
4504||5|||"TVI"|"NORTE"||"NORESTE"||"NUEVO LEON"|"HUB LINARES"|"HUB LINARES"|"MONTEMORELOS"||||||"ON NET"
4508||5||||"NORTE"||"NORESTE"||"COAHUILA"|"HUB MORELOS"|"HUB MORELOS"|"VILLA UNION"||||||"OFF NET"
4512||5|||"SKY"|"SUR"||"SURESTE"||"CHIAPAS"|"HUB REFORMA"|"HUB REFORMA"|"PICHUCALCO"||||||"OFF NET"
4026||3|||"SKY"|"SUR"|"INTERIOR"|"SURESTE"|"GOLFO"|"VERACRUZ"|"HUB POZA RICA"|"HUB POZA RICA"|"FILOMENO MATA"||||"Sin RPT"||"OFF NET"
4030||3|||"CABLEMAS"|"SUR"|"INTERIOR"|"SURESTE"|"GOLFO"|"VERACRUZ"|"HUB COATZACOALCOS"|"HUB COATZACOALCOS"|"MINATITLAN"||||"Sin RPT"||"ON NET"
4034||3|||"SKY"|"SUR"|"INTERIOR"|"SURESTE"|"GOLFO"|"VERACRUZ"|"HUB TIERRA BLANCA"|"HUB TIERRA BLANCA"|"TIERRA BLANCA"||||"Sin RPT"||"OFF NET"
4038||3|||"TELECABLE"|"NORTE"|"INTERIOR"|"NORESTE"|"GOLFO"|"TAMAULIPAS"|"HUB TAMPICO"|"HUB TAMPICO"|"TAMPICO"||||"Sin RPT"||"ON NET"
4042||3|||"CABLEVISIÓN"|"SUR"|"INTERIOR"|"SURESTE"|"GOLFO"|"VERACRUZ"|"HUB VERACRUZ"|"HUB VERACRUZ"|"TEZONAPA"||||"Sin RPT"||"OFF RED"
4046||3|||"CABLECOM"|"NORTE"|"NORTE"|"NORESTE"|"NORESTE"|"COAHUILA"|"HUB PIEDRAS NEGRAS"|"HUB PIEDRAS NEGRAS"|"PIEDRAS NEGRAS"||||"Sin RPT"||"ON NET"
4789||16|||"CABLEVISIÓN"|"METRO"||"METROPOLITANA"||"MEXICO"|"HUB ATIZAPAN"|"HUB ATIZAPAN"|"ATIZAPAN"||||||"ON NET"
4793||16||||"NORTE"||"PACIFICO"||"SONORA"|"HUB NAVOJOA"|"HUB NAVOJOA"|"NAVOJOA"||||||"OFF NET"
4797||16|||"CABLECOM"|"NORTE"||"PACIFICO"||"ZACATECAS"|"HUB PINOS"|"HUB PINOS"|"LORETO"||||||"OFF NET"
4801||16|||"CABLEVISIÓN"|"METRO"||"METROPOLITANA"||"CIUDAD DE MEXICO"|"HUB XOCHIMILCO"|"HUB XOCHIMILCO"|"XOCHIMILCO"||||||"ON NET"
4805||16|||"CABLECOM"|"NORTE"||"NORESTE"||"COAHUILA"|"HUB PIEDRAS NEGRAS"|"HUB PIEDRAS NEGRAS"|"NAVA"||||||"OFF NET"
4809||16|||"SKY"|"SUR"||"SURESTE"||"CHIAPAS"|"HUB OCOSINGO"|"HUB OCOSINGO"|"BENEMERITO DE LAS AMERICAS"||||||"OFF RED"
4813||16|||"CABLEMAS"|"NORTE"||"PACIFICO"||"CHIHUAHUA"|"HUB CHIHUAHUA"|"HUB CHIHUAHUA"|"CHIHUAHUA"||||||"ON NET"
4817||16|||"TELECABLE"|"SUR"||"OCCIDENTE"||"JALISCO"|"HUB GUADALAJARA"|"HUB GUADALAJARA"|"IXTLAHUACAN DEL RIO"||||||"OFF RED"
4821||16|||"CABLEMAS"|"NORTE"||"PACIFICO"||"DURANGO"|"HUB SANTIAGO PAPASQUIARO"|"HUB SANTIAGO PAPASQUIARO"|"TEPEHUANES"||||||"OFF NET"
4825||16|||"SKY"|"SUR"||"OCCIDENTE"||"OAXACA"|"HUB HUAJUAPAN"|"HUB HUAJUAPAN"|"COIXTLAHUACA"||||||"OFF NET"
4829||16|||"SKY"|"SUR"||"OCCIDENTE"||"MICHOACAN"|"HUB TACAMBARO"|"HUB TACAMBARO"|"TACAMBARO"||||||"OFF NET"
4833||16|||"CABLEMAS"|"METRO"||"METROPOLITANA"||"MEXICO"|"HUB CHALCO"|"HUB CHALCO"|"TENANGO DEL AIRE"||||||"OFF NET"
4837||16|||"SKY"|"SUR"||"SURESTE"||"PUEBLA"|"HUB AMOZOC"|"HUB AMOZOC"|"ACATZINGO"||||||"OFF NET"
4841||16|||"SKY"|"SUR"||"SURESTE"||"PUEBLA"|"HUB TEHUACAN"|"HUB TEHUACAN"|"TEPANCO"||||||"OFF NET"
4845||16|||"SKY"|"NORTE"||"PACIFICO"||"SONORA"|"HUB NAVOJOA"|"HUB NAVOJOA"|"SON BENITO JUAREZ"||||||"OFF NET"
4849||16|||"SKY"|"SUR"||"SURESTE"||"VERACRUZ"|"HUB VERACRUZ"|"HUB VERACRUZ"|"CALCAHUALCO"||||||"OFF RED"
4853||16|||"SKY"|"SUR"||"SURESTE"||"VERACRUZ"|"HUB XALAPA"|"HUB XALAPA"|"ATZALAN"||||||"OFF RED"
4857||16|||"SKY"|"METRO"||"METROPOLITANA"||"MEXICO"|"HUB IXTLAHUACA"|"HUB IXTLAHUACA"|"IXTLAHUACA"||||||"OFF RED"
4861||16||||"SUR"||"SURESTE"||"PUEBLA"|"HUB TEZIUTLAN"|"HUB TEZIUTLAN"|"IXTACAMAXTITLAN"||||||"OFF RED"
4865||16|||"CABLEMAS"|"SUR"||"SURESTE"||"QUINTANA ROO"|"HUB CANCUN"|"HUB CANCUN"|"CANCUN"||||||"ON NET"
4869||16|||"CABLEMAS"|"NORTE"||"NORESTE"||"TAMAULIPAS"|"HUB SOTO LA MARINA"|"HUB SOTO LA MARINA"|"SOTO"||||||"OFF NET"
4873||16|||"CABLEVISIÓN"|"METRO"||"METROPOLITANA"||"CIUDAD DE MEXICO"|"HUB COYOACAN"|"HUB COYOACAN"|"COYOACAN"||||||"ON NET"
4877||16|||"CABLECOM"|"METRO"||"METROPOLITANA"||"CIUDAD DE MEXICO"|"HUB VENUSTIANO CARRANZA"|"HUB VENUSTIANO CARRANZA"|"VENUSTIANO CARRANZA CDMX"||||||"ON NET"
4881||16|||"CABLECOM"|"NORTE"||"NORESTE"||"COAHUILA"|"HUB PIEDRAS NEGRAS"|"HUB PIEDRAS NEGRAS"|"MUZQUIZ"||||||"OFF NET"
4885||16|||"CABLEMAS"|"NORTE"||"PACIFICO"||"CHIHUAHUA"|"HUB CUAUHTEMOC CHIH"|"HUB CUAUHTEMOC CHIH"|"CUAUHTEMOC CHIH"||||||"ON NET"
4889||16|||"SKY"|"NORTE"||"NORESTE"||"GUANAJUATO"|"HUB CELAYA"|"HUB CELAYA"|"APASEO EL GRANDE"||||||"OFF NET"
4893||16|||"CABLEMAS"|"SUR"||"OCCIDENTE"||"JALISCO"|"HUB CIUDAD GUZMAN"|"HUB CIUDAD GUZMAN"|"JOCOTEPEC"||||||"ON NET"
4897||16|||"TELECABLE"|"SUR"||"OCCIDENTE"||"JALISCO"|"HUB PUERTO VALLARTA"|"HUB PUERTO VALLARTA"|"CASIMIRO CASTILLO"||||||"OFF NET"
4901||16||||"METRO"||"METROPOLITANA"||"MEXICO"|"HUB IXTLAHUACA"|"HUB IXTLAHUACA"|"ATLACOMULCO"||||||"OFF NET"
4905||16|||"CABLECOM"|"NORTE"||"NORESTE"||"QUERETARO"|"HUB CADEREYTA DE MONTES"|"HUB CADEREYTA DE MONTES"|"CADEREYTA DE MONTES"||||||"OFF RED"
4909||16|||"SKY"|"SUR"||"SURESTE"||"PUEBLA"|"HUB TEZIUTLAN"|"HUB TEZIUTLAN"|"CUETZALAN"||||||"OFF RED"
4913||16|||"SKY"|"SUR"||"SURESTE"||"PUEBLA"|"HUB TEZIUTLAN"|"HUB TEZIUTLAN"|"ZARAGOZA"||||||"OFF NET"
4917||16|||"SKY"|"SUR"||"SURESTE"||"PUEBLA"|"HUB AMOZOC"|"HUB AMOZOC"|"GUADALUPE VICTORIA PUE"||||||"OFF NET"
4921||16|||"CABLEMAS"|"SUR"||"SURESTE"||"YUCATAN"|"HUB IZAMAL"|"HUB IZAMAL"|"TEMAX"||||||"OFF NET"
4925||16|||"SKY"|"NORTE"||"PACIFICO"||"ZACATECAS"|"HUB VALPARAISO"|"HUB VALPARAISO"|"MONTE ESCOBEDO"||||||"OFF NET"
4929||16|||"SKY"|"SUR"||"SURESTE"||"TLAXCALA"|"HUB SAN PABLO DEL MONTE"|"HUB SAN PABLO DEL MONTE"|"SANTA CRUZ QUILEHTLA"||||||"OFF NET"
4933||16|||"SKY"|"SUR"||"SURESTE"||"TLAXCALA"|"HUB CALPULALPAN"|"HUB CALPULALPAN"|"ESPAÑITA"||||||"OFF RED"
4937||16|||"CABLEMAS"|"SUR"||"SURESTE"||"VERACRUZ"|"HUB POZA RICA"|"HUB POZA RICA"|"TUXPAN VER"||||||"ON NET"
4963||16|||"CABLECOM"|"NORTE"||"NORESTE"||"SAN LUIS POTOSI"|"HUB SAN LUIS POTOSI"|"HUB SAN LUIS POTOSI"|"VILLA DE REYES"||||||"OFF RED"
4967||16|||"CABLECOM"|"SUR"||"SURESTE"||"TABASCO"|"HUB COMALCALCO"|"HUB COMALCALCO"|"COMALCALCO"||||||"OFF NET"
4971||16|||"TVI"|"NORTE"||"NORESTE"||"NUEVO LEON"|"HUB MONTERREY"|"HUB MONTERREY"|"EL CARMEN"||||||"ON NET"
4975||16|||"CABLEVISIÓN"|"METRO"||"METROPOLITANA"||"CIUDAD DE MEXICO"|"HUB TLALPAN"|"HUB TLALPAN"|"TLALPAN"||||||"ON NET"
4979||16|||"CABLEMAS"|"SUR"||"OCCIDENTE"||"COLIMA"|"HUB VILLA DE ALVAREZ"|"HUB VILLA DE ALVAREZ"|"VILLA DE ALVAREZ"||||||"OFF NET"
4983||16|||"CABLEMAS"|"METRO"||"METROPOLITANA"||"MEXICO"|"HUB TEMASCALAPA"|"HUB TEMASCALAPA"|"TEMASCALAPA"||||||"OFF NET"
4987||16|||"TELECABLE"|"NORTE"||"NORESTE"||"QUERETARO"|"HUB TEQUISQUIAPAN"|"HUB TEQUISQUIAPAN"|"TEQUISQUIAPAN"||||||"OFF NET"
4991||16|||"SKY"|"NORTE"||"PACIFICO"||"SINALOA"|"HUB AHOME"|"HUB AHOME"|"EL FUERTE"||||||"OFF RED"
4995||16|||"SKY"|"NORTE"||"PACIFICO"||"SONORA"|"HUB CUMPAS"|"HUB CUMPAS"|"SAHUARIPA"||||||"OFF NET"
4999||16|||"CABLECOM"|"SUR"||"SURESTE"||"PUEBLA"|"HUB PUEBLA"|"HUB PUEBLA"|"SAN PEDRO CHOLULA"||||||"OFF NET"
4515||5|||"SKY"|"SUR"||"SURESTE"||"CHIAPAS"|"HUB TAPACHULA"|"HUB TAPACHULA"|"LA GRANDEZA"||||||"OFF NET"
4519||5|||"SKY"|"NORTE"||"PACIFICO"||"CHIHUAHUA"|"HUB JUAREZ"|"HUB JUAREZ"|"CASAS GRANDES"||||||"OFF NET"
4523||5|||"CABLECOM"|"METRO"||"METROPOLITANA"||"HIDALGO"|"HUB TULANCINGO"|"HUB TULANCINGO"|"TULANCINGO"||||||"ON NET"
4527||5|||"CABLEMAS"|"METRO"||"METROPOLITANA"||"HIDALGO"|"HUB TULANCINGO"|"HUB TULANCINGO"|"APAN"||||||"ON NET"
4531||5|||"CABLEMAS"|"NORTE"||"NORESTE"||"GUANAJUATO"|"HUB IRAPUATO"|"HUB IRAPUATO"|"URIANGATO"||||||"ON NET"
4535||5|||"SKY"|"SUR"||"OCCIDENTE"||"GUERRERO"|"HUB IGUALA"|"HUB IGUALA"|"TEPECOACUILCO"||||||"OFF RED"
4539||5|||"CABLEMAS"|"SUR"||"OCCIDENTE"||"OAXACA"|"HUB OAXACA"|"HUB OAXACA"|"TLATLIXTAC"||||||"OFF NET"
4543||5|||"CABLEMAS"|"METRO"||"METROPOLITANA"||"MEXICO"|"HUB TEPOTZOTLAN"|"HUB TEPOTZOTLAN"|"TEPOTZOTLAN"||||||"OFF NET"
4664||16|||"SKY"|"SUR"||"SURESTE"||"VERACRUZ"|"HUB PANUCO"|"HUB PANUCO"|"TANTOYUCA"||||||"OFF RED"
4668||16|||"SKY"|"SUR"||"SURESTE"||"VERACRUZ"|"HUB VERACRUZ"|"HUB VERACRUZ"|"COTAXTLA"||||||"OFF RED"
4672||16|||"SKY"|"SUR"||"SURESTE"||"CHIAPAS"|"HUB SAN CRISTOBAL"|"HUB SAN CRISTOBAL"|"TEOPISCA"||||||"OFF RED"
4676||16|||"SKY"|"SUR"||"OCCIDENTE"||"MICHOACAN"|"HUB ZAMORA"|"HUB ZAMORA"|"ZAMORA"||||||"OFF NET"
4680||16|||"TELECABLE"|"SUR"||"OCCIDENTE"||"JALISCO"|"HUB GUADALAJARA"|"HUB GUADALAJARA"|"TLAJOMULCO"||||||"OFF NET"
4684||16|||"CABLEMAS"|"METRO"||"METROPOLITANA"||"MEXICO"|"HUB IXTLAHUACA"|"HUB IXTLAHUACA"|"MORELOS MEX"||||||"OFF RED"
4688||16|||"CABLECOM"|"SUR"||"SURESTE"||"PUEBLA"|"HUB AMOZOC"|"HUB AMOZOC"|"AMOZOC"||||||"OFF NET"
4692||16|||"CABLEMAS"|"SUR"||"SURESTE"||"QUINTANA ROO"|"HUB PLAYA DEL CARMEN"|"HUB PLAYA DEL CARMEN"|"TULUM"||||||"ON NET"
4579||5|||"CABLEMAS"|"NORTE"||"NORESTE"||"GUANAJUATO"|"HUB IRAPUATO"|"HUB IRAPUATO"|"CORTAZAR"||||||"OFF NET"
4583||5|||"TVI"|"NORTE"||"NORESTE"||"NUEVO LEON"|"HUB SABINAS"|"HUB SABINAS"|"ANAHUAC"||||||"OFF NET"
4587||5|||"TELECABLE"|"SUR"||"OCCIDENTE"||"JALISCO"|"HUB CIUDAD GUZMAN"|"HUB CIUDAD GUZMAN"|"CIUDAD GUZMAN"||||||"ON NET"
4591||5|||"SKY"|"SUR"||"SURESTE"||"PUEBLA"|"HUB ZACATLAN"|"HUB ZACATLAN"|"CHIGNAHUAPAN"||||||"OFF RED"
4595||5|||"TELECABLE"|"NORTE"||"NORESTE"||"QUERETARO"|"HUB SAN JUAN DEL RIO"|"HUB SAN JUAN DEL RIO"|"SAN JUAN DEL RIO"||||||"ON NET"
4599||16|||"SKY"|"SUR"||"SURESTE"||"CHIAPAS"|"HUB SAN CRISTOBAL"|"HUB SAN CRISTOBAL"|"SANTIAGO EL PINAR"||||||"OFF NET"
4603||16|||"CABLEMAS"|"SUR"||"OCCIDENTE"||"GUERRERO"|"HUB COYUCA"|"HUB COYUCA"|"CHILPANCINGO"||||||"ON NET"
4607||16|||"TELECABLE"|"SUR"||"OCCIDENTE"||"GUERRERO"|"HUB IGUALA"|"HUB IGUALA"|"HUITZUCO"||||||"OFF NET"
4611||16|||"SKY"|"NORTE"||"NORESTE"||"GUANAJUATO"|"HUB GUANAJUATO"|"HUB GUANAJUATO"|"SAN FELIPE"||||||"OFF RED"
4615||16|||"TELECABLE"|"SUR"||"OCCIDENTE"||"JALISCO"|"HUB GUADALAJARA"|"HUB GUADALAJARA"|"SAN CRISTOBAL DE LA BARRANCA"||||||"OFF NET"
4619||16|||"SKY"|"SUR"||"OCCIDENTE"||"MICHOACAN"|"HUB ZITACUARO"|"HUB ZITACUARO"|"MICH OCAMPO"||||||"OFF RED"
4623||16|||"CABLEMAS"|"METRO"||"METROPOLITANA"||"MORELOS"|"HUB AYALA"|"HUB AYALA"|"AYALA"||||||"OFF NET"
4627||16|||"CABLEMAS"|"METRO"||"METROPOLITANA"||"MORELOS"|"HUB CUAUTLA"|"HUB CUAUTLA"|"YAUTEPEC"||||||"ON NET"
4631||16|||"SKY"|"SUR"||"OCCIDENTE"||"MICHOACAN"|"HUB TACAMBARO"|"HUB TACAMBARO"|"HUETAMO"||||||"OFF NET"
5122||16|||"SKY"|"NORTE"||"PACIFICO"||"CHIHUAHUA"|"HUB PARRAL"|"HUB PARRAL"|"SANTA ISABEL"||||||"OFF NET"
5126||16|||"SKY"|"NORTE"||"PACIFICO"||"DURANGO"|"HUB DURANGO"|"HUB DURANGO"|"MEZQUITAL"||||||"OFF RED"
5130||16|||"TELECABLE"|"SUR"||"OCCIDENTE"||"JALISCO"|"HUB GUADALAJARA"|"HUB GUADALAJARA"|"ETZATLAN"||||||"OFF NET"
5134||16|||"SKY"|"NORTE"||"PACIFICO"||"DURANGO"|"HUB DURANGO"|"HUB DURANGO"|"CONETO DE COMONFORT"||||||"OFF NET"
5138||16|||"SKY"|"METRO"||"METROPOLITANA"||"HIDALGO"|"HUB PACHUCA"|"HUB PACHUCA"|"SAN SALVADOR"||||||"OFF RED"
5142||16|||"CABLECOM"|"SUR"||"OCCIDENTE"||"JALISCO"|"HUB TEPATITLAN"|"HUB TEPATITLAN"|"SAN IGNACIO CERRO GORDO"||||||"ON NET"
5146||16|||"SKY"|"NORTE"||"PACIFICO"||"NAYARIT"|"HUB DEL NAYAR"|"HUB DEL NAYAR"|"SANTA MARIA DEL ORO"||||||"OFF RED"
5150||16|||"TELECABLE"|"SUR"||"OCCIDENTE"||"MICHOACAN"|"HUB MORELIA"|"HUB MORELIA"|"SANTA ANA MAYA"||||||"OFF NET"
5154||16|||"SKY"|"SUR"||"SURESTE"||"PUEBLA"|"HUB IZUCAR DE MATAMOROS"|"HUB IZUCAR DE MATAMOROS"|"TEHUITZINGO"||||||"OFF RED"
5158||16|||"SKY"|"NORTE"||"PACIFICO"||"SONORA"|"HUB CABORCA"|"HUB CABORCA"|"CABORCA"||||||"OFF NET"
5162||16|||"SKY"|"SUR"||"SURESTE"||"PUEBLA"|"HUB ATLIXCO"|"HUB ATLIXCO"|"SAN JERONIMO TECUANIPAN"||||||"OFF RED"
5166||16|||"CABLEMAS"|"SUR"||"SURESTE"||"TLAXCALA"|"HUB HUAMANTLA"|"HUB HUAMANTLA"|"IXTENCO"||||||"ON NET"
5170||16|||"CABLEMAS"|"SUR"||"SURESTE"||"YUCATAN"|"HUB VALLADOLID"|"HUB VALLADOLID"|"CHEMAX"||||||"OFF NET"
5174||16||||"SUR"||"SURESTE"||"VERACRUZ"|"HUB VERACRUZ"|"HUB VERACRUZ"|"VERACRUZ"||||||"OFF NET"
5178||16|||"TELECABLE"|"SUR"||"OCCIDENTE"||"AGUASCALIENTES"|"HUB AGUASCALIENTES"|"HUB AGUASCALIENTES"|"AGUASCALIENTES"||||||"ON NET"
5182||16|||"TELECABLE"|"NORTE"||"NORESTE"||"GUANAJUATO"|"HUB PENJAMO"|"HUB PENJAMO"|"SAN FRANCISCO DEL RINCON"||||||"ON NET"
5186||16|||"SKY"|"NORTE"||"NORESTE"||"NUEVO LEON"|"HUB GENERAL TERAN"|"HUB GENERAL TERAN"|"CERRALVO"||||||"OFF NET"
5190||16|||"TELECABLE"|"SUR"||"OCCIDENTE"||"JALISCO"|"HUB CIUDAD GUZMAN"|"HUB CIUDAD GUZMAN"|"CIUDAD GUZMAN"||||||"ON NET"
5194||16|||"CABLEMAS"|"METRO"||"METROPOLITANA"||"MEXICO"|"HUB CHALCO"|"HUB CHALCO"|"AMECAMECA"||||||"ON NET"
5198||16|||"SKY"|"NORTE"||"PACIFICO"||"SONORA"|"HUB HERMOSILLO"|"HUB HERMOSILLO"|"URES"||||||"OFF NET"
5202||16|||"SKY"|"SUR"||"OCCIDENTE"||"OAXACA"|"HUB SALINA CRUZ"|"HUB SALINA CRUZ"|"CIUDAD IXTEPEC"||||||"OFF NET"
5206||16|||"CABLEVISIÓN"|"METRO"||"METROPOLITANA"||"CIUDAD DE MEXICO"|"HUB AZCAPOTZALCO"|"HUB AZCAPOTZALCO"|"AZCAPOTZALCO"||||||"ON NET"
5210||16||||"NORTE"||"PACIFICO"||"ZACATECAS"|"HUB VALPARAISO"|"HUB VALPARAISO"|"VALPARAISO"||||||"OFF NET"
5214||16|||"CABLEMAS"|"NORTE"||"PACIFICO"||"BAJA CALIFORNIA"|"HUB MEXICALI"|"HUB MEXICALI"|"MEXICALI"||||||"ON NET"
5218||16|||"SKY"|"SUR"||"SURESTE"||"CHIAPAS"|"HUB TUXTLA GUTIERREZ"|"HUB TUXTLA GUTIERREZ"|"PIJIJIAPAN"||||||"OFF RED"
5222||16|||"CABLECOM"|"METRO"||"METROPOLITANA"||"HIDALGO"|"HUB TULANCINGO"|"HUB TULANCINGO"|"TULANCINGO"||||||"ON NET"
5226||16|||"TELECABLE"|"NORTE"||"PACIFICO"||"DURANGO"|"HUB GOMEZ PALACIO"|"HUB GOMEZ PALACIO"|"GRAL SIMON BOLIVAR"||||||"OFF NET"
5230||16|||"SKY"|"METRO"||"METROPOLITANA"||"HIDALGO"|"HUB IXMIQUILPAN"|"HUB IXMIQUILPAN"|"IXMIQUILPAN"||||||"OFF NET"
5234||16|||"CABLECOM"|"SUR"||"OCCIDENTE"||"JALISCO"|"HUB TEPATITLAN"|"HUB TEPATITLAN"|"JAMAY"||||||"ON NET"
5238||16|||"SKY"|"SUR"||"OCCIDENTE"||"OAXACA"|"HUB TUXTEPEC"|"HUB TUXTEPEC"|"SAN PEDRO YOLOX"||||||"OFF RED"
5242||16|||"CABLEMAS"|"METRO"||"METROPOLITANA"||"MEXICO"|"HUB CHALCO"|"HUB CHALCO"|"CHALCO"||||||"ON NET"
5246||16|||"SKY"|"SUR"||"OCCIDENTE"||"OAXACA"|"HUB HUAJUAPAN"|"HUB HUAJUAPAN"|"CHAZUMBA"||||||"OFF RED"
5250||16|||"SKY"|"SUR"||"OCCIDENTE"||"OAXACA"|"HUB JUXTLAHUACA"|"HUB JUXTLAHUACA"|"ZAHUATLAN"||||||"OFF NET"
5254||16||||"NORTE"||"NORESTE"||"SAN LUIS POTOSI"|"HUB MATEHUALA"|"HUB MATEHUALA"|"CHARCAS"||||||"OFF NET"
5258||16|||"CABLEMAS"|"SUR"||"SURESTE"||"PUEBLA"|"HUB TEHUACAN"|"HUB TEHUACAN"|"AJALPAN"||||||"OFF NET"
5262||16|||"CABLECOM"|"SUR"||"SURESTE"||"PUEBLA"|"HUB AMOZOC"|"HUB AMOZOC"|"CHICHIQUILA"||||||"OFF RED"
5266||16|||"SKY"|"SUR"||"OCCIDENTE"||"OAXACA"|"HUB HUATULCO"|"HUB HUATULCO"|"POCHUTLA"||||||"OFF RED"
5270||16|||"CABLEMAS"|"SUR"||"SURESTE"||"TLAXCALA"|"HUB HUAMANTLA"|"HUB HUAMANTLA"|"HUAMANTLA"||||||"ON NET"
5274||16|||"SKY"|"NORTE"||"NORESTE"||"TAMAULIPAS"|"HUB SOTO LA MARINA"|"HUB SOTO LA MARINA"|"VILLAGRAN"||||||"OFF NET"
5278||16|||"SKY"|"NORTE"||"PACIFICO"||"ZACATECAS"|"HUB FRESNILLO"|"HUB FRESNILLO"|"RIO GRANDE"||||||"OFF NET"
5282||16|||"CABLEMAS"|"SUR"||"SURESTE"||"YUCATAN"|"HUB MERIDA"|"HUB MERIDA"|"CONKAL"||||||"OFF NET"
5286||16|||"TELECABLE"|"NORTE"||"NORESTE"||"TAMAULIPAS"|"HUB TAMPICO"|"HUB TAMPICO"|"TAMPICO"||||||"ON NET"
5290||16|||"TELECABLE"|"SUR"||"SURESTE"||"VERACRUZ"|"HUB PANUCO"|"HUB PANUCO"|"OZULUAMA"||||||"OFF RED"
5294||16|||"CABLEVISIÓN"|"METRO"||"METROPOLITANA"||"CIUDAD DE MEXICO"|"HUB MILPA ALTA"|"HUB MILPA ALTA"|"MILPA ALTA"||||||"ON NET"
5298||16|||"SKY"|"NORTE"||"PACIFICO"||"CHIHUAHUA"|"HUB PARRAL"|"HUB PARRAL"|"VALLE DE ZARAGOZA"||||||"OFF RED"
5302||16|||"TELECABLE"|"NORTE"||"PACIFICO"||"NAYARIT"|"HUB BAHIA DE BANDERAS"|"HUB BAHIA DE BANDERAS"|"COMPOSTELA"||||||"OFF NET"
5306||16|||"SKY"|"SUR"||"OCCIDENTE"||"GUERRERO"|"HUB CHILAPA"|"HUB CHILAPA"|"TLAPA DE COMONFORT"||||||"OFF NET"
5310||16|||"SKY"|"SUR"||"OCCIDENTE"||"JALISCO"|"HUB GUADALAJARA"|"HUB GUADALAJARA"|"MAGDALENA"||||||"OFF NET"
5071||16|||"SKY"|"SUR"||"SURESTE"||"PUEBLA"|"HUB PUEBLA"|"HUB PUEBLA"|"CUAUTINCHAN"||||||"OFF RED"
5075||16|||"SKY"|"SUR"||"SURESTE"||"PUEBLA"|"HUB IZUCAR DE MATAMOROS"|"HUB IZUCAR DE MATAMOROS"|"TILAPA"||||||"OFF RED"
5079||16|||"CABLEMAS"|"SUR"||"SURESTE"||"YUCATAN"|"HUB IZAMAL"|"HUB IZAMAL"|"BUCTZOTZ"||||||"ON NET"
5083||16|||"SKY"|"SUR"||"SURESTE"||"YUCATAN"|"HUB TEKAX"|"HUB TEKAX"|"TEABO"||||||"OFF NET"
5087||16|||"CABLEMAS"|"SUR"||"SURESTE"||"VERACRUZ"|"HUB PANUCO"|"HUB PANUCO"|"NARANJOS"||||||"OFF NET"
5091||16|||"CABLEVISIÓN"|"METRO"||"METROPOLITANA"||"CIUDAD DE MEXICO"|"HUB MIGUEL HIDALGO"|"HUB MIGUEL HIDALGO"|"MIGUEL HIDALGO"||||||"ON NET"
5095||16|||"CABLEMAS"|"NORTE"||"PACIFICO"||"DURANGO"|"HUB SANTIAGO PAPASQUIARO"|"HUB SANTIAGO PAPASQUIARO"|"TAMAZULA"||||||"OFF NET"
5099||16|||"TELECABLE"|"NORTE"||"PACIFICO"||"NAYARIT"|"HUB TEPIC"|"HUB TEPIC"|"RUIZ"||||||"OFF NET"
5103||16|||"SKY"|"METRO"||"METROPOLITANA"||"MEXICO"|"HUB VILLA VICTORIA"|"HUB VILLA VICTORIA"|"VALLE DE BRAVO"||||||"OFF NET"
5107||16|||"SKY"|"SUR"||"OCCIDENTE"||"OAXACA"|"HUB HUATULCO"|"HUB HUATULCO"|"COATLAN"||||||"OFF NET"
5111||16|||"SKY"|"NORTE"||"NORESTE"||"NUEVO LEON"|"HUB GENERAL TERAN"|"HUB GENERAL TERAN"|"CHINA"||||||"OFF NET"
5115||16|||"SKY"|"NORTE"||"NORESTE"||"COAHUILA"|"HUB SALTILLO"|"HUB SALTILLO"|"GENERAL CEPEDA"||||||"OFF RED"
5119||16|||"SKY"|"SUR"||"SURESTE"||"CHIAPAS"|"HUB SAN CRISTOBAL"|"HUB SAN CRISTOBAL"|"TILA"||||||"OFF RED"
5368||16|||"TVI"|"NORTE"||"NORESTE"||"TAMAULIPAS"|"HUB MATAMOROS"|"HUB MATAMOROS"|"RIO BRAVO"||||||"OFF NET"
5372||16|||"CABLEMAS"|"SUR"||"SURESTE"||"PUEBLA"|"HUB ATLIXCO"|"HUB ATLIXCO"|"HUEJOTZINGO"||||||"OFF NET"
5376||16|||"SKY"|"SUR"||"SURESTE"||"TABASCO"|"HUB CENTLA"|"HUB CENTLA"|"CENTLA"||||||"OFF RED"
5380||16|||"SKY"|"NORTE"||"PACIFICO"||"ZACATECAS"|"HUB GUADALUPE"|"HUB GUADALUPE"|"VILLANUEVA"||||||"OFF NET"
5384||16|||"SKY"|"SUR"||"SURESTE"||"VERACRUZ"|"HUB SAN ANDRES TUXTLA"|"HUB SAN ANDRES TUXTLA"|"SANTIAGO SOCHIAPAN"||||||"OFF RED"
5388||16|||"CABLEMAS"|"SUR"||"SURESTE"||"VERACRUZ"|"HUB XALAPA"|"HUB XALAPA"|"JUCHIQUE"||||||"OFF RED"
5392||16|||"CABLECOM"|"SUR"||"SURESTE"||"VERACRUZ"|"HUB VERACRUZ"|"HUB VERACRUZ"|"HUATUSCO"||||||"OFF NET"
5396||16|||"CABLEMAS"|"NORTE"||"NORESTE"||"COAHUILA"|"HUB TORREON"|"HUB TORREON"|"TORREON"||||||"OFF NET"
5400||16|||"CABLEMAS"|"NORTE"||"NORESTE"||"GUANAJUATO"|"HUB LEON"|"HUB LEON"|"LEON"||||||"OFF NET"
5404||16|||"SKY"|"SUR"||"OCCIDENTE"||"MICHOACAN"|"HUB AQUILA"|"HUB AQUILA"|"AQUILA"||||||"OFF NET"
5408||16|||"TVI"|"NORTE"||"NORESTE"||"NUEVO LEON"|"HUB MONTERREY"|"HUB MONTERREY"|"SALINAS VICTORIA"||||||"ON NET"
4547||5|||"SKY"|"NORTE"||"NORESTE"||"SAN LUIS POTOSI"|"HUB SAN LUIS POTOSI"|"HUB SAN LUIS POTOSI"|"SANTA MARIA DEL RIO"||||||"OFF RED"
4551||5|||"SKY"|"SUR"||"SURESTE"||"PUEBLA"|"HUB ATLIXCO"|"HUB ATLIXCO"|"SAN JERONIMO TECUANIPAN"||||||"OFF RED"
4941||16|||"CABLEMAS"|"SUR"||"SURESTE"||"VERACRUZ"|"HUB TIERRA BLANCA"|"HUB TIERRA BLANCA"|"COSAMALOAPAN"||||||"OFF NET"
4945||16|||"TELECABLE"|"SUR"||"OCCIDENTE"||"COLIMA"|"HUB TECOMAN"|"HUB TECOMAN"|"TECOMAN"||||||"OFF NET"
4949||16|||"CABLEMAS"|"NORTE"||"PACIFICO"||"CHIHUAHUA"|"HUB JUAREZ"|"HUB JUAREZ"|"CD. JUAREZ"||||||"ON NET"
4953||16|||"CABLEMAS"|"METRO"||"METROPOLITANA"||"HIDALGO"|"HUB TULANCINGO"|"HUB TULANCINGO"|"ZEMPOALA"||||||"OFF NET"
4957||16|||"CABLECOM"|"METRO"||"METROPOLITANA"||"MEXICO"|"HUB TOLUCA"|"HUB TOLUCA"|"SAN ANTONIO"||||||"ON NET"
4961||16||||"SUR"||"SURESTE"||"PUEBLA"|"HUB ZACATLAN"|"HUB ZACATLAN"|"HUTIZILAN"||||||"OFF RED"
4965||16|||"CABLEMAS"|"NORTE"||"PACIFICO"||"SINALOA"|"HUB CULIACAN"|"HUB CULIACAN"|"BADIRAGUATO"||||||"OFF NET"
4969||16|||"TVI"|"NORTE"||"NORESTE"||"TAMAULIPAS"|"HUB MATAMOROS"|"HUB MATAMOROS"|"MATAMOROS"||||||"ON NET"
4973||16|||"SKY"|"SUR"||"OCCIDENTE"||"OAXACA"|"HUB JUXTLAHUACA"|"HUB JUXTLAHUACA"|"PERAS"||||||"OFF NET"
4977||16||||"NORTE"||"NORESTE"||"COAHUILA"|"HUB MORELOS"|"HUB MORELOS"|"VILLA UNION"||||||"OFF NET"
4981||16|||"SKY"|"SUR"||"SURESTE"||"CHIAPAS"|"HUB REFORMA"|"HUB REFORMA"|"SOYALO"||||||"OFF NET"
4985||16|||"SKY"|"SUR"||"SURESTE"||"PUEBLA"|"HUB TECAMACHALCO"|"HUB TECAMACHALCO"|"TECAMACHALCO"||||||"OFF NET"
4989||16|||"SKY"|"NORTE"||"NORESTE"||"SAN LUIS POTOSI"|"HUB VALLES"|"HUB VALLES"|"AQUISMON"||||||"OFF RED"
4993||16||||"NORTE"||"PACIFICO"||"SONORA"|"HUB NOGALES"|"HUB NOGALES"|"AGUA PRIETA"||||||"OFF NET"
4997||16|||"TELECABLE"|"NORTE"||"NORESTE"||"TAMAULIPAS"|"HUB VICTORIA"|"HUB VICTORIA"|"VICTORIA"||||||"ON NET"
4513||5|||"SKY"|"SUR"||"SURESTE"||"CHIAPAS"|"HUB SAN CRISTOBAL"|"HUB SAN CRISTOBAL"|"SIMOJOVEL"||||||"OFF RED"
4517||5|||"SKY"|"NORTE"||"PACIFICO"||"CHIHUAHUA"|"HUB CUAUHTEMOC CHIH"|"HUB CUAUHTEMOC CHIH"|"RIVA PALACIO"||||||"OFF RED"
4521||5|||"CABLEMAS"|"NORTE"||"PACIFICO"||"CHIHUAHUA"|"HUB CHIHUAHUA"|"HUB CHIHUAHUA"|"OJINAGA"||||||"OFF NET"
4525||5|||"CABLEMAS"|"METRO"||"METROPOLITANA"||"HIDALGO"|"HUB PACHUCA"|"HUB PACHUCA"|"TIZAYUCA"||||||"OFF NET"
4529||5|||"TELECABLE"|"NORTE"||"NORESTE"||"GUANAJUATO"|"HUB PENJAMO"|"HUB PENJAMO"|"PURISIMA DEL RINCON"||||||"OFF NET"
4533||5|||"TELECABLE"|"SUR"||"OCCIDENTE"||"JALISCO"|"HUB LAGOS DE MORENO"|"HUB LAGOS DE MORENO"|"JALOSTOTITLAN"||||||"ON NET"
4537||5|||"SKY"|"SUR"||"OCCIDENTE"||"OAXACA"|"HUB HUAJUAPAN"|"HUB HUAJUAPAN"|"SAN MIGUEL CHICAHUA"||||||"OFF RED"
4541||5|||"SKY"|"SUR"||"OCCIDENTE"||"OAXACA"|"HUB HUAJUAPAN"|"HUB HUAJUAPAN"|"COSOLAPA"||||||"OFF NET"
4545||5|||"CABLECOM"|"NORTE"||"PACIFICO"||"SONORA"|"HUB CUMPAS"|"HUB CUMPAS"|"CUMPAS"||||||"OFF NET"
4666||16|||"SKY"|"SUR"||"SURESTE"||"VERACRUZ"|"HUB POZA RICA"|"HUB POZA RICA"|"HUAYACOCOTLA"||||||"OFF RED"
4670||16|||"CABLEMAS"|"SUR"||"SURESTE"||"YUCATAN"|"HUB VALLADOLID"|"HUB VALLADOLID"|"TIZIMIN"||||||"OFF NET"
4674||16|||"CABLEMAS"|"NORTE"||"NORESTE"||"GUANAJUATO"|"HUB CELAYA"|"HUB CELAYA"|"SALVATIERRA"||||||"OFF NET"
4678||16|||"TELECABLE"|"SUR"||"OCCIDENTE"||"GUERRERO"|"HUB OMETEPEC"|"HUB OMETEPEC"|"SAN LUIS ACATLAN"||||||"OFF RED"
4682||16|||"CABLEMAS"|"SUR"||"OCCIDENTE"||"JALISCO"|"HUB LAGOS DE MORENO"|"HUB LAGOS DE MORENO"|"LAGOS"||||||"ON NET"
4686||16|||"CABLEMAS"|"METRO"||"METROPOLITANA"||"MEXICO"|"HUB TECAMAC"|"HUB TECAMAC"|"TECAMAC"||||||"ON NET"
4690||16|||"TELECABLE"|"NORTE"||"NORESTE"||"QUERETARO"|"HUB SAN JUAN DEL RIO"|"HUB SAN JUAN DEL RIO"|"SAN JUAN DEL RIO"||||||"ON NET"
4577||5|||"CABLEMAS"|"NORTE"||"PACIFICO"||"DURANGO"|"HUB SANTIAGO PAPASQUIARO"|"HUB SANTIAGO PAPASQUIARO"|"TAMAZULA"||||||"OFF NET"
4581||5|||"SKY"|"SUR"||"OCCIDENTE"||"GUERRERO"|"HUB CHILAPA"|"HUB CHILAPA"|"ACATEPEC"||||||"OFF RED"
4585||5|||"CABLEMAS"|"SUR"||"OCCIDENTE"||"JALISCO"|"HUB PUERTO VALLARTA"|"HUB PUERTO VALLARTA"|"MASCOTA"||||||"OFF NET"
4589||5|||"CABLEMAS"|"METRO"||"METROPOLITANA"||"MEXICO"|"HUB ACOLMAN"|"HUB ACOLMAN"|"ACOLMAN"||||||"OFF NET"
4593||5|||"SKY"|"SUR"||"SURESTE"||"PUEBLA"|"HUB TEHUACAN"|"HUB TEHUACAN"|"VICENTE GUERRERO"||||||"OFF RED"
4597||16|||"SKY"|"SUR"||"SURESTE"||"CHIAPAS"|"HUB TAPACHULA"|"HUB TAPACHULA"|"MAPASTEPEC"||||||"OFF NET"
4601||16|||"SKY"|"NORTE"||"PACIFICO"||"CHIHUAHUA"|"HUB GUACHOCHI"|"HUB GUACHOCHI"|"GUACHOCHI"||||||"OFF RED"
4605||16|||"CABLEMAS"|"SUR"||"OCCIDENTE"||"JALISCO"|"HUB LAGOS DE MORENO"|"HUB LAGOS DE MORENO"|"ENCARNACION DE DIAZ"||||||"OFF NET"
4609||16|||"SKY"|"METRO"||"METROPOLITANA"||"HIDALGO"|"HUB TULANCINGO"|"HUB TULANCINGO"|"ALMOLOYA"||||||"OFF NET"
4613||16|||"CABLEMAS"|"NORTE"||"NORESTE"||"GUANAJUATO"|"HUB IRAPUATO"|"HUB IRAPUATO"|"YURIRIA"||||||"OFF NET"
4617||16|||"SKY"|"SUR"||"OCCIDENTE"||"MICHOACAN"|"HUB ZITACUARO"|"HUB ZITACUARO"|"APORO"||||||"OFF NET"
4621||16|||"SKY"|"SUR"||"OCCIDENTE"||"MICHOACAN"|"HUB MORELIA"|"HUB MORELIA"|"TZINTZUNTZAN"||||||"OFF RED"
4625||16|||"SKY"|"SUR"||"OCCIDENTE"||"OAXACA"|"HUB TUXTEPEC"|"HUB TUXTEPEC"|"SAN ILDEFONSO"||||||"OFF RED"
4629||16|||"TVI"|"NORTE"||"NORESTE"||"NUEVO LEON"|"HUB MONTERREY"|"HUB MONTERREY"|"SANTIAGO"||||||"ON NET"
4633||16|||"CABLEMAS"|"METRO"||"METROPOLITANA"||"MEXICO"|"HUB TEPOTZOTLAN"|"HUB TEPOTZOTLAN"|"TEPOTZOTLAN"||||||"OFF NET"
5124||16|||"CABLEMAS"|"NORTE"||"PACIFICO"||"CHIHUAHUA"|"HUB CHIHUAHUA"|"HUB CHIHUAHUA"|"OJINAGA"||||||"OFF NET"
5128||16|||"CABLEMAS"|"SUR"||"OCCIDENTE"||"GUERRERO"|"HUB OMETEPEC"|"HUB OMETEPEC"|"AYUTLA"||||||"OFF RED"
5132||16|||"SKY"|"SUR"||"OCCIDENTE"||"JALISCO"|"HUB LAGOS DE MORENO"|"HUB LAGOS DE MORENO"|"UNION DE SAN ANTONIO"||||||"OFF NET"
5136||16|||"SKY"|"SUR"||"OCCIDENTE"||"JALISCO"|"HUB CIUDAD GUZMAN"|"HUB CIUDAD GUZMAN"|"SAN GABRIEL"||||||"OFF RED"
5140||16|||"TELECABLE"|"SUR"||"OCCIDENTE"||"JALISCO"|"HUB LAGOS DE MORENO"|"HUB LAGOS DE MORENO"|"JALOSTOTITLAN"||||||"ON NET"
5144||16|||"TVI"|"NORTE"||"NORESTE"||"NUEVO LEON"|"HUB MONTERREY"|"HUB MONTERREY"|"PESQUERIA"||||||"ON NET"
5148||16|||"CABLEMAS"|"SUR"||"OCCIDENTE"||"OAXACA"|"HUB HUAJUAPAN"|"HUB HUAJUAPAN"|"ACATLAN DE PEREZ"||||||"OFF RED"
5152||16|||"CABLEMAS"|"METRO"||"METROPOLITANA"||"MEXICO"|"HUB NEZAHUALCOYOTL"|"HUB NEZAHUALCOYOTL"|"NEZAHUALCOYOTL"||||||"ON NET"
5156||16|||"SKY"|"NORTE"||"NORESTE"||"SAN LUIS POTOSI"|"HUB SAN LUIS POTOSI"|"HUB SAN LUIS POTOSI"|"TIERRA NUEVA"||||||"OFF NET"
5160||16|||"SKY"|"SUR"||"SURESTE"||"PUEBLA"|"HUB TEHUACAN"|"HUB TEHUACAN"|"ZOQUITLAN"||||||"OFF RED"
5164||16|||"SKY"|"NORTE"||"PACIFICO"||"ZACATECAS"|"HUB GUADALUPE"|"HUB GUADALUPE"|"TEPETONGO"||||||"OFF RED"
5168||16|||"SKY"|"SUR"||"SURESTE"||"VERACRUZ"|"HUB TIERRA BLANCA"|"HUB TIERRA BLANCA"|"IGNACIO DE LA LLAVE"||||||"OFF RED"
5172||16|||"CABLECOM"|"SUR"||"SURESTE"||"TLAXCALA"|"HUB CALPULALPAN"|"HUB CALPULALPAN"|"IXTACUIXTLA"||||||"ON NET"
5176||16|||"SKY"|"SUR"||"SURESTE"||"YUCATAN"|"HUB UMAN"|"HUB UMAN"|"CELESTUM"||||||"OFF NET"
5180||16|||"SKY"|"NORTE"||"PACIFICO"||"CHIHUAHUA"|"HUB JUAREZ"|"HUB JUAREZ"|"JANOS"||||||"OFF RED"
5184||16|||"SKY"|"SUR"||"OCCIDENTE"||"GUERRERO"|"HUB IGUALA"|"HUB IGUALA"|"TETIPAC"||||||"OFF RED"
5188||16|||"CABLEMAS"|"METRO"||"METROPOLITANA"||"HIDALGO"|"HUB HUEJUTLA"|"HUB HUEJUTLA"|"HGO YAHUALICA"||||||"OFF RED"
5192||16||||"METRO"||"METROPOLITANA"||"MEXICO"|"HUB VILLA VICTORIA"|"HUB VILLA VICTORIA"|"COATEPEC HARINAS"||||||"OFF RED"
5196||16|||"TVI"|"NORTE"||"NORESTE"||"SAN LUIS POTOSI"|"HUB MATEHUALA"|"HUB MATEHUALA"|"MATEHUALA"||||||"ON NET"
5200||16|||"CABLEVISIÓN"|"SUR"||"SURESTE"||"TABASCO"|"HUB CENTRO"|"HUB CENTRO"|"CENTRO"||||||"ON NET"
5204||16|||"CABLEMAS"|"SUR"||"OCCIDENTE"||"OAXACA"|"HUB PINOTEPA"|"HUB PINOTEPA"|"TEOJOMULCO"||||||"OFF NET"
5208||16|||"SKY"|"NORTE"||"PACIFICO"||"ZACATECAS"|"HUB GUADALUPE"|"HUB GUADALUPE"|"GENARO CODINA"||||||"OFF RED"
5212||16|||"SKY"|"NORTE"||"NORESTE"||"NUEVO LEON"|"HUB LINARES"|"HUB LINARES"|"RAYONES"||||||"OFF NET"
5216||16|||"SKY"|"SUR"||"SURESTE"||"CHIAPAS"|"HUB REFORMA"|"HUB REFORMA"|"SUNUAPA"||||||"OFF NET"
5220||16|||"SKY"|"NORTE"||"PACIFICO"||"CHIHUAHUA"|"HUB GUACHOCHI"|"HUB GUACHOCHI"|"BALLEZA"||||||"OFF RED"
5224||16|||"CABLEMAS"|"SUR"||"OCCIDENTE"||"GUERRERO"|"HUB CHILAPA"|"HUB CHILAPA"|"CHILAPA DE ALVAREZ"||||||"OFF RED"
5228||16|||"SKY"|"METRO"||"METROPOLITANA"||"HIDALGO"|"HUB HUEJUTLA"|"HUB HUEJUTLA"|"ZACUALTIPAN"||||||"OFF NET"
5232||16|||"TELECABLE"|"SUR"||"OCCIDENTE"||"JALISCO"|"HUB COLOTLAN"|"HUB COLOTLAN"|"HUEJUQUILLA"||||||"OFF NET"
5236||16|||"TELECABLE"|"SUR"||"OCCIDENTE"||"JALISCO"|"HUB TEPATITLAN"|"HUB TEPATITLAN"|"ARANDAS"||||||"ON NET"
5240||16|||"CABLECOM"|"SUR"||"OCCIDENTE"||"MICHOACAN"|"HUB ZAMORA"|"HUB ZAMORA"|"ZACAPU"||||||"OFF NET"
5244||16|||"SKY"|"METRO"||"METROPOLITANA"||"MEXICO"|"HUB VILLA VICTORIA"|"HUB VILLA VICTORIA"|"VILLA VICTORIA"||||||"OFF RED"
5248||16|||"TELECABLE"|"SUR"||"OCCIDENTE"||"MICHOACAN"|"HUB URUAPAN"|"HUB URUAPAN"|"LOS REYES"||||||"OFF NET"
5252||16|||"SKY"|"SUR"||"OCCIDENTE"||"OAXACA"|"HUB JUXTLAHUACA"|"HUB JUXTLAHUACA"|"CONSTANCIA DEL ROSARIO"||||||"OFF NET"
5256||16|||"CABLEMAS"|"SUR"||"SURESTE"||"YUCATAN"|"HUB VALLADOLID"|"HUB VALLADOLID"|"VALLADOLID"||||||"ON NET"
5260||16|||"SKY"|"NORTE"||"NORESTE"||"SAN LUIS POTOSI"|"HUB MEXQUITIC"|"HUB MEXQUITIC"|"VILLA DE ARISTA"||||||"OFF NET"
5264||16|||"SKY"|"SUR"||"OCCIDENTE"||"OAXACA"|"HUB HUATULCO"|"HUB HUATULCO"|"XITLA"||||||"OFF RED"
5268||16|||"CABLECOM"|"SUR"||"SURESTE"||"PUEBLA"|"HUB ZACATLAN"|"HUB ZACATLAN"|"ZACATLAN"||||||"OFF NET"
5272||16|||"CABLECOM"|"SUR"||"SURESTE"||"TLAXCALA"|"HUB SAN PABLO DEL MONTE"|"HUB SAN PABLO DEL MONTE"|"NATIVITAS"||||||"ON NET"
5276||16|||"TVI"|"NORTE"||"NORESTE"||"TAMAULIPAS"|"HUB REYNOSA"|"HUB REYNOSA"|"MIGUEL ALEMAN"||||||"OFF NET"
5280||16|||"CABLECOM"|"NORTE"||"PACIFICO"||"ZACATECAS"|"HUB GUADALUPE"|"HUB GUADALUPE"|"ZAC GUADALUPE"||||||"ON NET"
5284||16|||"SKY"|"SUR"||"SURESTE"||"VERACRUZ"|"HUB TIERRA BLANCA"|"HUB TIERRA BLANCA"|"TIERRA BLANCA"||||||"OFF NET"
5288||16|||"CABLECOM"|"SUR"||"SURESTE"||"VERACRUZ"|"HUB XALAPA"|"HUB XALAPA"|"XALAPA"||||||"OFF NET"
5292||16|||"CABLEMAS"|"SUR"||"SURESTE"||"VERACRUZ"|"HUB VERACRUZ"|"HUB VERACRUZ"|"AMATLAN DE LOS REYES"||||||"OFF NET"
5296||16|||"TELECABLE"|"SUR"||"OCCIDENTE"||"COLIMA"|"HUB COLIMA"|"HUB COLIMA"|"COLIMA"||||||"OFF NET"
5300||16|||"CABLEMAS"|"METRO"||"METROPOLITANA"||"MORELOS"|"HUB AXOCHIAPAN"|"HUB AXOCHIAPAN"|"JANETELCO"||||||"OFF NET"
5304||16|||"TVI"|"NORTE"||"NORESTE"||"NUEVO LEON"|"HUB SABINAS"|"HUB SABINAS"|"SABINAS"||||||"ON NET"
5308||16|||"CABLEMAS"|"METRO"||"METROPOLITANA"||"HIDALGO"|"HUB IXMIQUILPAN"|"HUB IXMIQUILPAN"|"TEPEHUACAN"||||||"OFF RED"
5312||16|||"CABLEMAS"|"METRO"||"METROPOLITANA"||"MEXICO"|"HUB TULTITLAN"|"HUB TULTITLAN"|"TULTITLAN"||||||"ON NET"
5073||16|||"SKY"|"SUR"||"SURESTE"||"PUEBLA"|"HUB ATLIXCO"|"HUB ATLIXCO"|"TOCHIMILCO"||||||"OFF RED"
5077||16|||"SKY"|"SUR"||"SURESTE"||"YUCATAN"|"HUB MERIDA"|"HUB MERIDA"|"TAHMEK"||||||"OFF RED"
5081||16|||"CABLECOM"|"SUR"||"SURESTE"||"TLAXCALA"|"HUB SAN PABLO DEL MONTE"|"HUB SAN PABLO DEL MONTE"|"SAN PABLO DEL MONTE"||||||"ON NET"
5085||16|||"CABLECOM"|"SUR"||"SURESTE"||"TLAXCALA"|"HUB YAHUQUEMEHCAN"|"HUB YAHUQUEMEHCAN"|"ATLANGATEPEC"||||||"OFF NET"
5089||16|||"CABLECOM"|"SUR"||"SURESTE"||"VERACRUZ"|"HUB SAN ANDRES TUXTLA"|"HUB SAN ANDRES TUXTLA"|"SAN ANDRES TUXTLA"||||||"OFF NET"
5093||16|||"CABLEMAS"|"NORTE"||"PACIFICO"||"CHIHUAHUA"|"HUB JUAREZ"|"HUB JUAREZ"|"AHUMADA"||||||"OFF NET"
5097||16|||"CABLEMAS"|"NORTE"||"NORESTE"||"GUANAJUATO"|"HUB IRAPUATO"|"HUB IRAPUATO"|"CORTAZAR"||||||"OFF NET"
5101||16|||"TELECABLE"|"SUR"||"OCCIDENTE"||"JALISCO"|"HUB GUADALAJARA"|"HUB GUADALAJARA"|"SAN MARTIN HIDALGO"||||||"OFF NET"
5105||16|||"CABLECOM"|"NORTE"||"NORESTE"||"SAN LUIS POTOSI"|"HUB MEXQUITIC"|"HUB MEXQUITIC"|"CERRITOS"||||||"OFF NET"
5109||16|||"SKY"|"SUR"||"OCCIDENTE"||"OAXACA"|"HUB HUATULCO"|"HUB HUATULCO"|"VILLA SOLA DE VEGA"||||||"OFF RED"
5113||16|||"CABLECOM"|"SUR"||"OCCIDENTE"||"OAXACA"|"HUB SALINA CRUZ"|"HUB SALINA CRUZ"|"JUCHITAN"||||||"OFF NET"
5117||16|||"SKY"|"SUR"||"SURESTE"||"CHIAPAS"|"HUB SAN CRISTOBAL"|"HUB SAN CRISTOBAL"|"CATAZAJA"||||||"OFF RED"
5121||16|||"SKY"|"SUR"||"SURESTE"||"CHIAPAS"|"HUB TUXTLA GUTIERREZ"|"HUB TUXTLA GUTIERREZ"|"CINTALAPA"||||||"OFF NET"
5370||16|||"CABLEMAS"|"SUR"||"SURESTE"||"QUINTANA ROO"|"HUB CHETUMAL"|"HUB CHETUMAL"|"BACALAR"||||||"OFF NET"
5374||16|||"SKY"|"NORTE"||"PACIFICO"||"SINALOA"|"HUB AHOME"|"HUB AHOME"|"CHOIX"||||||"OFF NET"
5378||16|||"SKY"|"SUR"||"OCCIDENTE"||"OAXACA"|"HUB PINOTEPA"|"HUB PINOTEPA"|"SAN LORENZO"||||||"OFF RED"
5382||16|||"SKY"|"SUR"||"SURESTE"||"VERACRUZ"|"HUB VERACRUZ"|"HUB VERACRUZ"|"AYAHUALULCO"||||||"OFF RED"
5386||16|||"CABLEMAS"|"SUR"||"SURESTE"||"YUCATAN"|"HUB MERIDA"|"HUB MERIDA"|"KANASIN"||||||"ON NET"
5390||16|||"SKY"|"SUR"||"SURESTE"||"VERACRUZ"|"HUB POZA RICA"|"HUB POZA RICA"|"CHICONTEPEC"||||||"OFF RED"
5394||16|||"SKY"|"NORTE"||"PACIFICO"||"ZACATECAS"|"HUB MAZAPIL"|"HUB MAZAPIL"|"MAZAPIL"||||||"OFF NET"
5398||16|||"TELECABLE"|"SUR"||"SURESTE"||"CHIAPAS"|"HUB TAPACHULA"|"HUB TAPACHULA"|"TUZANTLA"||||||"OFF RED"
5402||16|||"CABLECOM"|"SUR"||"OCCIDENTE"||"GUERRERO"|"HUB IGUALA"|"HUB IGUALA"|"TAXCO"||||||"OFF NET"
5406||16|||"CABLEMAS"|"METRO"||"METROPOLITANA"||"MORELOS"|"HUB AYALA"|"HUB AYALA"|"JOJUTLA"||||||"OFF NET"
5410||16|||"CABLECOM"|"METRO"||"METROPOLITANA"||"HIDALGO"|"HUB PACHUCA"|"HUB PACHUCA"|"ATOTONILCO EL GRANDE"||||||"OFF RED"
4549||5|||"CABLECOM"|"NORTE"||"NORESTE"||"SAN LUIS POTOSI"|"HUB RIOVERDE"|"HUB RIOVERDE"|"RIOVERDE"||||||"OFF NET"
4553||5|||"CABLECOM"|"SUR"||"SURESTE"||"TABASCO"|"HUB CARDENAS"|"HUB CARDENAS"|"CUNDUACAN"||||||"OFF NET"
4557||5|||"SKY"|"SUR"||"SURESTE"||"PUEBLA"|"HUB IZUCAR DE MATAMOROS"|"HUB IZUCAR DE MATAMOROS"|"TILAPA"||||||"OFF RED"
4561||5|||"SKY"|"SUR"||"SURESTE"||"VERACRUZ"|"HUB POZA RICA"|"HUB POZA RICA"|"FILOMENO MATA"||||||"OFF NET"
4565||5|||"CABLECOM"|"NORTE"||"PACIFICO"||"ZACATECAS"|"HUB GUADALUPE"|"HUB GUADALUPE"|"ZAC GUADALUPE"||||||"ON NET"
4569||5|||"CABLECOM"|"SUR"||"SURESTE"||"TLAXCALA"|"HUB TLAXCALA"|"HUB TLAXCALA"|"TLAXCALA"||||||"ON NET"
4573||5|||"CABLECOM"|"SUR"||"SURESTE"||"CAMPECHE"|"HUB CARMEN"|"HUB CARMEN"|"CIUDAD DEL CARMEN"||||||"ON NET"
5413||3|"AGU"|"760"|"SKY"|"NORTE"|"OFFNET"|"OCCIDENTE"|"OFFNET"|"AGUASCALIENTES"|"AGUASCALIENTES"|"AGUASCALIENTES"|"AGUASCALIENTES"||||"OFFNET SKY"|"SIN PLAZA WR"|"OFF NET"
5417||3|"BCS"|"760"|"SKY"|"NORTE"|"OFFNET"|"PACIFICO"|"OFFNET"|"BAJA CALIFORNIA SUR"|"BAJA CALIFORNIA SUR"|"BAJA CALIFORNIA SUR"|"BAJA CALIFORNIA SUR"||||"OFFNET SKY"|"SIN PLAZA WR"|"OFF NET"
5421||3|"CC"|"759"|"TVI"|"NORTE"|"INTERIOR"|"PACIFICO"|"SURESTE"|"CHIHUAHUA"|"CHIHUAHUA"|"CHIHUAHUA"|"CHIHUAHUA"||||"OFFNET"|"SIN PLAZA WR"|"OFF NET"
5425||3|"CE"|"759"|"TVI"|"METRO"|"METRO"|"METROPOLITANA"|"MXSUR"|"CIUDAD DE MEXICO"|"CIUDAD DE MEXICO"|"CIUDAD DE MEXICO"|"CIUDAD DE MEXICO"||||"OFFNET"|"SIN PLAZA WR"|"OFF NET"
5429||3|"CHIA"|"759"|"TVI"|"SUR"|"OFFNET"|"SURESTE"|"OFFNET"|"CHIAPAS"|"CHIAPAS"|"CHIAPAS"|"CHIAPAS"||||"OFFNET"|"SIN PLAZA WR"|"OFF NET"
5433||3|"COL"|"760"|"SKY"|"SUR"|"OFFNET"|"OCCIDENTE"|"OFFNET"|"COLIMA"|"COLIMA"|"COLIMA"|"COLIMA"||||"OFFNET SKY"|"SIN PLAZA WR"|"OFF NET"
5437||3|"EMEX"|"759"|"TVI"|"METRO"|"OFFNET"|"METROPOLITANA"|"OFFNET"|"ESTADO DE MEXICO"|"ESTADO DE MEXICO"|"ESTADO DE MEXICO"|"ESTADO DE MEXICO"||||"OFFNET"|"SIN PLAZA WR"|"OFF NET"
5441||3|"GUA"|"760"|"SKY"|"NORTE"|"OFFNET"|"NORESTE"|"OFFNET"|"GUANAJUATO"|"GUANAJUATO"|"GUANAJUATO"|"GUANAJUATO"||||"OFFNET SKY"|"SIN PLAZA WR"|"OFF NET"
5445||3|"IX"|"759"|"TVI"|"METRO"|"METRO"|"METROPOLITANA"|"MXSUR"|"ESTADO DE MEXICO"|"ESTADO DE MEXICO"|"ESTADO DE MEXICO"|"ESTADO DE MEXICO"||||"OFFNET"|"SIN PLAZA WR"|"OFF NET"
5449||3|"MAT"|"759"|"TVI"|"NORTE"|"NORTE"|"NORESTE"|"NORESTE"|"NUEVO LEON"|"NUEVO LEON"|"NUEVO LEON"|"NUEVO LEON"||||"OFFNET"|"SIN PLAZA WR"|"OFF NET"
5453||3|"MOR"|"759"|"TVI"|"METRO"|"INTERIOR"|"METROPOLITANA"|"CENTRO"|"MORELOS"|"MORELOS"|"MORELOS"|"MORELOS"||||"OFFNET"|"SIN PLAZA WR"|"OFF NET"
5457||3|"NAY"|"759"|"TVI"|"NORTE"|"OFFNET"|"PACIFICO"|"OFFNET"|"NAYARIT"|"NAYARIT"|"NAYARIT"|"NAYARIT"||||"OFFNET"|"SIN PLAZA WR"|"OFF NET"
5461||3|"OAX"|"760"|"SKY"|"SUR"|"OFFNET"|"OCCIDENTE"|"OFFNET"|"OAXACA"|"OAXACA"|"OAXACA"|"OAXACA"||||"OFFNET SKY"|"SIN PLAZA WR"|"OFF NET"
5465||3|"PUE"|"759"|"TVI"|"SUR"|"OFFNET"|"SURESTE"|"OFFNET"|"PUEBLA"|"PUEBLA"|"PUEBLA"|"PUEBLA"||||"OFFNET"|"SIN PLAZA WR"|"OFF NET"
5469||3|"QUE"|"759"|"TVI"|"NORTE"|"OFFNET"|"NORESTE"|"OFFNET"|"QUERETARO"|"QUERETARO"|"QUERETARO"|"QUERETARO"||||"OFFNET"|"SIN PLAZA WR"|"OFF NET"
5473||3|"SIN"|"759"|"TVI"|"NORTE"|"OFFNET"|"PACIFICO"|"OFFNET"|"SINALOA"|"SINALOA"|"SINALOA"|"SINALOA"||||"OFFNET"|"SIN PLAZA WR"|"OFF NET"
5477||3|"SLPO"|"759"|"TVI"|"NORTE"|"OFFNET"|"NORESTE"|"OFFNET"|"SAN LUIS POTOSI"|"SAN LUIS POTOSI"|"SAN LUIS POTOSI"|"SAN LUIS POTOSI"||||"OFFNET"|"SIN PLAZA WR"|"OFF NET"
5481||3|"TAB"|"760"|"SKY"|"SUR"|"OFFNET"|"SURESTE"|"OFFNET"|"TABASCO"|"TABASCO"|"TABASCO"|"TABASCO"||||"OFFNET SKY"|"SIN PLAZA WR"|"OFF NET"
5485||3|"TAMS"|"759"|"TVI"|"NORTE"|"OFFNET"|"NORESTE"|"OFFNET"|"TAMAULIPAS"|"TAMAULIPAS"|"TAMAULIPAS"|"TAMAULIPAS"||||"OFFNET"|"SIN PLAZA WR"|"OFF NET"
5489||3|"TZY"|"759"|"TVI"|"METRO"|"METRO"|"METROPOLITANA"|"MXNORTE"|"HIDALGO"|"HIDALGO"|"HIDALGO"|"HIDALGO"||||"OFFNET"|"SIN PLAZA WR"|"OFF NET"
5493||3|"YUC"|"760"|"SKY"|"SUR"|"OFFNET"|"SURESTE"|"OFFNET"|"YUCATAN"|"YUCATAN"|"YUCATAN"|"YUCATAN"||||"OFFNET SKY"|"SIN PLAZA WR"|"OFF NET"
5497||3|"OFFNET"|"759"|"TVI"||"0"||"0"||||||||"OFFNET"|"SIN PLAZA WR"|"OFF NET"
5501||5|"BCN"|"759"|"TVI"|"NORTE"||"PACIFICO"||"BAJA CALIFORNIA"|"BAJA CALIFORNIA"|"BAJA CALIFORNIA"|"BAJA CALIFORNIA"|||||"SIN PLAZA WR"|"OFF NET"
5505||5|"CAM"|"760"|"SKY"|"SUR"||"SURESTE"||"CAMPECHE"|"CAMPECHE"|"CAMPECHE"|"CAMPECHE"|||||"SIN PLAZA WR"|"OFF NET"
5509||5|"CDMX"|"759"|"TVI"|"METRO"||"METROPOLITANA"||"CIUDAD DE MEXICO"|"CIUDAD DE MEXICO"|"CIUDAD DE MEXICO"|"CIUDAD DE MEXICO"|||||"SIN PLAZA WR"|"OFF NET"
5513||5|"CHH"|"759"|"TVI"|"NORTE"||"PACIFICO"||"CHIHUAHUA"|"CHIHUAHUA"|"CHIHUAHUA"|"CHIHUAHUA"|||||"SIN PLAZA WR"|"OFF NET"
5517||5|"COAH"|"759"|"TVI"|"NORTE"||"NORESTE"||"COAHUILA"|"COAHUILA"|"COAHUILA"|"COAHUILA"|||||"SIN PLAZA WR"|"OFF NET"
5521||5|"DUR"|"760"|"SKY"|"NORTE"||"PACIFICO"||"DURANGO"|"DURANGO"|"DURANGO"|"DURANGO"|||||"SIN PLAZA WR"|"OFF NET"
5315||16|||"CABLECOM"|"NORTE"||"NORESTE"||"SAN LUIS POTOSI"|"HUB SAN LUIS POTOSI"|"HUB SAN LUIS POTOSI"|"SAN NICOLAS TOLENTINO"||||||"OFF NET"
5319||16|||"CABLEMAS"|"SUR"||"OCCIDENTE"||"OAXACA"|"HUB OAXACA"|"HUB OAXACA"|"VILLA DE ZAACHILA"||||||"ON NET"
5323||16|||"TELECABLE"|"METRO"||"METROPOLITANA"||"CIUDAD DE MEXICO"|"HUB CUAJIMALPA"|"HUB CUAJIMALPA"|"CUAJIMALPA"||||||"ON NET"
5327||16|||"SKY"|"NORTE"||"NORESTE"||"NUEVO LEON"|"HUB LINARES"|"HUB LINARES"|"GALEANA"||||||"OFF RED"
5331||16|||"CABLEMAS"|"NORTE"||"NORESTE"||"COAHUILA"|"HUB SAN BUENAVENTURA"|"HUB SAN BUENAVENTURA"|"SAN BUENAVENTURA"||||||"OFF NET"
5335||16|||"SKY"|"SUR"||"SURESTE"||"CHIAPAS"|"HUB TAPACHULA"|"HUB TAPACHULA"|"LA GRANDEZA"||||||"OFF NET"
5339||16|||"SKY"|"NORTE"||"PACIFICO"||"DURANGO"|"HUB DURANGO"|"HUB DURANGO"|"PUEBLO NUEVO"||||||"OFF NET"
5343||16|||"CABLECOM"|"SUR"||"OCCIDENTE"||"JALISCO"|"HUB TEPATITLAN"|"HUB TEPATITLAN"|"LA BARCA"||||||"ON NET"
5347||16|||"TVI"|"NORTE"||"NORESTE"||"NUEVO LEON"|"HUB MONTERREY"|"HUB MONTERREY"|"CIENEGA DE FLORES"||||||"ON NET"
5351||16|||"CABLEMAS"|"SUR"||"OCCIDENTE"||"OAXACA"|"HUB OAXACA"|"HUB OAXACA"|"TLATLIXTAC"||||||"OFF NET"
5355||16|||"SKY"|"SUR"||"OCCIDENTE"||"MICHOACAN"|"HUB URUAPAN"|"HUB URUAPAN"|"TANCITARO"||||||"OFF RED"
5359||16|||"SKY"|"SUR"||"SURESTE"||"PUEBLA"|"HUB AMOZOC"|"HUB AMOZOC"|"TLACHICHUCA"||||||"OFF RED"
5363||16|||"TVI"|"NORTE"||"NORESTE"||"TAMAULIPAS"|"HUB VICTORIA"|"HUB VICTORIA"|"CASAS"||||||"OFF NET"
5001||16|||"CABLECOM"|"NORTE"||"PACIFICO"||"ZACATECAS"|"HUB NOCHISTLAN"|"HUB NOCHISTLAN"|"JALPA"||||||"OFF NET"
5005||16|||"TVI"|"NORTE"||"NORESTE"||"NUEVO LEON"|"HUB MONTERREY"|"HUB MONTERREY"|"CADEREYTA"||||||"ON NET"
5009||16|||"CABLEVISIÓN"|"METRO"||"METROPOLITANA"||"CIUDAD DE MEXICO"|"HUB IZTACALCO"|"HUB IZTACALCO"|"IZTACALCO"||||||"ON NET"
5013||16|||"CABLEMAS"|"NORTE"||"PACIFICO"||"BAJA CALIFORNIA SUR"|"HUB LA PAZ"|"HUB LA PAZ"|"LA PAZ"||||||"OFF NET"
5017||16|||"TELECABLE"|"SUR"||"OCCIDENTE"||"COLIMA"|"HUB MANZANILLO"|"HUB MANZANILLO"|"MANZANILLO"||||||"ON NET"
5021||16|||"SKY"|"SUR"||"SURESTE"||"CHIAPAS"|"HUB OCOSINGO"|"HUB OCOSINGO"|"MARAVILLA TENEJAPA"||||||"OFF RED"
5025||16|||"CABLEMAS"|"NORTE"||"PACIFICO"||"CHIHUAHUA"|"HUB CUAUHTEMOC CHIH"|"HUB CUAUHTEMOC CHIH"|"NAMIQUIPA"||||||"OFF RED"
5029||16|||"CABLEMAS"|"NORTE"||"PACIFICO"||"CHIHUAHUA"|"HUB CHIHUAHUA"|"HUB CHIHUAHUA"|"MEOQUI"||||||"OFF NET"
5033||16|||"CABLEMAS"|"METRO"||"METROPOLITANA"||"HIDALGO"|"HUB TULANCINGO"|"HUB TULANCINGO"|"APAN"||||||"ON NET"
5037||16|||"SKY"|"SUR"||"OCCIDENTE"||"JALISCO"|"HUB TEPATITLAN"|"HUB TEPATITLAN"|"ZAPOTLAN"||||||"OFF RED"
5041||16|||"CABLEMAS"|"NORTE"||"PACIFICO"||"CHIHUAHUA"|"HUB PARRAL"|"HUB PARRAL"|"LA CRUZ"||||||"OFF NET"
3378||3|||"CABLEVISIÓN"|"METRO"|"METRO"|"METROPOLITANA"|"MXNORTE"|"MEXICO"|"HUB ATIZAPAN"|"HUB ATIZAPAN"|"ATIZAPAN"||||"Sin RPT"||"ON NET"
3328||3|||"CABLECOM"|"SUR"|"INTERIOR"|"OCCIDENTE"|"OCCIDENTE"|"MICHOACAN"|"HUB ZAMORA"|"HUB ZAMORA"|"ZACAPU"||||"Sin RPT"||"OFF NET"
3037||3|||"TELECABLE"|"NORTE"|"INTERIOR"|"NORESTE"|"CENTRO"|"GUANAJUATO"|"HUB PENJAMO"|"HUB PENJAMO"|"SAN FRANCISCO DEL RINCON"||||"Sin RPT"||"ON NET"
5582||5|"ZACS"|"759"|"TVI"|"NORTE"||"PACIFICO"||"ZACATECAS"|"ZACATECAS"|"ZACATECAS"|"ZACATECAS"|||||"SIN PLAZA WR"|"OFF NET"
5595||3|"TOL"|"759"|"TVI"|"METRO"|"METRO"|"METROPOLITANA"|"MXNORTE"|"MEXICO"|"HUB TOLUCA"|"TOLUCA"|"TOLUCA"||||"OFFNET"||"ON NET"
2994||3|||"SKY"|"NORTE"|"INTERIOR"|"PACIFICO"|"CENTRO"|"NAYARIT"|"HUB DEL NAYAR"|"HUB DEL NAYAR"|"DEL NAYAR"||||"Sin RPT"||"OFF NET"
3035||3|||"SKY"|"NORTE"|"NORTE"|"PACIFICO"|"PACIFICO"|"CHIHUAHUA"|"HUB JUAREZ"|"HUB JUAREZ"|"JANOS"||||"Sin RPT"||"OFF RED"
3321||3|||"TELECABLE"|"SUR"|"INTERIOR"|"OCCIDENTE"|"OCCIDENTE"|"JALISCO"|"HUB PUERTO VALLARTA"|"HUB PUERTO VALLARTA"|"CUAUTITLAN DE GARCIA BARRAGAN"||||"Sin RPT"||"OFF RED"
3523||3|||"CABLEMAS"|"NORTE"|"NORTE"|"PACIFICO"|"PACIFICO"|"CHIHUAHUA"|"HUB CHIHUAHUA"|"HUB CHIHUAHUA"|"SAUCILLO"||||"Sin RPT"||"OFF NET"
3201||3|||"SKY"|"SUR"|"INTERIOR"|"SURESTE"|"SURESTE"|"CHIAPAS"|"HUB TAPACHULA"|"HUB TAPACHULA"|"MAPASTEPEC"||||"Sin RPT"||"OFF NET"
3051||3|||"TELECABLE"|"SUR"|"INTERIOR"|"OCCIDENTE"|"OCCIDENTE"|"JALISCO"|"HUB PUERTO VALLARTA"|"HUB PUERTO VALLARTA"|"AUTLAN"||||"Sin RPT"||"OFF NET"
3381||3|||"TELECABLE"|"NORTE"|"INTERIOR"|"NORESTE"|"CENTRO"|"QUERETARO"|"HUB TEQUISQUIAPAN"|"HUB TEQUISQUIAPAN"|"TEQUISQUIAPAN"||||"Sin RPT"||"OFF NET"
3428||3|||"SKY"|"SUR"|"INTERIOR"|"OCCIDENTE"|"OCCIDENTE"|"GUERRERO"|"HUB COYUCA"|"HUB COYUCA"|"COYUCA"||||"Sin RPT"||"OFF RED"
3147||3|||"CABLEMAS"|"SUR"|"INTERIOR"|"SURESTE"|"GOLFO"|"VERACRUZ"|"HUB VERACRUZ"|"HUB VERACRUZ"|"LA PERLA"||||"Sin RPT"||"OFF RED"
3569||3|||"SKY"|"SUR"|"INTERIOR"|"SURESTE"|"SURESTE"|"CHIAPAS"|"HUB TAPACHULA"|"HUB TAPACHULA"|"HUIXTLA"||||"Sin RPT"||"OFF NET"
3540||3|||"SKY"|"METRO"|"METRO"|"METROPOLITANA"|"MXNORTE"|"MEXICO"|"HUB VILLA VICTORIA"|"HUB VILLA VICTORIA"|"VILLA VICTORIA"||||"Sin RPT"||"OFF RED"
5525||5|"GRO"|"760"|"SKY"|"SUR"||"OCCIDENTE"||"GUERRERO"|"GUERRERO"|"GUERRERO"|"GUERRERO"|||||"SIN PLAZA WR"|"OFF NET"
5529||5|"HGO"|"760"|"SKY"|"METRO"||"METROPOLITANA"||"HIDALGO"|"HIDALGO"|"HIDALGO"|"HIDALGO"|||||"SIN PLAZA WR"|"OFF NET"
5533||5|"JAL"|"759"|"TVI"|"SUR"||"OCCIDENTE"||"JALISCO"|"JALISCO"|"JALISCO"|"JALISCO"|||||"SIN PLAZA WR"|"OFF NET"
5537||5|"MICH"|"760"|"SKY"|"SUR"||"OCCIDENTE"||"MICHOACAN DE OCAMPO"|"MICHOACAN DE OCAMPO"|"MICHOACAN DE OCAMPO"|"MICHOACAN DE OCAMPO"|||||"SIN PLAZA WR"|"OFF NET"
5541||5|"MORS"|"759"|"TVI"|"METRO"||"METROPOLITANA"||"MORELOS"|"MORELOS"|"MORELOS"|"MORELOS"|||||"SIN PLAZA WR"|"OFF NET"
5545||5|"NLE"|"760"|"SKY"|"NORTE"||"NORESTE"||"NUEVO LEON"|"NUEVO LEON"|"NUEVO LEON"|"NUEVO LEON"|||||"SIN PLAZA WR"|"OFF NET"
5549||5|"ORI"|"759"|"TVI"|"SUR"||"SURESTE"||"VERACRUZ"|"VERACRUZ DE IGNACIO DE LA LLAVE"|"VERACRUZ DE IGNACIO DE LA LLAVE"|"VERACRUZ DE IGNACIO DE LA LLAVE"|||||"SIN PLAZA WR"|"OFF NET"
5553||5|"QRO"|"759"|"TVI"|"NORTE"||"NORESTE"||"QUERETARO"|"QUERETARO"|"QUERETARO"|"QUERETARO"|||||"SIN PLAZA WR"|"OFF NET"
5557||5|"ROO"|"759"|"TVI"|"SUR"||"SURESTE"||"QUINTANA ROO"|"QUINTANA ROO"|"QUINTANA ROO"|"QUINTANA ROO"|||||"SIN PLAZA WR"|"OFF NET"
5561||5|"SKY"|"760"|"SKY"|||||||||||||"SIN PLAZA WR"|"OFF NET"
5565||5|"SON"|"759"|"TVI"|"NORTE"||"PACIFICO"||"SONORA"|"SONORA"|"SONORA"|"SONORA"|||||"SIN PLAZA WR"|"OFF NET"
5569||5|"TAL"|"759"|"TVI"|"SUR"||"OCCIDENTE"||"JALISCO"|"JALISCO"|"JALISCO"|"JALISCO"|||||"SIN PLAZA WR"|"OFF NET"
5573||5|"TLAX"|"759"|"TVI"|"SUR"||"SURESTE"||"TLAXCALA"|"TLAXCALA"|"TLAXCALA"|"TLAXCALA"|||||"SIN PLAZA WR"|"OFF NET"
5577||5|"VER"|"760"|"SKY"|"SUR"||"SURESTE"||"VERACRUZ"|"VERACRUZ DE IGNACIO DE LA LLAVE"|"VERACRUZ DE IGNACIO DE LA LLAVE"|"VERACRUZ DE IGNACIO DE LA LLAVE"|||||"SIN PLAZA WR"|"OFF NET"
4555||5|||"CABLEMAS"|"SUR"||"SURESTE"||"PUEBLA"|"HUB ATLIXCO"|"HUB ATLIXCO"|"SANTA ISABEL CHOLULA"||||||"OFF NET"
4559||5|||"CABLEMAS"|"SUR"||"SURESTE"||"TLAXCALA"|"HUB HUAMANTLA"|"HUB HUAMANTLA"|"HUAMANTLA"||||||"ON NET"
4563||5|||"CABLECOM"|"SUR"||"SURESTE"||"VERACRUZ"|"HUB TIERRA BLANCA"|"HUB TIERRA BLANCA"|"ANGEL R CABADA"||||||"OFF RED"
4567||5|||"SKY"|"NORTE"||"NORESTE"||"TAMAULIPAS"|"HUB REYNOSA"|"HUB REYNOSA"|"CAMARGO TAM"||||||"OFF NET"
4571||5||||"SUR"||"SURESTE"||"VERACRUZ"|"HUB POZA RICA"|"HUB POZA RICA"|"ESPINAL"||||||"OFF RED"
4575||5|||"SKY"|"SUR"||"SURESTE"||"CHIAPAS"|"HUB OCOSINGO"|"HUB OCOSINGO"|"LAS MARGARITAS"||||||"OFF RED"
5415||3|"BCN"|"759"|"TVI"|"NORTE"|"OFFNET"|"PACIFICO"|"OFFNET"|"BAJA CALIFORNIA"|"BAJA CALIFORNIA"|"BAJA CALIFORNIA"|"BAJA CALIFORNIA"||||"OFFNET"|"SIN PLAZA WR"|"OFF NET"
5419||3|"CAM"|"760"|"SKY"|"SUR"|"OFFNET"|"SURESTE"|"OFFNET"|"CAMPECHE"|"CAMPECHE"|"CAMPECHE"|"CAMPECHE"||||"OFFNET SKY"|"SIN PLAZA WR"|"OFF NET"
5423||3|"CDMX"|"759"|"TVI"|"METRO"|"OFFNET"|"METROPOLITANA"|"OFFNET"|"CIUDAD DE MEXICO"|"CIUDAD DE MEXICO"|"CIUDAD DE MEXICO"|"CIUDAD DE MEXICO"||||"OFFNET"|"SIN PLAZA WR"|"OFF NET"
5427||3|"CHH"|"759"|"TVI"|"NORTE"|"OFFNET"|"PACIFICO"|"OFFNET"|"CHIHUAHUA"|"CHIHUAHUA"|"CHIHUAHUA"|"CHIHUAHUA"||||"OFFNET"|"SIN PLAZA WR"|"OFF NET"
5431||3|"COAH"|"759"|"TVI"|"NORTE"|"OFFNET"|"NORESTE"|"OFFNET"|"COAHUILA"|"COAHUILA"|"COAHUILA"|"COAHUILA"||||"OFFNET"|"SIN PLAZA WR"|"OFF NET"
5435||3|"DUR"|"760"|"SKY"|"NORTE"|"OFFNET"|"PACIFICO"|"OFFNET"|"DURANGO"|"DURANGO"|"DURANGO"|"DURANGO"||||"OFFNET SKY"|"SIN PLAZA WR"|"OFF NET"
5439||3|"GRO"|"760"|"SKY"|"SUR"|"OFFNET"|"OCCIDENTE"|"OFFNET"|"GUERRERO"|"GUERRERO"|"GUERRERO"|"GUERRERO"||||"OFFNET SKY"|"SIN PLAZA WR"|"OFF NET"
5443||3|"HGO"|"760"|"SKY"|"METRO"|"OFFNET"|"METROPOLITANA"|"OFFNET"|"HIDALGO"|"HIDALGO"|"HIDALGO"|"HIDALGO"||||"OFFNET SKY"|"SIN PLAZA WR"|"OFF NET"
5447||3|"JAL"|"759"|"TVI"|"SUR"|"OFFNET"|"OCCIDENTE"|"OFFNET"|"JALISCO"|"JALISCO"|"JALISCO"|"JALISCO"||||"OFFNET"|"SIN PLAZA WR"|"OFF NET"
5451||3|"MICH"|"760"|"SKY"|"SUR"|"OFFNET"|"OCCIDENTE"|"OFFNET"|"MICHOACAN DE OCAMPO"|"MICHOACAN DE OCAMPO"|"MICHOACAN DE OCAMPO"|"MICHOACAN DE OCAMPO"||||"OFFNET SKY"|"SIN PLAZA WR"|"OFF NET"
5455||3|"MORS"|"759"|"TVI"|"METRO"|"OFFNET"|"METROPOLITANA"|"OFFNET"|"MORELOS"|"MORELOS"|"MORELOS"|"MORELOS"||||"OFFNET"|"SIN PLAZA WR"|"OFF NET"
5459||3|"NLE"|"760"|"SKY"|"NORTE"|"OFFNET"|"NORESTE"|"OFFNET"|"NUEVO LEON"|"NUEVO LEON"|"NUEVO LEON"|"NUEVO LEON"||||"OFFNET SKY"|"SIN PLAZA WR"|"OFF NET"
5463||3|"ORI"|"759"|"TVI"|"SUR"|"INTERIOR"|"SURESTE"|"SURESTE"|"VERACRUZ"|"VERACRUZ DE IGNACIO DE LA LLAVE"|"VERACRUZ DE IGNACIO DE LA LLAVE"|"VERACRUZ DE IGNACIO DE LA LLAVE"||||"OFFNET"|"SIN PLAZA WR"|"OFF NET"
5467||3|"QRO"|"759"|"TVI"|"NORTE"|"INTERIOR"|"NORESTE"|"CENTRO"|"QUERETARO"|"QUERETARO"|"QUERETARO"|"QUERETARO"||||"OFFNET"|"SIN PLAZA WR"|"OFF NET"
5471||3|"ROO"|"759"|"TVI"|"SUR"|"OFFNET"|"SURESTE"|"OFFNET"|"QUINTANA ROO"|"QUINTANA ROO"|"QUINTANA ROO"|"QUINTANA ROO"||||"OFFNET"|"SIN PLAZA WR"|"OFF NET"
5475||3|"SKY"|"760"|"SKY"||"0"||"0"||||||||"OFFNET SKY"|"SIN PLAZA WR"|"OFF NET"
5479||3|"SON"|"759"|"TVI"|"NORTE"|"OFFNET"|"PACIFICO"|"OFFNET"|"SONORA"|"SONORA"|"SONORA"|"SONORA"||||"OFFNET"|"SIN PLAZA WR"|"OFF NET"
5483||3|"TAL"|"759"|"TVI"|"SUR"|"INTERIOR"|"OCCIDENTE"|"OCCIDENTE"|"JALISCO"|"JALISCO"|"JALISCO"|"JALISCO"||||"OFFNET"|"SIN PLAZA WR"|"OFF NET"
5487||3|"TLAX"|"759"|"TVI"|"SUR"|"OFFNET"|"SURESTE"|"OFFNET"|"TLAXCALA"|"TLAXCALA"|"TLAXCALA"|"TLAXCALA"||||"OFFNET"|"SIN PLAZA WR"|"OFF NET"
5491||3|"VER"|"760"|"SKY"|"SUR"|"OFFNET"|"SURESTE"|"OFFNET"|"VERACRUZ"|"VERACRUZ DE IGNACIO DE LA LLAVE"|"VERACRUZ DE IGNACIO DE LA LLAVE"|"VERACRUZ DE IGNACIO DE LA LLAVE"||||"OFFNET SKY"|"SIN PLAZA WR"|"OFF NET"
5495||3|"ZACS"|"760"|"SKY"|"NORTE"|"OFFNET"|"PACIFICO"|"OFFNET"|"ZACATECAS"|"ZACATECAS"|"ZACATECAS"|"ZACATECAS"||||"OFFNET SKY"|"SIN PLAZA WR"|"OFF NET"
5499||5|"AGU"|"760"|"SKY"|"NORTE"||"OCCIDENTE"||"AGUASCALIENTES"|"AGUASCALIENTES"|"AGUASCALIENTES"|"AGUASCALIENTES"|||||"SIN PLAZA WR"|"OFF NET"
5503||5|"BCS"|"760"|"SKY"|"NORTE"||"PACIFICO"||"BAJA CALIFORNIA SUR"|"BAJA CALIFORNIA SUR"|"BAJA CALIFORNIA SUR"|"BAJA CALIFORNIA SUR"|||||"SIN PLAZA WR"|"OFF NET"
5507||5|"CC"|"759"|"TVI"|"NORTE"||"PACIFICO"||"CHIHUAHUA"|"CHIHUAHUA"|"CHIHUAHUA"|"CHIHUAHUA"|||||"SIN PLAZA WR"|"OFF NET"
5511||5|"CE"|"759"|"TVI"|"METRO"||"METROPOLITANA"||"CIUDAD DE MEXICO"|"CIUDAD DE MEXICO"|"CIUDAD DE MEXICO"|"CIUDAD DE MEXICO"|||||"SIN PLAZA WR"|"OFF NET"
5515||5|"CHIA"|"759"|"TVI"|"SUR"||"SURESTE"||"CHIAPAS"|"CHIAPAS"|"CHIAPAS"|"CHIAPAS"|||||"SIN PLAZA WR"|"OFF NET"
5519||5|"COL"|"760"|"SKY"|"SUR"||"OCCIDENTE"||"COLIMA"|"COLIMA"|"COLIMA"|"COLIMA"|||||"SIN PLAZA WR"|"OFF NET"
5313||16|||"CABLEMAS"|"METRO"||"METROPOLITANA"||"MEXICO"|"HUB CHALCO"|"HUB CHALCO"|"AYAPANGO"||||||"OFF RED"
5317||16|||"CABLEMAS"|"SUR"||"OCCIDENTE"||"OAXACA"|"HUB HUATULCO"|"HUB HUATULCO"|"MIHUATLAN"||||||"OFF RED"
5321||16|||"CABLEMAS"|"SUR"||"SURESTE"||"PUEBLA"|"HUB PUEBLA"|"HUB PUEBLA"|"PUEBLA"||||||"OFF NET"
5325||16||||"NORTE"||"PACIFICO"||"ZACATECAS"|"HUB NOCHISTLAN"|"HUB NOCHISTLAN"|"TEUL"||||||"OFF NET"
5329||16|||"SKY"|"SUR"||"OCCIDENTE"||"OAXACA"|"HUB OAXACA"|"HUB OAXACA"|"SANTIAGO TILANTONGO"||||||"OFF RED"
5333||16|||"SKY"|"SUR"||"SURESTE"||"CHIAPAS"|"HUB TAPACHULA"|"HUB TAPACHULA"|"SUCHIATE"||||||"OFF NET"
5337||16|||"CABLECOM"|"NORTE"||"NORESTE"||"GUANAJUATO"|"HUB PENJAMO"|"HUB PENJAMO"|"SANTA ANA PACUECO"||||||"OFF NET"
5341||16|||"CABLEMAS"|"SUR"||"OCCIDENTE"||"GUERRERO"|"HUB ZIHUATANEJO"|"HUB ZIHUATANEJO"|"ISIDORO MONTES"||||||"OFF RED"
5345||16|||"SKY"|"SUR"||"OCCIDENTE"||"OAXACA"|"HUB JUXTLAHUACA"|"HUB JUXTLAHUACA"|"SAN PEDRO Y SAN PABLO TEPOSCOLULA"||||||"OFF NET"
5349||16||||"NORTE"||"NORESTE"||"TAMAULIPAS"|"HUB SOTO LA MARINA"|"HUB SOTO LA MARINA"|"BURGOS"||||||"OFF NET"
5353||16|||"TELECABLE"|"METRO"||"METROPOLITANA"||"MEXICO"|"HUB TLALNEPANTLA"|"HUB TLALNEPANTLA"|"TLALNEPANTLA"||||||"ON NET"
5357||16|||"SKY"|"SUR"||"SURESTE"||"PUEBLA"|"HUB ATLIXCO"|"HUB ATLIXCO"|"EPATLAN"||||||"OFF NET"
5361||16||||"SUR"||"SURESTE"||"PUEBLA"|"HUB TEHUACAN"|"HUB TEHUACAN"|"SANTIAGO MIHUATLAN"||||||"OFF NET"
5365||16|||"SKY"|"SUR"||"SURESTE"||"PUEBLA"|"HUB IZUCAR DE MATAMOROS"|"HUB IZUCAR DE MATAMOROS"|"ACATLAN"||||||"OFF NET"
5003||16|||"SKY"|"NORTE"||"NORESTE"||"NUEVO LEON"|"HUB GENERAL TERAN"|"HUB GENERAL TERAN"|"LOS RAMONES"||||||"OFF NET"
5007||16|||"SKY"|"SUR"||"OCCIDENTE"||"OAXACA"|"HUB HUAJUAPAN"|"HUB HUAJUAPAN"|"CUICATLAN"||||||"OFF NET"
5011||16|||"SKY"|"SUR"||"OCCIDENTE"||"AGUASCALIENTES"|"HUB CALVILLO"|"HUB CALVILLO"|"SAN JOSE DE GRACIA"||||||"OFF NET"
5015||16|||"CABLEMAS"|"SUR"||"SURESTE"||"CAMPECHE"|"HUB CAMPECHE"|"HUB CAMPECHE"|"CANDELARIA"||||||"OFF RED"
5019||16|||"SKY"|"SUR"||"SURESTE"||"CHIAPAS"|"HUB REFORMA"|"HUB REFORMA"|"TECPATAN"||||||"OFF RED"
5023||16|||"SKY"|"SUR"||"SURESTE"||"CHIAPAS"|"HUB TAPACHULA"|"HUB TAPACHULA"|"UNION JUAREZ"||||||"OFF NET"
5027||16|||"SKY"|"SUR"||"SURESTE"||"CHIAPAS"|"HUB TUXTLA GUTIERREZ"|"HUB TUXTLA GUTIERREZ"|"TONALA CHIS"||||||"OFF NET"
5031||16|||"TELECABLE"|"SUR"||"OCCIDENTE"||"JALISCO"|"HUB GUADALAJARA"|"HUB GUADALAJARA"|"TLAQUEPAQUE"||||||"ON NET"
5035||16|||"SKY"|"SUR"||"OCCIDENTE"||"GUERRERO"|"HUB COYUCA"|"HUB COYUCA"|"COYUCA"||||||"OFF RED"
5039||16|||"CABLECOM"|"NORTE"||"NORESTE"||"GUANAJUATO"|"HUB CELAYA"|"HUB CELAYA"|"CELAYA"||||||"ON NET"
5523||5|"EMEX"|"759"|"TVI"|"METRO"||"METROPOLITANA"||"ESTADO DE MEXICO"|"ESTADO DE MEXICO"|"ESTADO DE MEXICO"|"ESTADO DE MEXICO"|||||"SIN PLAZA WR"|"OFF NET"
4069||3|||"CABLEMAS"|"SUR"|"INTERIOR"|"OCCIDENTE"|"SURESTE"|"OAXACA"|"HUB OAXACA"|"HUB OAXACA"|"OAXACA"||||"Sin RPT"||"ON NET"
3130||3|||"CABLEMAS"|"METRO"|"METRO"|"METROPOLITANA"|"MXSUR"|"MORELOS"|"HUB CUAUTLA"|"HUB CUAUTLA"|"ATLATLAHUCAN"||||"Sin RPT"||"OFF NET"
3489||3|||"TELECABLE"|"SUR"|"INTERIOR"|"SURESTE"|"SURESTE"|"CHIAPAS"|"HUB TAPACHULA"|"HUB TAPACHULA"|"TAPACHULA"||||"Sin RPT"||"OFF NET"
5593||3|"AC"|"759"|"TVI"|"SUR"|"INTERIOR"|"OCCIDENTE"|"OCCIDENTE"|"GUERRERO"|"HUB ACAPULCO"|"ACAPULCO"|"ACAPULCO"||||"OFFNET"||"OFF NET"
5629||5|"GUAI"|"760"|"SKY"|"NORTE"||"NORESTE"||"GUANAJUATO"|"HUB IRAPUATO"|"IRAPUATO"|"IRAPUATO"||||"OFFNET SKY"||"ON NET"
3011||3|||"CABLEMAS"|"SUR"|"INTERIOR"|"SURESTE"|"GOLFO"|"PUEBLA"|"HUB ATLIXCO"|"HUB ATLIXCO"|"OCOYUCAN"||||"Sin RPT"||"OFF NET"
3301||3||||"NORTE"|"NORTE"|"PACIFICO"|"PACIFICO"|"SONORA"|"HUB NOGALES"|"HUB NOGALES"|"AGUA PRIETA"||||"Sin RPT"||"OFF NET"
3503||3|||"CABLECOM"|"METRO"|"METRO"|"METROPOLITANA"|"MXNORTE"|"MEXICO"|"HUB TOLUCA"|"HUB TOLUCA"|"LERMA"||||"Sin RPT"||"OFF NET"
3182||3|||"CABLEMAS"|"NORTE"|"INTERIOR"|"PACIFICO"|"CENTRO"|"SINALOA"|"HUB AHOME"|"HUB AHOME"|"AHOME"||||"Sin RPT"||"OFF NET"
3274||3|||"SKY"|"SUR"|"INTERIOR"|"SURESTE"|"SURESTE"|"YUCATAN"|"HUB UMAN"|"HUB UMAN"|"CELESTUM"||||"Sin RPT"||"OFF NET"
3070||3|||"SKY"|"SUR"|"INTERIOR"|"OCCIDENTE"|"OCCIDENTE"|"JALISCO"|"HUB CIUDAD GUZMAN"|"HUB CIUDAD GUZMAN"|"MAZAMITLA"||||"Sin RPT"||"OFF NET"
3406||3|||"CABLEMAS"|"NORTE"|"NORTE"|"PACIFICO"|"PACIFICO"|"BAJA CALIFORNIA SUR"|"HUB LA PAZ"|"HUB LA PAZ"|"LA PAZ"||||"Sin RPT"||"OFF NET"
3128||3|||"CABLECOM"|"SUR"|"INTERIOR"|"OCCIDENTE"|"OCCIDENTE"|"MICHOACAN"|"HUB ZAMORA"|"HUB ZAMORA"|"PURANDIRO"||||"Sin RPT"||"OFF NET"
2922||3|||"SKY"|"SUR"|"INTERIOR"|"OCCIDENTE"|"SURESTE"|"OAXACA"|"HUB PINOTEPA"|"HUB PINOTEPA"|"SAN LORENZO"||||"Sin RPT"||"OFF RED"
4009||3|||"TELECABLE"|"SUR"|"INTERIOR"|"SURESTE"|"SURESTE"|"TABASCO"|"HUB TENOSIQUE"|"HUB TENOSIQUE"|"TENOSIQUE"||||"Sin RPT"||"OFF NET"
4066||3|||"SKY"|"NORTE"|"NORTE"|"PACIFICO"|"PACIFICO"|"SONORA"|"HUB HERMOSILLO"|"HUB HERMOSILLO"|"URES"||||"Sin RPT"||"OFF NET"
5527||5|"GUA"|"760"|"SKY"|"NORTE"||"NORESTE"||"GUANAJUATO"|"GUANAJUATO"|"GUANAJUATO"|"GUANAJUATO"|||||"SIN PLAZA WR"|"OFF NET"
5531||5|"IX"|"759"|"TVI"|"METRO"||"METROPOLITANA"||"ESTADO DE MEXICO"|"ESTADO DE MEXICO"|"ESTADO DE MEXICO"|"ESTADO DE MEXICO"|||||"SIN PLAZA WR"|"OFF NET"
5535||5|"MAT"|"759"|"TVI"|"NORTE"||"NORESTE"||"NUEVO LEON"|"NUEVO LEON"|"NUEVO LEON"|"NUEVO LEON"|||||"SIN PLAZA WR"|"OFF NET"
5539||5|"MOR"|"759"|"TVI"|"METRO"||"METROPOLITANA"||"MORELOS"|"MORELOS"|"MORELOS"|"MORELOS"|||||"SIN PLAZA WR"|"OFF NET"
5543||5|"NAY"|"759"|"TVI"|"NORTE"||"PACIFICO"||"NAYARIT"|"NAYARIT"|"NAYARIT"|"NAYARIT"|||||"SIN PLAZA WR"|"OFF NET"
5547||5|"OAX"|"760"|"SKY"|"SUR"||"OCCIDENTE"||"OAXACA"|"OAXACA"|"OAXACA"|"OAXACA"|||||"SIN PLAZA WR"|"OFF NET"
5551||5|"PUE"|"759"|"TVI"|"SUR"||"SURESTE"||"PUEBLA"|"PUEBLA"|"PUEBLA"|"PUEBLA"|||||"SIN PLAZA WR"|"OFF NET"
5555||5|"QUE"|"759"|"TVI"|"NORTE"||"NORESTE"||"QUERETARO"|"QUERETARO"|"QUERETARO"|"QUERETARO"|||||"SIN PLAZA WR"|"OFF NET"
5559||5|"SIN"|"759"|"TVI"|"NORTE"||"PACIFICO"||"SINALOA"|"SINALOA"|"SINALOA"|"SINALOA"|||||"SIN PLAZA WR"|"OFF NET"
5563||5|"SLPO"|"759"|"TVI"|"NORTE"||"NORESTE"||"SAN LUIS POTOSI"|"SAN LUIS POTOSI"|"SAN LUIS POTOSI"|"SAN LUIS POTOSI"|||||"SIN PLAZA WR"|"OFF NET"
5567||5|"TAB"|"760"|"SKY"|"SUR"||"SURESTE"||"TABASCO"|"TABASCO"|"TABASCO"|"TABASCO"|||||"SIN PLAZA WR"|"OFF NET"
5571||5|"TAMS"|"759"|"TVI"|"NORTE"||"NORESTE"||"TAMAULIPAS"|"TAMAULIPAS"|"TAMAULIPAS"|"TAMAULIPAS"|||||"SIN PLAZA WR"|"OFF NET"
5575||5|"TZY"|"759"|"TVI"|"METRO"||"METROPOLITANA"||"HIDALGO"|"HIDALGO"|"HIDALGO"|"HIDALGO"|||||"SIN PLAZA WR"|"OFF NET"
5579||5|"YUC"|"760"|"SKY"|"SUR"||"SURESTE"||"YUCATAN"|"YUCATAN"|"YUCATAN"|"YUCATAN"|||||"SIN PLAZA WR"|"OFF NET"
2489||3|"1"|"759"|"SKY"|"NORTE"|"NORTE"|"PACIFICO"|"PACIFICO"|"Baja California Sur"|"HUB LOS CABOS"|"NO IDENTIFICADA"|"LOS CABOS"|"N"||"ND"|"OFFNET"|"SIN PLAZA WR"|"OFF NET"
2493||3|"1"|"759"|"SKY"|"NORTE"|"NORTE"|"PACIFICO"|"PACIFICO"|"Chihuahua"|"HUB JUAREZ"|"NO IDENTIFICADA"|"JANOS"|"N"||"ND"|"OFFNET"|"SIN PLAZA WR"|"OFF RED"
210|"F5B12D46F593437C3BD76C4A246639A866D81D0D"|2|"45"|"045"|"CABLEMAS"|"SUR"|"METROSUR"|"OCCIDENTE"|"SURESTE"|"OAXACA"|"OAXACA"|"OAXACA"|"OAXACA"||"Y"|||"OAXACA"|"NO IDENTIFICADA"
2501||3|"1"|"759"|"SKY"|"NORTE"|"NORTE"|"NORESTE"|"NORESTE"|"Nuevo León"|"HUB MONTERREY"|"NO IDENTIFICADA"|"GENERAL ESCOBEDO"|"N"||"ND"|"OFFNET"|"SIN PLAZA WR"|"ON NET"
2505||3|"1"|"759"|"SKY"|"NORTE"|"NORTE"|"PACIFICO"|"PACIFICO"|"Chihuahua"|"HUB JUAREZ"|"NO IDENTIFICADA"|"CASAS GRANDES"|"N"||"ND"|"OFFNET"|"SIN PLAZA WR"|"OFF NET"
2509||3|"1"|"759"|"SKY"|"NORTE"|"INTERIOR"|"NORESTE"|"GOLFO"|"San Luis Potosí"|"HUB RIOVERDE"|"NO IDENTIFICADA"|"TAMASOPO"|"N"||"ND"|"OFFNET"|"SIN PLAZA WR"|"OFF NET"
2513||3|"1"|"759"|"SKY"|"METRO"|"METRO"|"METROPOLITANA"|"MXNORTE"|"Hidalgo"|"HUB PACHUCA"|"NO IDENTIFICADA"|"HGO ACTOPAN"|"N"||"ND"|"OFFNET"|"SIN PLAZA WR"|"OFF NET"
2517||3|"1"|"759"|"SKY"|"METRO"|"METRO"|"METROPOLITANA"|"MXNORTE"|"Hidalgo"|"HUB HUEJUTLA"|"NO IDENTIFICADA"|"HGO TIANGUISTENGO"|"N"||"ND"|"OFFNET"|"SIN PLAZA WR"|"OFF RED"
2521||3|"1"|"759"|"SKY"|"SUR"|"INTERIOR"|"SURESTE"|"GOLFO"|"Veracruz de Ignacio de la Llave"|"HUB POZA RICA"|"NO IDENTIFICADA"|"HUAYACOCOTLA"|"N"||"ND"|"OFFNET"|"SIN PLAZA WR"|"OFF RED"
2525||3|"1"|"759"|"SKY"|"METRO"|"METRO"|"METROPOLITANA"|"MXSUR"|"Ciudad de México"|"HUB LA MAGDALENA CONTRERAS"|"NO IDENTIFICADA"|"LA MAGDALENA CONTRERAS"|"N"||"ND"|"OFFNET"|"SIN PLAZA WR"|"ON NET"
2529||3|"1"|"759"|"SKY"|"NORTE"|"NORTE"|"NORESTE"|"NORESTE"|"Coahuila de Zaragoza"|"HUB SAN BUENAVENTURA"|"NO IDENTIFICADA"|"SAN BUENAVENTURA"|"N"||"ND"|"OFFNET"|"SIN PLAZA WR"|"OFF NET"
2533||3|"1"|"759"|"SKY"|"SUR"|"INTERIOR"|"SURESTE"|"GOLFO"|"Tlaxcala"|"HUB CALPULALPAN"|"NO IDENTIFICADA"|"CALPULALPAN"|"N"||"ND"|"OFFNET"|"SIN PLAZA WR"|"OFF NET"
2202||3|"1"|"759"|"SKY"|"SUR"|"INTERIOR"|"OCCIDENTE"|"SURESTE"|"Oaxaca"|"HUB OAXACA"|"NO IDENTIFICADA"|"TLATLIXTAC"|"N"||"ND"|"OFFNET"|"SIN PLAZA WR"|"OFF NET"
2541||3|"1"|"759"|"SKY"|"SUR"|"INTERIOR"|"SURESTE"|"SURESTE"|"Chiapas"|"HUB OCOSINGO"|"NO IDENTIFICADA"|"MARAVILLA TENEJAPA"|"N"||"ND"|"OFFNET"|"SIN PLAZA WR"|"OFF RED"
2216||3|"1"|"759"|"SKY"|"SUR"|"INTERIOR"|"OCCIDENTE"|"SURESTE"|"Oaxaca"|"HUB HUAJUAPAN"|"NO IDENTIFICADA"|"YANHUITLAN"|"N"||"ND"|"OFFNET"|"SIN PLAZA WR"|"OFF NET"
2722||3|"1"|"759"|"SKY"|"SUR"|"INTERIOR"|"OCCIDENTE"|"SURESTE"|"Oaxaca"|"HUB SALINA CRUZ"|"NO IDENTIFICADA"|"CIUDAD IXTEPEC"|"N"||"ND"|"OFFNET"|"SIN PLAZA WR"|"OFF NET"
2553||3|"1"|"759"|"SKY"|"METRO"|"METRO"|"METROPOLITANA"|"MXNORTE"|"México"|"HUB ATIZAPAN"|"NO IDENTIFICADA"|"ATIZAPAN"|"N"||"ND"|"OFFNET"|"SIN PLAZA WR"|"ON NET"
2557||3|"1"|"759"|"SKY"|"SUR"|"INTERIOR"|"SURESTE"|"SURESTE"|"Yucatán"|"HUB TEKAX"|"NO IDENTIFICADA"|"KANTUNIL"|"N"||"ND"|"OFFNET"|"SIN PLAZA WR"|"OFF RED"
2561||3|"1"|"759"|"SKY"|"NORTE"|"NORTE"|"NORESTE"|"NORESTE"|"Nuevo León"|"HUB MONTERREY"|"NO IDENTIFICADA"|"GENERAL ZUAZUA"|"N"||"ND"|"OFFNET"|"SIN PLAZA WR"|"ON NET"
2367||3|"1"|"759"|"SKY"|"SUR"|"INTERIOR"|"OCCIDENTE"|"SURESTE"|"Oaxaca"|"HUB OAXACA"|"NO IDENTIFICADA"|"TELIXTLAHUACA"|"N"||"ND"|"OFFNET"|"SIN PLAZA WR"|"OFF NET"
2373||3|"1"|"759"|"SKY"|"SUR"|"INTERIOR"|"OCCIDENTE"|"SURESTE"|"Oaxaca"|"HUB OAXACA"|"NO IDENTIFICADA"|"OCOTLAN DE MORELOS"|"N"||"ND"|"OFFNET"|"SIN PLAZA WR"|"OFF NET"
2573||3|"1"|"759"|"SKY"|"NORTE"|"INTERIOR"|"NORESTE"|"GOLFO"|"San Luis Potosí"|"HUB SAN LUIS POTOSI"|"NO IDENTIFICADA"|"SAN NICOLAS TOLENTINO"|"N"||"ND"|"OFFNET"|"SIN PLAZA WR"|"OFF NET"
2577||3|"1"|"759"|"SKY"|"NORTE"|"INTERIOR"|"NORESTE"|"GOLFO"|"Tamaulipas"|"HUB REYNOSA"|"NO IDENTIFICADA"|"CAMARGO TAM"|"N"||"ND"|"OFFNET"|"SIN PLAZA WR"|"OFF NET"
2581||3|"1"|"759"|"SKY"|"SUR"|"INTERIOR"|"SURESTE"|"SURESTE"|"Chiapas"|"HUB TAPACHULA"|"NO IDENTIFICADA"|"TUZANTLA"|"N"||"ND"|"OFFNET"|"SIN PLAZA WR"|"OFF RED"
2381||3|"1"|"759"|"SKY"|"SUR"|"INTERIOR"|"OCCIDENTE"|"SURESTE"|"Oaxaca"|"HUB JUXTLAHUACA"|"NO IDENTIFICADA"|"MAGDALENA PEÑASCO"|"N"||"ND"|"OFFNET"|"SIN PLAZA WR"|"OFF RED"
2389||3|"1"|"759"|"SKY"|"SUR"|"INTERIOR"|"OCCIDENTE"|"SURESTE"|"Oaxaca"|"HUB SALINA CRUZ"|"NO IDENTIFICADA"|"MATIAS ROMERO"|"N"||"ND"|"OFFNET"|"SIN PLAZA WR"|"OFF NET"
2593||3|"1"|"759"|"SKY"|"NORTE"|"NORTE"|"PACIFICO"|"PACIFICO"|"Chihuahua"|"HUB PARRAL"|"NO IDENTIFICADA"|"LA CRUZ"|"N"||"ND"|"OFFNET"|"SIN PLAZA WR"|"OFF NET"
2390||3|"1"|"759"|"SKY"|"SUR"|"INTERIOR"|"OCCIDENTE"|"SURESTE"|"Oaxaca"|"HUB TUXTEPEC"|"NO IDENTIFICADA"|"SAN ILDEFONSO"|"N"||"ND"|"OFFNET"|"SIN PLAZA WR"|"OFF RED"
2601||3|"1"|"759"|"SKY"|"METRO"|"METRO"|"METROPOLITANA"|"MXNORTE"|"México"|"HUB TOLUCA"|"NO IDENTIFICADA"|"TENANGO"|"N"||"ND"|"OFFNET"|"SIN PLAZA WR"|"OFF NET"
2605||3|"1"|"759"|"SKY"|"METRO"|"METRO"|"METROPOLITANA"|"MXSUR"|"Ciudad de México"|"HUB ALVARO OBREGON"|"NO IDENTIFICADA"|"ALVARO OBREGON CDMX"|"N"||"ND"|"OFFNET"|"SIN PLAZA WR"|"ON NET"
2438||3|"1"|"759"|"SKY"|"SUR"|"INTERIOR"|"OCCIDENTE"|"SURESTE"|"Oaxaca"|"HUB HUATULCO"|"NO IDENTIFICADA"|"POCHUTLA"|"N"||"ND"|"OFFNET"|"SIN PLAZA WR"|"OFF RED"
2460||3|"1"|"759"|"SKY"|"SUR"|"INTERIOR"|"OCCIDENTE"|"SURESTE"|"Oaxaca"|"HUB OAXACA"|"NO IDENTIFICADA"|"ZIMATLAN"|"N"||"ND"|"OFFNET"|"SIN PLAZA WR"|"OFF NET"
2617||3|"1"|"759"|"SKY"|"SUR"|"INTERIOR"|"SURESTE"|"SURESTE"|"Campeche"|"HUB CAMPECHE"|"NO IDENTIFICADA"|"CANDELARIA"|"N"||"ND"|"OFFNET"|"SIN PLAZA WR"|"OFF RED"
2621||3|"1"|"759"|"SKY"|"SUR"|"INTERIOR"|"SURESTE"|"GOLFO"|"Puebla"|"HUB IZUCAR DE MATAMOROS"|"NO IDENTIFICADA"|"COATZINGO"|"N"||"ND"|"OFFNET"|"SIN PLAZA WR"|"OFF NET"
2625||3|"1"|"759"|"SKY"|"SUR"|"INTERIOR"|"SURESTE"|"GOLFO"|"Puebla"|"HUB TECAMACHALCO"|"NO IDENTIFICADA"|"CHILA"|"N"||"ND"|"OFFNET"|"SIN PLAZA WR"|"OFF NET"
2464||3|"1"|"759"|"SKY"|"SUR"|"INTERIOR"|"OCCIDENTE"|"SURESTE"|"Oaxaca"|"HUB HUATULCO"|"NO IDENTIFICADA"|"VILLA SOLA DE VEGA"|"N"||"ND"|"OFFNET"|"SIN PLAZA WR"|"OFF RED"
2633||3|"1"|"759"|"SKY"|"SUR"|"INTERIOR"|"SURESTE"|"SURESTE"|"Chiapas"|"HUB REFORMA"|"NO IDENTIFICADA"|"TECPATAN"|"N"||"ND"|"OFFNET"|"SIN PLAZA WR"|"OFF RED"
2637||3|"1"|"759"|"SKY"|"NORTE"|"NORTE"|"PACIFICO"|"PACIFICO"|"Baja California"|"HUB ENSENADA"|"NO IDENTIFICADA"|"SAN QUINTIN"|"N"||"ND"|"OFFNET"|"SIN PLAZA WR"|"OFF NET"
2641||3|"1"|"759"|"SKY"|"METRO"|"METRO"|"METROPOLITANA"|"MXSUR"|"Morelos"|"HUB AXOCHIAPAN"|"NO IDENTIFICADA"|"AXOCHIAPAN"|"N"||"ND"|"OFFNET"|"SIN PLAZA WR"|"OFF NET"
2645||3|"1"|"759"|"SKY"|"NORTE"|"INTERIOR"|"PACIFICO"|"CENTRO"|"Sinaloa"|"HUB AHOME"|"NO IDENTIFICADA"|"EL FUERTE"|"N"||"ND"|"OFFNET"|"SIN PLAZA WR"|"OFF RED"
2649||3|"1"|"759"|"SKY"|"NORTE"|"NORTE"|"NORESTE"|"NORESTE"|"Nuevo León"|"HUB SABINAS"|"NO IDENTIFICADA"|"LAMPAZOS DE NARANJO"|"N"||"ND"|"OFFNET"|"SIN PLAZA WR"|"OFF NET"
2479||3|"1"|"759"|"SKY"|"SUR"|"INTERIOR"|"OCCIDENTE"|"SURESTE"|"Oaxaca"|"HUB SALINA CRUZ"|"NO IDENTIFICADA"|"SAN JUAN GUICHICOVI"|"N"||"ND"|"OFFNET"|"SIN PLAZA WR"|"OFF RED"
2657||3|"1"|"759"|"SKY"|"NORTE"|"INTERIOR"|"NORESTE"|"GOLFO"|"San Luis Potosí"|"HUB MEXQUITIC"|"NO IDENTIFICADA"|"GUADALCAZAR"|"N"||"ND"|"OFFNET"|"SIN PLAZA WR"|"OFF RED"
2661||3|"1"|"759"|"SKY"|"SUR"|"INTERIOR"|"SURESTE"|"SURESTE"|"Chiapas"|"HUB SAN CRISTOBAL"|"NO IDENTIFICADA"|"CHAMULA"|"N"||"ND"|"OFFNET"|"SIN PLAZA WR"|"OFF RED"
2526||3|"1"|"759"|"SKY"|"SUR"|"INTERIOR"|"OCCIDENTE"|"SURESTE"|"Oaxaca"|"HUB JUXTLAHUACA"|"NO IDENTIFICADA"|"CONSTANCIA DEL ROSARIO"|"N"||"ND"|"OFFNET"|"SIN PLAZA WR"|"OFF NET"
2545||3|"1"|"759"|"SKY"|"SUR"|"INTERIOR"|"OCCIDENTE"|"SURESTE"|"Oaxaca"|"HUB OAXACA"|"NO IDENTIFICADA"|"SAN JUAN BAUTISTA GUELACHE"|"N"||"ND"|"OFFNET"|"SIN PLAZA WR"|"ON NET"
2548||3|"1"|"759"|"SKY"|"SUR"|"INTERIOR"|"OCCIDENTE"|"SURESTE"|"Oaxaca"|"HUB OAXACA"|"NO IDENTIFICADA"|"SAN JOSE DEL PROGRESO"|"N"||"ND"|"OFFNET"|"SIN PLAZA WR"|"OFF RED"
2789||3|"1"|"759"|"SKY"|"SUR"|"INTERIOR"|"SURESTE"|"SURESTE"|"Tabasco"|"HUB CENTLA"|"NO IDENTIFICADA"|"JONUTA"|"N"||"ND"|"OFFNET"|"SIN PLAZA WR"|"OFF RED"
2555||3|"1"|"759"|"SKY"|"SUR"|"INTERIOR"|"OCCIDENTE"|"SURESTE"|"Oaxaca"|"HUB HUAJUAPAN"|"NO IDENTIFICADA"|"ASUNCION NOCHIXTLAN"|"N"||"ND"|"OFFNET"|"SIN PLAZA WR"|"OFF NET"
2797||3|"1"|"759"|"SKY"|"SUR"|"INTERIOR"|"SURESTE"|"SURESTE"|"Yucatán"|"HUB TEKAX"|"NO IDENTIFICADA"|"HOMUN"|"N"||"ND"|"OFFNET"|"SIN PLAZA WR"|"OFF NET"
2801||3|"1"|"759"|"SKY"|"SUR"|"INTERIOR"|"SURESTE"|"GOLFO"|"Veracruz de Ignacio de la Llave"|"HUB PANUCO"|"NO IDENTIFICADA"|"TAMIAHUA"|"N"||"ND"|"OFFNET"|"SIN PLAZA WR"|"OFF RED"
2565||3|"1"|"759"|"SKY"|"SUR"|"INTERIOR"|"OCCIDENTE"|"SURESTE"|"Oaxaca"|"HUB SALINA CRUZ"|"NO IDENTIFICADA"|"SALINA CRUZ"|"N"||"ND"|"OFFNET"|"SIN PLAZA WR"|"OFF NET"
2809||3|"1"|"759"|"SKY"|"NORTE"|"INTERIOR"|"NORESTE"|"GOLFO"|"San Luis Potosí"|"HUB MEXQUITIC"|"NO IDENTIFICADA"|"MEXQUITIC"|"N"||"ND"|"OFFNET"|"SIN PLAZA WR"|"OFF RED"
2813||3|"1"|"759"|"SKY"|"NORTE"|"NORTE"|"PACIFICO"|"PACIFICO"|"Sonora"|"HUB NOGALES"|"NO IDENTIFICADA"|"BAVIACORA"|"N"||"ND"|"OFFNET"|"SIN PLAZA WR"|"OFF NET"
2817||3|"1"|"759"|"SKY"|"NORTE"|"NORTE"|"PACIFICO"|"PACIFICO"|"Chihuahua"|"HUB GUACHOCHI"|"NO IDENTIFICADA"|"NONOAVA"|"N"||"ND"|"OFFNET"|"SIN PLAZA WR"|"OFF NET"
2821||3|"1"|"759"|"SKY"|"METRO"|"METRO"|"METROPOLITANA"|"MXNORTE"|"Hidalgo"|"HUB PACHUCA"|"NO IDENTIFICADA"|"ATOTONILCO EL GRANDE"|"N"||"ND"|"OFFNET"|"SIN PLAZA WR"|"OFF RED"
1985|"DE613B47DA8DB5ECE6B6B548B862880FA886BB59"|16|"TXPR"|"098"|"CABLEMAS"|"SUR"|"METROSUR"|"SURESTE"|"GOLFO"|"VERACRUZ"|"TUXPAM"|"TUXPAM"|"TUXPAM"|||"IZZI"||"SIN PLAZA WR"|"NO IDENTIFICADA"
1982|"DE613B47DA8DB5ECE6B6B548B862880FA886BB59"|16|"TXP"|"098"|"CABLEMAS"|"SUR"|"METROSUR"|"SURESTE"|"GOLFO"|"VERACRUZ"|"TUXPAM"|"TUXPAM"|"TUXPAM"|||"IZZI"||"SIN PLAZA WR"|"NO IDENTIFICADA"
1538|"EA2E908A6802E81ACCC5856AE595FF2923994614"|16|"ELS"|"453"|"TELECABLE"|"SUR"|"NORTE"|"OCCIDENTE"|"OCCIDENTE"|"JALISCO"|"GUADALAJARA"|"GUADALAJARA"|"EL SALTO"||"Y"|"IZZI"|"EL SALTO"|"SIN PLAZA WR"|"NO IDENTIFICADA"
930|"B5C015E5A9167656E058B57486EA7E3B175EDB05"|16|"YU"|"042"|"CABLEMAS"|"METRO"|"METROSUR"|"METROPOLITANA"|"MXSUR"|"MORELOS"|"CUAUTLA"|"YAUTEPEC"|"YAUTEPEC"|"Y"|"Y"|"IZZI"|"YAUTEPEC"|"CUERNAVACA"|"NO IDENTIFICADA"
2746||3|"1"|"759"|"SKY"|"SUR"|"INTERIOR"|"SURESTE"|"SURESTE"|"Chiapas"|"HUB TAPACHULA"|"NO IDENTIFICADA"|"SUCHIATE"|"N"||"ND"|"OFFNET"|"SIN PLAZA WR"|"OFF NET"
2750||3|"1"|"759"|"SKY"|"NORTE"|"NORTE"|"PACIFICO"|"PACIFICO"|"Chihuahua"|"HUB PARRAL"|"NO IDENTIFICADA"|"LOPEZ"|"N"||"ND"|"OFFNET"|"SIN PLAZA WR"|"OFF NET"
2754||3|"1"|"759"|"SKY"|"NORTE"|"INTERIOR"|"PACIFICO"|"CENTRO"|"Sinaloa"|"HUB CULIACAN"|"NO IDENTIFICADA"|"SAN IGNACIO"|"N"||"ND"|"OFFNET"|"SIN PLAZA WR"|"OFF NET"
2758||3|"1"|"759"|"SKY"|"NORTE"|"INTERIOR"|"PACIFICO"|"CENTRO"|"Zacatecas"|"HUB GUADALUPE"|"NO IDENTIFICADA"|"GENARO CODINA"|"N"||"ND"|"OFFNET"|"SIN PLAZA WR"|"OFF RED"
157|"6804486196AE0FB23C64C7EA8BC39CA2C1B02E6B"|8|"CC32"|"0"|"CABLECOM"|"SUR"|"NORTE"|"OCCIDENTE"|"OCCIDENTE"|"MICHOACAN"|"PMO LOS REYES HIGUERITA"|"ZACAPU"|"ZACAPU"||"Y"|||"TEOCALTICHE"|"NO IDENTIFICADA"
2766||3|"1"|"759"|"SKY"|"NORTE"|"INTERIOR"|"PACIFICO"|"CENTRO"|"Zacatecas"|"HUB NOCHISTLAN"|"NO IDENTIFICADA"|"TLALTENANGO"|"N"||"ND"|"OFFNET"|"SIN PLAZA WR"|"OFF NET"
2770||3|"1"|"759"|"SKY"|"SUR"|"INTERIOR"|"SURESTE"|"GOLFO"|"Tlaxcala"|"HUB SAN PABLO DEL MONTE"|"NO IDENTIFICADA"|"NATIVITAS"|"N"||"ND"|"OFFNET"|"SIN PLAZA WR"|"ON NET"
2774||3|"1"|"759"|"SKY"|"SUR"|"INTERIOR"|"SURESTE"|"SURESTE"|"Chiapas"|"HUB REFORMA"|"NO IDENTIFICADA"|"FRANCISCO LEON"|"N"||"ND"|"OFFNET"|"SIN PLAZA WR"|"OFF NET"
2778||3|"1"|"759"|"SKY"|"SUR"|"INTERIOR"|"SURESTE"|"SURESTE"|"Chiapas"|"HUB SAN CRISTOBAL"|"NO IDENTIFICADA"|"SANTIAGO EL PINAR"|"N"||"ND"|"OFFNET"|"SIN PLAZA WR"|"OFF NET"
2335||3|"1"|"759"|"SKY"|"NORTE"|"NORTE"|"NORESTE"|"NORESTE"|"Nuevo León"|"HUB GENERAL TERAN"|"NO IDENTIFICADA"|"CERRALVO"|"N"||"ND"|"OFFNET"|"SIN PLAZA WR"|"OFF NET"
2339||3|"1"|"759"|"SKY"|"SUR"|"INTERIOR"|"SURESTE"|"GOLFO"|"Puebla"|"HUB TEHUACAN"|"NO IDENTIFICADA"|"TEPANCO"|"N"||"ND"|"OFFNET"|"SIN PLAZA WR"|"OFF NET"
2343||3|"1"|"759"|"SKY"|"SUR"|"INTERIOR"|"SURESTE"|"GOLFO"|"Puebla"|"HUB ZACATLAN"|"NO IDENTIFICADA"|"TEPANGO"|"N"||"ND"|"OFFNET"|"SIN PLAZA WR"|"OFF NET"
2347||3|"1"|"759"|"SKY"|"SUR"|"INTERIOR"|"SURESTE"|"GOLFO"|"Puebla"|"HUB TECAMACHALCO"|"NO IDENTIFICADA"|"IXCAQUIXTLA"|"N"||"ND"|"OFFNET"|"SIN PLAZA WR"|"OFF NET"
2351||3|"1"|"759"|"SKY"|"SUR"|"INTERIOR"|"SURESTE"|"GOLFO"|"Puebla"|"HUB TEZIUTLAN"|"NO IDENTIFICADA"|"ZARAGOZA"|"N"||"ND"|"OFFNET"|"SIN PLAZA WR"|"OFF NET"
2355||3|"1"|"759"|"SKY"|"SUR"|"INTERIOR"|"SURESTE"|"GOLFO"|"Veracruz de Ignacio de la Llave"|"HUB VERACRUZ"|"NO IDENTIFICADA"|"PASO DEL MACHO"|"N"||"ND"|"OFFNET"|"SIN PLAZA WR"|"OFF RED"
2359||3|"1"|"759"|"SKY"|"SUR"|"INTERIOR"|"SURESTE"|"GOLFO"|"Puebla"|"HUB IZUCAR DE MATAMOROS"|"NO IDENTIFICADA"|"CHIAUTLA"|"N"||"ND"|"OFFNET"|"SIN PLAZA WR"|"OFF NET"
111|"36C04C77F0E8A6E124A57899AE931945A884D6A3"|1|"20"|"020"|"CABLEMAS"|"SUR"|"NORTE"|"OCCIDENTE"|"OCCIDENTE"|"MICHOACAN"|"MORELIA"|"MORELIA"|"MORELIA"||"Y"|||"ND"|"NO IDENTIFICADA"
133|"4809438A3524099B87F7D9A659D190328DD20F75"|8|"CC26"|"0"|"CABLECOM"|"SUR"|"NORTE"|"OCCIDENTE"|"OCCIDENTE"|"MICHOACAN"|"PMO LOS REYES HIGUERITA"|"PUREPERO"|"PUREPERO"||"Y"|||"TEOCALTICHE"|"NO IDENTIFICADA"
730|"EE2E743BB077206FBBC6B64C8B7A1512BAA472E4"|5|"ZCP"|"556"|"CABLECOM"|"SUR"|"NORTE"|"OCCIDENTE"|"OCCIDENTE"|"MICHOACAN"|"PMO LOS REYES HIGUERITA"|"ZACAPU"|"ZACAPU"||"Y"|"WIZZ"||"TEOCALTICHE"|"NO IDENTIFICADA"
2375||3|"1"|"759"|"SKY"|"METRO"|"METRO"|"METROPOLITANA"|"MXSUR"|"Morelos"|"HUB AXOCHIAPAN"|"NO IDENTIFICADA"|"JANETELCO"|"N"||"ND"|"OFFNET"|"SIN PLAZA WR"|"OFF NET"
2379||3|"1"|"759"|"SKY"|"SUR"|"INTERIOR"|"SURESTE"|"GOLFO"|"Puebla"|"HUB PUEBLA"|"NO IDENTIFICADA"|"CUATLANCINGO"|"N"||"ND"|"OFFNET"|"SIN PLAZA WR"|"OFF NET"
2124|"787D41D9C35C57EF9E4ABA799BACEFAC312149A4"|30||"0"|"SKY"|"NORTE"|"NORTE"|"PACIFICO"|"PACIFICO"|"SONORA"|"SKY - SONORA"|"SKY - SONORA"|"SKY - SONORA"|||||"SIN PLAZA WR"|"NO IDENTIFICADA"
934|"30E24600879300CCC2CC1F04C975A67F945740BA"|16|"IM"|"036"|"CABLEMAS"|"SUR"|"METROSUR"|"SURESTE"|"SURESTE"|"QUINTANA ROO"|"PMS RIVIERA MAYA"|"ISLA MUJERES"|"ISLA MUJERES"|"N"|"Y"|"WIZZ"|"ISLA MUJERES"|"RIVIERA MAYA"|"NO IDENTIFICADA"
938|"8AA7DB5BD6246D7F6F80767DE83A4E5658A4AE49"|16|"CMY"|"300"|"TVI"|"NORTE"|"NORTE"|"NORESTE"|"NORESTE"|"NUEVO LEON"|"MONTERREY"|"CENTRO"|"CENTRO M"|"Y"|"Y"|"IZZI"|"MONTERREY"|"MTY - REVOLUCION"|"NO IDENTIFICADA"
942|"0CC1C9847081E9C9FD985EC079B030A83310A69B"|16|"CUM"|"300"|"TVI"|"NORTE"|"NORTE"|"NORESTE"|"NORESTE"|"NUEVO LEON"|"MONTERREY"|"CUMBRES"|"CUMBRES"|"Y"|"Y"|"IZZI"|"MONTERREY"|"MTY - SANTA CATARINA"|"NO IDENTIFICADA"
947|"2DFF4FBA51871BBD7501BDD759F3BD0C43A06094"|16|"LNC"|"300"|"TVI"|"NORTE"|"NORTE"|"NORESTE"|"NORESTE"|"NUEVO LEON"|"MONTERREY"|"LINCOLN"|"LINCOLN"|"Y"|"Y"|"IZZI"|"MONTERREY"|"MTY - SENDERO"|"NO IDENTIFICADA"
951|"502709EC65F34E91247CD3863112008480B669C5"|16|"SBA"|"300"|"TVI"|"NORTE"|"NORTE"|"NORESTE"|"NORESTE"|"NUEVO LEON"|"MONTERREY"|"SANTA BARBARA"|"SANTA BARBARA"|"Y"|"Y"|"IZZI"|"MONTERREY"|"MTY - SANTA CATARINA"|"NO IDENTIFICADA"
199|"0971898E51666AA6F8D376F134BF19D3C801E099"|7|"TC41"|"0"|"TELECABLE"|"SUR"|"NORTE"|"OCCIDENTE"|"OCCIDENTE"|"JALISCO"|"MANZANILLO"|"CIHUATLAN"|"CIHUATLAN"||"Y"|"WIZZ"||"MANZANILLO"|"NO IDENTIFICADA"
959|"481D32D3CE179389BB4D0D56BA273C2E1D5B67E9"|16|"GD"|"000"|"CABLEVISIÓN"|"METRO"|"METROSUR"|"METROPOLITANA"|"MXCENTRO"|"CIUDAD DE MEXICO"|"GARCIA DIEGO"|"METROPOLITANA"|"GARCIA DIEGO"|"Y"|"Y"|"IZZI"|"METROPOLITANA"|"GARCIA DIEGO"|"NO IDENTIFICADA"
668|"514A26563BF0B4ED927EFCB9BB397947AC7CA481"|5|"PON"|"424"|"TELECABLE"|"SUR"|"NORTE"|"OCCIDENTE"|"OCCIDENTE"|"JALISCO"|"PMO LA BARCA"|"PONCITLAN"|"PONCITLAN"||"Y"|"WIZZ"||"TEOCALTICHE"|"NO IDENTIFICADA"
2106|"787D41D9C35C57EF9E4ABA799BACEFAC312149A4"|30||"0"|"SKY"|"NORTE"|"NORTE"|"NORESTE"|"CENTRO"|"QUERETARO DE ARTEAGA"|"SKY - QUERETARO"|"SKY - QUERETARO"|"SKY - QUERETARO"|||||"SIN PLAZA WR"|"NO IDENTIFICADA"
2110|"787D41D9C35C57EF9E4ABA799BACEFAC312149A4"|30||"0"|"SKY"|"SUR"|"SUR"|"SURESTE"|"GOLFO"|"TLAXCALA"|"SKY - TLAXCALA"|"SKY - TLAXCALA"|"SKY - TLAXCALA"|||||"SIN PLAZA WR"|"NO IDENTIFICADA"
2114|"787D41D9C35C57EF9E4ABA799BACEFAC312149A4"|30||"0"|"SKY"|"NORTE"|"NORTE"|"PACIFICO"|"CENTRO"|"ZACATECAS"|"SKY - ZACATECAS"|"SKY - ZACATECAS"|"SKY - ZACATECAS"|||||"SIN PLAZA WR"|"NO IDENTIFICADA"
2118|"787D41D9C35C57EF9E4ABA799BACEFAC312149A4"|30||"0"|"SKY"|"SUR"|"SUR"|"SURESTE"|"SURESTE"|"QUINTANA ROO"|"SKY - QUINTANA ROO"|"SKY - QUINTANA ROO"|"SKY - QUINTANA ROO"|||||"SIN PLAZA WR"|"NO IDENTIFICADA"
2122|"787D41D9C35C57EF9E4ABA799BACEFAC312149A4"|30||"0"|"SKY"|"NORTE"|"SUR"|"NORESTE"|"GOLFO"|"TAMAULIPAS"|"SKY - TAMAULIPAS"|"SKY - TAMAULIPAS"|"SKY - TAMAULIPAS"|||||"SIN PLAZA WR"|"NO IDENTIFICADA"
2478||3|"1"|"759"|"SKY"|"SUR"|"INTERIOR"|"SURESTE"|"GOLFO"|"Veracruz de Ignacio de la Llave"|"HUB XALAPA"|"NO IDENTIFICADA"|"XALAPA"|"N"||"ND"|"OFFNET"|"SIN PLAZA WR"|"OFF NET"
2482||3|"1"|"759"|"SKY"|"NORTE"|"NORTE"|"NORESTE"|"NORESTE"|"Nuevo León"|"HUB MONTERREY"|"NO IDENTIFICADA"|"SANTIAGO"|"N"||"ND"|"OFFNET"|"SIN PLAZA WR"|"ON NET"
1109|"B529242D94F74FF43CF995F3CC37B679268C154C"|16|"JLP"|"537"|"CABLECOM"|"SUR"|"METROSUR"|"SURESTE"|"SURESTE"|"TABASCO"|"PMS CÁRDENAS"|"JALPA"|"JALPA"||"Y"|"WIZZ"|"JALPA"|"CARDENAS"|"NO IDENTIFICADA"
1061|"C096666029D2ABBD76706EA17AE11D186164B90F"|16|"TLX"|"564"|"CABLECOM"|"SUR"|"METROSUR"|"SURESTE"|"GOLFO"|"TLAXCALA"|"TLAXCALA"|"TEOLOCHOLCO"|"TEOLOCHOLCO"||"Y"|"IZZI"|"TEOLOCHOLCO"|"TLAXCALA"|"NO IDENTIFICADA"
1065|"CD12EC0BA8499826A96FF413C8BAA2D720CFEA36"|16|"MAD"|"444"|"TELECABLE"|"NORTE"|"NORTE"|"NORESTE"|"CENTRO"|"GUANAJUATO"|"PMC SAN FCO DEL RINCÓN"|"MANUEL DOBLADO"|"MANUEL DOBLADO"||"Y"|"WIZZ"|"MANUEL DOBLADO"|"MOROLEON"|"NO IDENTIFICADA"
1042|"5C8086E0AB3AEC496D8433ABC8F2ACB78E693DE7"|16|"IG"|"016"|"CABLEMAS"|"SUR"|"NORTE"|"OCCIDENTE"|"OCCIDENTE"|"GUERRERO"|"PMO IGUALA"|"IGUALA"|"IGUALA"|"N"|"Y"|"WIZZ"|"IGUALA"|"IGUALA"|"NO IDENTIFICADA"
1077|"7B8EA71ACCD92F0116B819B496E66740AE592AA2"|16|"AME"|"427"|"TELECABLE"|"NORTE"|"NORTE"|"NORESTE"|"CENTRO"|"QUERETARO"|"SAN JUAN DEL RIO"|"AMEALCO"|"AMEALCO"||"Y"|"WIZZ"|"AMEALCO"|"SAN JUAN DEL RIO"|"NO IDENTIFICADA"
1081|"0FBCFD18376D8A0727E955E4D83F64FE69956E4C"|16|"ACP"|"415"|"TELECABLE"|"NORTE"|"NORTE"|"PACIFICO"|"CENTRO"|"NAYARIT"|"PMC SANTIAGO"|"ACAPONETA"|"ACAPONETA"||"Y"|"WIZZ"|"ACAPONETA"|"SANTIAGO"|"NO IDENTIFICADA"
1085|"24BAF5809D7418FBBEFCB2C57330B4DD8592CEE5"|16|"TCU"|"416"|"TELECABLE"|"NORTE"|"NORTE"|"PACIFICO"|"CENTRO"|"NAYARIT"|"PMC SANTIAGO"|"TECUALA"|"TECUALA"||"Y"|"WIZZ"|"TECUALA"|"SANTIAGO"|"NO IDENTIFICADA"
213|"E2A5EBCDF2A0EEA3EA4329E6E16069515F0144C5"|2|"46"|"046"|"CABLEMAS"|"SUR"|"NORTE"|"OCCIDENTE"|"OCCIDENTE"|"GUERRERO"|"CHILPANCINGO"|"CHILPANCINGO"|"CHILPANCINGO"||"Y"|||"CHILPANCINGO"|"NO IDENTIFICADA"
2132|"787D41D9C35C57EF9E4ABA799BACEFAC312149A4"|30||"0"|"SKY"|"SUR"|"SUR"|"OCCIDENTE"|"OCCIDENTE"|"GUERRERO"|"SKY - GUERRERO"|"SKY - GUERRERO"|"SKY - GUERRERO"|||||"SIN PLAZA WR"|"NO IDENTIFICADA"
1097|"D6A63B8AE83EF895D656400AAA3784DDA74FF927"|16|"YUR"|"561"|"CABLEMAS"|"NORTE"|"NORTE"|"NORESTE"|"CENTRO"|"GUANAJUATO"|"PMC MOROLEON"|"YURIRIA"|"YURIRIA"||"Y"|"WIZZ"|"YURIRIA"|"MOROLEON"|"NO IDENTIFICADA"
1101|"3CA82E4C62DCB989341D8E46B398AB0F50E3A306"|16|"ATX"|"571"|"CABLEMAS"|"SUR"|"METROSUR"|"SURESTE"|"GOLFO"|"PUEBLA"|"PMG ATLIXCO"|"ATLIXCO"|"ATLIXCO"||"Y"|"WIZZ"|"ATLIXCO"|"IGUALA"|"NO IDENTIFICADA"
1105|"009A44B55CE7943047222ECA29219785D8515041"|16|"ACY"|"608"|"CABLECOM"|"SUR"|"METROSUR"|"SURESTE"|"SURESTE"|"VERACRUZ"|"PMS ACAYUCAN"|"ACAYUCAN"|"ACAYUCAN"||"Y"|"WIZZ"|"ACAYUCAN"|"VERACRUZ"|"NO IDENTIFICADA"
981|"7696BECA3EDE8329F3CD031FFDB0BEF07CF93A0E"|16|"IX"|"089"|"CABLEMAS"|"METRO"|"METROSUR"|"METROPOLITANA"|"MXSUR"|"MEXICO"|"IXTAPALUCA"|"IXTAPALUCA"|"IXTAPALUCA LOS REYES"|"Y"|"N"|"IZZI"|"XICO"|"IXTAPALUCA"|"NO IDENTIFICADA"
985|"657F31AF35BF06FFB1764576B4DF51D9F7EA2A49"|16|"CIV"|"303"|"CABLECOM"|"NORTE"|"METROSUR"|"NORESTE"|"GOLFO"|"TAMAULIPAS"|"VICTORIA"|"CD. VICTORIA"|"CD. VICTORIA"|"Y"|"Y"|"IZZI"|"VICTORIA"|"CD. VICTORIA"|"NO IDENTIFICADA"
2127|"787D41D9C35C57EF9E4ABA799BACEFAC312149A4"|30||"0"|"SKY"|"SUR"|"SUR"|"SURESTE"|"SURESTE"|"CHIAPAS"|"SKY - CHIAPAS"|"SKY - CHIAPAS"|"SKY - CHIAPAS"|||||"SIN PLAZA WR"|"NO IDENTIFICADA"
2131|"787D41D9C35C57EF9E4ABA799BACEFAC312149A4"|30||"0"|"SKY"|"NORTE"|"NORTE"|"PACIFICO"|"PACIFICO"|"BAJA CALIFORNIA"|"SKY - BAJA CALIFORNIA"|"SKY - BAJA CALIFORNIA"|"SKY - BAJA CALIFORNIA"|||||"SIN PLAZA WR"|"NO IDENTIFICADA"
2135|"787D41D9C35C57EF9E4ABA799BACEFAC312149A4"|30||"0"|"SKY"|"METRO"|"METRO"|"NO IDENTIFICADA"|"NO IDENTIFICADA"|"DISTRITO FEDERAL"|"SKY - CIUDAD DE MEXICO"|"SKY - CIUDAD DE MEXICO"|"SKY - CIUDAD DE MEXICO"|||||"SIN PLAZA WR"|"NO IDENTIFICADA"
2139|"787D41D9C35C57EF9E4ABA799BACEFAC312149A4"|30||"0"|"SKY"|"GUATEMALA"|"GUATEMALA"|"GUATEMALA"|"GUATEMALA"|"GUATEMALA"|"SKY - GUATEMALA"|"SKY - GUATEMALA"|"SKY - GUATEMALA"|||||"SIN PLAZA WR"|"NO IDENTIFICADA"
2143|"787D41D9C35C57EF9E4ABA799BACEFAC312149A4"|30||"0"|"SKY"|"COSTA RICA"|"COSTA RICA"|"COSTA RICA"|"COSTA RICA"|"COSTA RICA"|"SKY - COSTA RICA"|"SKY - COSTA RICA"|"SKY - COSTA RICA"|||||"SIN PLAZA WR"|"NO IDENTIFICADA"
501|"C5E65C7C2B7298FE2278F7DA783A65C33EF4E5F8"|3|"NUL"|"418"|"TELECABLE"|"NORTE"|"NORTE"|"NORESTE"|"NORESTE"|"TAMAULIPAS"|"NUEVO LAREDO"|"NUEVO LAREDO"|"NUEVO LAREDO"|"Y"|"Y"|"IZZI"|"NUEVO LAREDO"|"NUEVO LAREDO"|"ON NET"
509|"670A81D2571B87DCD00694B6E70A92544CCEA137"|3|"COR"|"603"|"CABLECOM"|"SUR"|"INTERIOR"|"SURESTE"|"GOLFO"|"VERACRUZ"|"CORDOBA"|"CORDOBA"|"CORDOBA"|"Y"|"Y"|"IZZI"|"CORDOBA"|"CORDOBA"|"ON NET"
517|"E510D9982CF3003EA73644CB84AAE1BD9535FB1A"|3|"IXT"|"582"|"CABLEMAS"|"METRO"|"METRO"|"METROPOLITANA"|"MXSUR"|"MEXICO"|"IXTAPALUCA"|"IXTAPALUCA"|"CHALCO"|"Y"|"Y"|"IZZI"|"CHALCO"|"IXTAPALUCA"|"ON NET"
525|"BF7AA059D13B88D0FDEE4D191ACD8A2EC834832C"|3|"MEO"|"578"|"CABLEMAS"|"METRO"|"METRO"|"METROPOLITANA"|"MXNORTE"|"MEXICO"|"MELCHOR OCAMPO"|"MELCHOR"|"COACALCO"|"Y"|"N"|"IZZI"|"COACALCO"|"MELCHOR OCAMPO"|"NO IDENTIFICADA"
533|"F7CBFC414A5780083CC5D3C2AF90EBD849DAB0F4"|3|"MEO"|"593"|"CABLEMAS"|"METRO"|"METRO"|"METROPOLITANA"|"MXNORTE"|"MEXICO"|"MELCHOR OCAMPO"|"MELCHOR"|"MOCUAUTITLAN"|"Y"|"Y"|"IZZI"|"CUAUTITLAN"|"MELCHOR OCAMPO"|"NO IDENTIFICADA"
541|"FD552AB8BA5DF1D49710F43EB27FC68806BDDCC1"|3|"ALT"|"432"|"TELECABLE"|"NORTE"|"INTERIOR"|"NORESTE"|"GOLFO"|"TAMAULIPAS"|"ALTAMIRA"|"ALTAMIRA"|"ALTAMIRA"|"Y"|"Y"|"IZZI"|"ALTAMIRA"|"ALTAMIRA"|"NO IDENTIFICADA"
549|"71E0E5163EC9D02B12E7979E315388B97EFBCE8B"|3|"COR"|"606"|"CABLECOM"|"SUR"|"INTERIOR"|"SURESTE"|"GOLFO"|"VERACRUZ"|"CORDOBA"|"CORDOBA"|"FORTIN"|"Y"|"Y"|"IZZI"|"FORTIN DE LAS FLORES"|"CORDOBA"|"NO IDENTIFICADA"
557|"1C9ED4A3C67E2DC28715C1C2A343958AC1BE2290"|3|"CM"|"083"|"CABLEMAS"|"METRO"|"METRO"|"METROPOLITANA"|"MXSUR"|"MEXICO"|"CHIMALHUACAN"|"CHIMALHUACAN"|"CHIMALHUACAN"|"Y"|"Y"|"IZZI"|"CHIMALHUACAN"|"CHIMALHUACAN"|"ON NET"
565|"2671C8FD8E5159DBB3F991F1278115E01DE33C27"|3|"ECA"|"579"|"CABLEMAS"|"METRO"|"METRO"|"METROPOLITANA"|"MXNORTE"|"MEXICO"|"ECATEPEC"|"ECATEPEC"|"ECATEPEC"|"Y"|"Y"|"IZZI"|"ECATEPEC"|"ECATEPEC"|"ON NET"
595|"E3DBE7FE2C5376F1B04D5F877801D77A7DD9C214"|3|"QRO"|"596"|"CABLECOM"|"NORTE"|"INTERIOR"|"NORESTE"|"CENTRO"|"QUERETARO"|"QUERETARO"|"QUERETARO"|"QUERETARO"|"Y"|"Y"|"IZZI"|"QUERETARO"|"QUERETARO"|"ON NET"
603|"08485379CF82B9AFF6988C618843CEB193044470"|3|"CL"|"032"|"CABLEMAS"|"SUR"|"INTERIOR"|"SURESTE"|"SURESTE"|"QUINTANA ROO"|"CHETUMAL"|"CHETUMAL"|"CHETUMAL"|"Y"|"Y"|"IZZI"|"CHETUMAL"|"CHETUMAL"|"ON NET"
621|"0901C00EF597F62371C0AC1D26B958F9DB2B7F2A"|3|"AD"|"072"|"CABLEMAS"|"SUR"|"INTERIOR"|"SURESTE"|"SURESTE"|"VERACRUZ"|"PMS ACAYUCAN"|"AGUA DULCE"|"AGUA DULCE"|"N"|"Y"|"WIZZ"|"AGUA DULCE"|"VERACRUZ"|"OFF NET"
2304||3|"1"|"759"|"SKY"|"NORTE"|"INTERIOR"|"NORESTE"|"CENTRO"|"Querétaro"|"HUB SAN JUAN DEL RIO"|"NO IDENTIFICADA"|"AMEALCO DE BONFIL"|"N"||"ND"|"OFFNET"|"SIN PLAZA WR"|"OFF NET"
2289||3|"1"|"759"|"SKY"|"SUR"|"INTERIOR"|"OCCIDENTE"|"OCCIDENTE"|"Jalisco"|"HUB COLOTLAN"|"NO IDENTIFICADA"|"MEZQUITIC"|"N"||"ND"|"OFFNET"|"SIN PLAZA WR"|"OFF RED"
2312||3|"1"|"759"|"SKY"|"NORTE"|"NORTE"|"NORESTE"|"NORESTE"|"Nuevo León"|"HUB MONTERREY"|"NO IDENTIFICADA"|"MINA"|"N"||"ND"|"OFFNET"|"SIN PLAZA WR"|"OFF NET"
2316||3|"1"|"759"|"SKY"|"SUR"|"INTERIOR"|"SURESTE"|"SURESTE"|"Yucatán"|"HUB IZAMAL"|"NO IDENTIFICADA"|"SUDZAL"|"N"||"ND"|"OFFNET"|"SIN PLAZA WR"|"OFF NET"
627|"925E731EDA9FB5C4A3FB1C4547138D307A81755B"|3|"OC"|"023"|"CABLEMAS"|"SUR"|"INTERIOR"|"OCCIDENTE"|"OCCIDENTE"|"JALISCO"|"OCOTLAN"|"OCOTLAN"|"OCOTLAN"|"N"|"Y"|"WIZZ"|"OCOTLAN"|"OCOTLAN"|"ON NET"
2324||3|"1"|"759"|"SKY"|"NORTE"|"NORTE"|"NORESTE"|"NORESTE"|"Nuevo León"|"HUB GENERAL TERAN"|"NO IDENTIFICADA"|"GENERAL TERAN"|"N"||"ND"|"OFFNET"|"SIN PLAZA WR"|"OFF NET"
2328||3|"1"|"759"|"SKY"|"NORTE"|"INTERIOR"|"PACIFICO"|"CENTRO"|"Durango"|"HUB GOMEZ PALACIO"|"NO IDENTIFICADA"|"GOMEZ PALACIO"|"N"||"ND"|"OFFNET"|"SIN PLAZA WR"|"OFF NET"
1380|"0BF4F5B55741090FD363A6FCA5A5016864E496D5"|3|"GDL"|"453"|"TELECABLE"|"SUR"|"INTERIOR"|"OCCIDENTE"|"OCCIDENTE"|"JALISCO"|"GUADALAJARA"|"GUADALAJARA"|"GUADALAJARA"||"Y"|"IZZI"|"GUADALAJARA"|"SIN PLAZA WR"|"NO IDENTIFICADA"
1422|"4B1822B6CCF83C0839A3F844A25609280391BBE1"|3|"GDLR"|"453"|"TELECABLE"|"SUR"|"INTERIOR"|"OCCIDENTE"|"OCCIDENTE"|"JALISCO"|"GUADALAJARA"|"GUADALAJARA"|"GUADALAJARA"||"Y"|"IZZI"|"GUADALAJARA"|"SIN PLAZA WR"|"NO IDENTIFICADA"
761|"5EC5AA61AF33778C4A86076FC832585987D342B3"|3|"COS"|"609"|"CABLECOM"|"SUR"|"INTERIOR"|"SURESTE"|"GOLFO"|"VERACRUZ"|"PMS VERACRUZ"|"COSCOMATEPEC"|"COSCOMATEPEC"||"Y"|"WIZZ"|"COSCOMATEPEC"|"VERACRUZ"|"NO IDENTIFICADA"
769|"5270376B9F9E8319652206594512E24F684089A8"|3|"CHI"|"570"|"CABLECOM"|"SUR"|"INTERIOR"|"SURESTE"|"GOLFO"|"PUEBLA"|"PMG ATLIXCO"|"CHIETLA"|"CHIETLA"||"Y"|"WIZZ"|"CHIETLA"|"IGUALA"|"OFF NET"
631|"F32B80756C6622302E0DE5A757BB8C710DC2C146"|3|"TLA"|"026"|"CABLEMAS"|"METRO"|"METRO"|"METROPOLITANA"|"MXNORTE"|"HIDALGO"|"PMM TULA"|"TULA"|"TULA"|"N"|"Y"|"WIZZ"|"TULA"|"TULA"|"NO IDENTIFICADA"
637|"63AFD7E492A8F137CFDB3E53F9FFEDA9F552028E"|3|"LIN"|"307"|"TVI"|"NORTE"|"NORTE"|"NORESTE"|"NORESTE"|"NUEVO LEON"|"PMN LINARES"|"LINARES"|"LINARES"|"N"|"Y"|"WIZZ"|"LINARES MONTEMORELOS"|"LINARES"|"ON NET"
645|"49D5C78BE34386215764AF2634A47F5CA21728D3"|3|"RBR"|"308"|"TVI"|"NORTE"|"INTERIOR"|"NORESTE"|"GOLFO"|"TAMAULIPAS"|"MATAMOROS"|"RIO BRAVO"|"RIO BRAVO"|"Y"|"Y"|"WIZZ"|"RIO BRAVO"|"MATAMOROS"|"OFF NET"
653|"84E6445B1D8BBC48B90017057A78F0E6CA1C2D50"|3|"TLX"|"563"|"CABLECOM"|"SUR"|"INTERIOR"|"SURESTE"|"GOLFO"|"TLAXCALA"|"TLAXCALA"|"TLAXCALA"|"TLAXCALA"||"Y"|"IZZI"|"TLAXCALA"|"TLAXCALA"|"ON NET"
319|"B10685514A2AE5F8506D89B6B739F1FEFB8A2EC7"|3|"PL"|"000"|"CABLEVISIÓN"|"METRO"|"METRO"|"METROPOLITANA"|"MXNORTE"|"CIUDAD DE MEXICO"|"POLANCO"|"METROPOLITANA"|"POLANCO"|"Y"|"Y"|"IZZI"|"METROPOLITANA"|"POLANCO"|"NO IDENTIFICADA"
329|"3413195AC0DC51911FC3514B6AF09A83173EF545"|3|"VO"|"000"|"CABLEVISIÓN"|"METRO"|"METRO"|"METROPOLITANA"|"MXNORTE"|"CIUDAD DE MEXICO"|"VALLEJO"|"METROPOLITANA"|"VALLEJO"|"Y"|"Y"|"IZZI"|"METROPOLITANA"|"VALLEJO"|"NO IDENTIFICADA"
337|"2FA632632B33CBE6AA0DD5D3D61E50F1E6746A60"|3|"TJ"|"011"|"CABLEMAS"|"NORTE"|"NORTE"|"PACIFICO"|"PACIFICO"|"BAJA CALIFORNIA"|"TIJUANA"|"TIJUANA"|"TIJUANA"|"Y"|"Y"|"IZZI"|"TIJUANA"|"TIJUANA"|"ON NET"
345|"080D2013D365194E8228EF6D1B47924B65822AE8"|3|"CH"|"051"|"CABLEMAS"|"NORTE"|"NORTE"|"PACIFICO"|"PACIFICO"|"CHIHUAHUA"|"CHIHUAHUA"|"CHIHUAHUA"|"CHIHUAHUA"|"Y"|"Y"|"IZZI"|"CHIHUAHUA"|"CHIHUAHUA"|"ON NET"
7|"6E3945F69D5112D27872F4060419BD6947EF27BF"|3|"-1"|"0"|"CABLEMAS"|"NO IDENTIFICADA"|"NO IDENTIFICADA"|"NO IDENTIFICADA"|"NO IDENTIFICADA"|"ND"|"NO IDENTIFICADA"|"NO IDENTIFICADA"|"NO IDENTIFICADA"|"N"|"N"|"ND"|"Sin RPT"|"ND"|"NO IDENTIFICADA"
2000|"A69CEE5054FFAC88FB7CD5D8E976186BD24F11BD"|3|"CHO"|"615"|"CABLECOM"|"SUR"|"INTERIOR"|"SURESTE"|"GOLFO"|"PUEBLA"|"CHOLULA"|"CHOLULA"|"CHOLULA"|||"IZZI"|"CHOLULA"|"SIN PLAZA WR"|"NO IDENTIFICADA"
667|"A146EF27C4F6D56B4B7DCB3FE6DA5D1D2DBF9E4E"|3|"PON"|"424"|"TELECABLE"|"SUR"|"INTERIOR"|"OCCIDENTE"|"OCCIDENTE"|"JALISCO"|"PMO LA BARCA"|"PONCITLAN"|"PONCITLAN"||"Y"|"WIZZ"|"PONCITLAN"|"TEOCALTICHE"|"OFF NET"
671|"B1A44604D2EC833A9FC90566DE13396A09AB534C"|3|"AMC"|"404"|"TELECABLE"|"SUR"|"INTERIOR"|"OCCIDENTE"|"OCCIDENTE"|"JALISCO"|"PMO TEQUILA"|"AMECA"|"AMECA"||"Y"|"WIZZ"|"AMECA"|"TEPATITLAN"|"ON NET"
673|"4C645AAB6DE6FC28618FD5D844133FF7CD462E2B"|3|"ETZ"|"450"|"TELECABLE"|"SUR"|"INTERIOR"|"OCCIDENTE"|"OCCIDENTE"|"JALISCO"|"PMO TEQUILA"|"ETZATLAN"|"ETZATLAN"||"Y"|"WIZZ"|"ETZATLAN"|"TEPATITLAN"|"OFF NET"
323|"8C231388E08FA60B6F5E4C238E4DE1FB5F67D25D"|3|"ST"|"000"|"CABLEVISIÓN"|"METRO"|"METRO"|"METROPOLITANA"|"MXNORTE"|"MEXICO"|"SATELITE"|"METROPOLITANA"|"SATELITE"|"Y"|"Y"|"IZZI"|"METROPOLITANA"|"SATELITE"|"NO IDENTIFICADA"
657|"0E9ED2176B6FA3BCF6940BEF1CE39BBFD9CA8629"|3|"MON"|"437"|"TELECABLE"|"NORTE"|"INTERIOR"|"NORESTE"|"CENTRO"|"GUANAJUATO"|"PMC MOROLEON"|"MOROLEON"|"MOROLEON"||"Y"|"WIZZ"|"MOROLEON"|"MOROLEON"|"ON NET"
661|"870319C2E60E7EF1143CA569F21C3E3B7FF13242"|3|"SFR"|"422"|"TELECABLE"|"NORTE"|"INTERIOR"|"NORESTE"|"CENTRO"|"GUANAJUATO"|"PMC SAN FCO DEL RINCÓN"|"SAN FRANCISCO DEL RINCON"|"SAN FRANCISCO DEL RINCON"||"Y"|"WIZZ"|"SAN FRANCISCO DEL RINCON"|"MOROLEON"|"ON NET"
677|"7FA8BCF3188E299BE40C8C5661BDD5C74C9187C6"|3|"AME"|"427"|"TELECABLE"|"NORTE"|"INTERIOR"|"NORESTE"|"CENTRO"|"QUERETARO"|"SAN JUAN DEL RIO"|"AMEALCO"|"AMEALCO"||"Y"|"WIZZ"|"AMEALCO"|"SAN JUAN DEL RIO"|"NO IDENTIFICADA"
2742||3|"1"|"759"|"SKY"|"METRO"|"METRO"|"METROPOLITANA"|"MXNORTE"|"México"|"HUB TOLUCA"|"NO IDENTIFICADA"|"SAN ANTONIO"|"N"||"ND"|"OFFNET"|"SIN PLAZA WR"|"ON NET"
2653||3|"1"|"759"|"SKY"|"SUR"|"INTERIOR"|"OCCIDENTE"|"OCCIDENTE"|"Michoacán de Ocampo"|"HUB TACAMBARO"|"NO IDENTIFICADA"|"MUGICA"|"N"||"ND"|"OFFNET"|"SIN PLAZA WR"|"OFF NET"
483|"878F08A8673D47C00193A197B67B2B7C628E4C1F"|3|"SAS"|"301"|"CABLECOM"|"NORTE"|"NORTE"|"NORESTE"|"NORESTE"|"COAHUILA"|"COAHUILA"|"SALTILLO"|"SALTILLO"|"Y"|"N"|"IZZI"|"SALTILLO"|"SALTILLO"|"ON NET"
491|"FAC051F48842D571B8EFAAD5F75CBBCCA52BCE8F"|3|"IX"|"081"|"CABLEMAS"|"METRO"|"METRO"|"METROPOLITANA"|"MXSUR"|"MEXICO"|"IXTAPALUCA"|"IXTAPALUCA"|"IXTAPALUCA LOS REYES"|"Y"|"Y"|"IZZI"|"IXTAPALUCA"|"IXTAPALUCA"|"ON NET"
577|"7994D9E69C1F9BC6D5770033289F928FFC0E6287"|3|"SLP"|"572"|"CABLECOM"|"NORTE"|"INTERIOR"|"NORESTE"|"GOLFO"|"SAN LUIS POTOSI"|"SAN LUIS POTOSI"|"SAN LUIS POTOSI"|"SAN LUIS POTOSI"|"Y"|"Y"|"IZZI"|"SAN LUIS POTOSI"|"SAN LUIS POTOSI"|"ON NET"
585|"883725CC3033440EB73D125215C61086AE58A945"|3|"PAC"|"601"|"CABLECOM"|"METRO"|"METRO"|"METROPOLITANA"|"MXNORTE"|"HIDALGO"|"PACHUCA"|"PACHUCA"|"PACHUCA"|"Y"|"Y"|"IZZI"|"PACHUCA"|"PACHUCA"|"ON NET"
593|"91B1D0EF6CE371548D2E08EBE95C59BFD968F0D1"|3|"VHA"|"531"|"CABLECOM"|"SUR"|"INTERIOR"|"SURESTE"|"SURESTE"|"TABASCO"|"VILLAHERMOSA"|"VILLA HERMOSA"|"VILLAHERMOSA"|"Y"|"Y"|"IZZI"|"VILLAHERMOSA"|"VILLA HERMOSA"|"NO IDENTIFICADA"
820|"6B23F7FF7CC118B89A031F4CB0006F6452FB2E8A"|3|"CAT"|"607"|"CABLECOM"|"SUR"|"INTERIOR"|"SURESTE"|"SURESTE"|"VERACRUZ"|"PMS LOS TUXTLAS"|"CATEMACO"|"CATEMACO"||"Y"|"WIZZ"|"CATEMACO"|"VERACRUZ"|"NO IDENTIFICADA"
745|"8F950876A3E232183E08055D215505E82A2F1258"|3|"FRE"|"599"|"CABLECOM"|"NORTE"|"INTERIOR"|"PACIFICO"|"CENTRO"|"ZACATECAS"|"PMC FRESNILLO"|"FRESNILLO"|"FRESNILLO"||"Y"|"WIZZ"|"FRESNILLO"|"FRESNILLO"|"ON NET"
755|"DEF6E85DC99BF45F88EE3E38862EC6167C395944"|3|"ACA"|"558"|"CABLEMAS"|"NORTE"|"INTERIOR"|"NORESTE"|"CENTRO"|"GUANAJUATO"|"PMC MOROLEON"|"ACAMBARO"|"ACAMBARO"||"Y"|"WIZZ"|"ACAMBARO"|"MOROLEON"|"OFF NET"
2224||3|"1"|"759"|"SKY"|"SUR"|"INTERIOR"|"SURESTE"|"SURESTE"|"Yucatán"|"HUB TEKAX"|"NO IDENTIFICADA"|"TEABO"|"N"||"ND"|"OFFNET"|"SIN PLAZA WR"|"OFF NET"
2228||3|"1"|"759"|"SKY"|"SUR"|"INTERIOR"|"SURESTE"|"GOLFO"|"Veracruz de Ignacio de la Llave"|"HUB SAN ANDRES TUXTLA"|"NO IDENTIFICADA"|"SANTIAGO SOCHIAPAN"|"N"||"ND"|"OFFNET"|"SIN PLAZA WR"|"OFF RED"
2232||3|"1"|"759"|"SKY"|"SUR"|"INTERIOR"|"SURESTE"|"SURESTE"|"Quintana Roo"|"HUB CANCUN"|"NO IDENTIFICADA"|"LAZARO CARDENAS QROO"|"N"||"ND"|"OFFNET"|"SIN PLAZA WR"|"OFF RED"
2236||3|"1"|"759"|"SKY"|"NORTE"|"INTERIOR"|"NORESTE"|"GOLFO"|"Tamaulipas"|"HUB TAMPICO"|"NO IDENTIFICADA"|"GONZALEZ"|"N"||"ND"|"OFFNET"|"SIN PLAZA WR"|"OFF NET"
2240||3|"1"|"759"|"SKY"|"NORTE"|"INTERIOR"|"NORESTE"|"CENTRO"|"Guanajuato"|"HUB LEON"|"NO IDENTIFICADA"|"LEON"|"N"||"ND"|"OFFNET"|"SIN PLAZA WR"|"OFF NET"
609|"342DD5F0F3846AA20BE570269B45DC0CEAA776ED"|3|"END"|"095"|"CABLEMAS"|"SUR"|"INTERIOR"|"OCCIDENTE"|"CENTRO"|"JALISCO"|"PMC TEOCALTICHE"|"ENCARNACION DE DIAZ"|"ENCARNACION DE DIAZ"|"N"|"Y"|"WIZZ"|"ENCARNACION DE DIAZ"|"TEOCALTICHE"|"OFF NET"
2252||3|"1"|"759"|"SKY"|"METRO"|"METRO"|"METROPOLITANA"|"MXNORTE"|"México"|"HUB TOLUCA"|"NO IDENTIFICADA"|"TEMOAYA"|"N"||"ND"|"OFFNET"|"SIN PLAZA WR"|"OFF NET"
2256||3|"1"|"759"|"SKY"|"NORTE"|"INTERIOR"|"PACIFICO"|"CENTRO"|"Zacatecas"|"HUB NOCHISTLAN"|"NO IDENTIFICADA"|"NOCHISTLAN"|"N"||"ND"|"OFFNET"|"SIN PLAZA WR"|"ON NET"
2260||3|"1"|"759"|"SKY"|"NORTE"|"INTERIOR"|"PACIFICO"|"CENTRO"|"Durango"|"HUB DURANGO"|"NO IDENTIFICADA"|"MEZQUITAL"|"N"||"ND"|"OFFNET"|"SIN PLAZA WR"|"OFF RED"
2264||3|"1"|"759"|"SKY"|"SUR"|"INTERIOR"|"SURESTE"|"GOLFO"|"Veracruz de Ignacio de la Llave"|"HUB POZA RICA"|"NO IDENTIFICADA"|"CHICONTEPEC"|"N"||"ND"|"OFFNET"|"SIN PLAZA WR"|"OFF RED"
992|"F6979F9289C6F3E140A21B5ECF2CA47C2355FC1D"|16|"IXT"|"582"|"CABLEMAS"|"METRO"|"METROSUR"|"METROPOLITANA"|"MXSUR"|"MEXICO"|"IXTAPALUCA"|"IXTAPALUCA"|"CHALCO"|"Y"|"Y"|"IZZI"|"CHALCO"|"IXTAPALUCA"|"NO IDENTIFICADA"
996|"1575A043A69B31915ABC5D0BFEDE6E912164B0CA"|16|"MEO"|"578"|"CABLEMAS"|"METRO"|"METROSUR"|"METROPOLITANA"|"MXNORTE"|"MEXICO"|"MELCHOR OCAMPO"|"MELCHOR"|"COACALCO"|"Y"|"N"|"IZZI"|"COACALCO"|"MELCHOR OCAMPO"|"NO IDENTIFICADA"
1661|"4198F162CAC441022419DA0D4ABCA8320D349AFC"|5|"TLJR"|"453"|"TELECABLE"|"SUR"|"NORTE"|"OCCIDENTE"|"OCCIDENTE"|"JALISCO"|"GUADALAJARA"|"TLAJOMULCO"|"TLAJOMULCO"|||"IZZI"|"TLAJOMULCO"|"TLAJOMULCO"|"NO IDENTIFICADA"
860|"D7B8C8986628C1D7387BDDCCB58FF4909AED14CE"|3|"MAER"|"300"|"TVI"|"NORTE"|"NORTE"|"NORESTE"|"NORESTE"|"NUEVO LEON"|"MONTERREY"|"MTY AEROPUERTO"|"AEROPUERTO"||"Y"|"IZZI"|"MONTERREY"|"MTY AEROPUERTO"|"NO IDENTIFICADA"
1680|"C99A8E3AA2A01D570DDC503B54851FC7772426CE"|3|"MER"|"031"|"CABLEMAS"|"SUR"|"INTERIOR"|"SURESTE"|"SURESTE"|"YUCATAN"|"MERIDA"|"MERIDA"|"MERIDA"|"Y"|"Y"|"IZZI"|"MERIDA"|"MERIDA"|"NO IDENTIFICADA"
1960|"4936597A603CF15DE031C9DF560D61F1CC436CC8"|3|"SLA"|"455"|"TELECABLE"|"NORTE"|"INTERIOR"|"NORESTE"|"CENTRO"|"GUANAJUATO"|"SALAMANCA"|"SALAMANCA"|"SALAMANCA"||"Y"|"IZZI"|"SALAMANCA"|"SIN PLAZA WR"|"NO IDENTIFICADA"
1460|"8550C7D15E9E9B9B464229C91EE6BDD269322579"|3|"ABR"|"000"|"CABLEVISIÓN"|"METRO"|"METRO"|"METROPOLITANA"|"MXNORTE"|"MEXICO"|"ARBOLEDAS"|"METROPOLITANA"|"ARBOLEDAS"||"Y"|"IZZI"|"METROPOLITANA"|"SIN PLAZA WR"|"NO IDENTIFICADA"
1560|"60A0C0B7D72F378965CCED8BF4680D3CCEBD48B7"|3|"DGO"|"612"|"CABLECOM"|"NORTE"|"INTERIOR"|"PACIFICO"|"CENTRO"|"DURANGO"|"DURANGO"|"DURANGO"|"DURANGO"|"Y"|"Y"|"IZZI"|"DURANGO"|"DURANGO"|"NO IDENTIFICADA"
1566|"E294A09EC647268DEBCB5729C435C7013EEC9322"|3|"TLJ"|"453"|"TELECABLE"|"SUR"|"INTERIOR"|"OCCIDENTE"|"OCCIDENTE"|"JALISCO"|"GUADALAJARA"|"TLAJOMULCO"|"TLAJOMULCO"||"Y"|"IZZI"|"GUADALAJARA"|"TLAJOMULCO"|"NO IDENTIFICADA"
1666|"A7EE57393137D7A986AE0DBCAA21D7BC9291C9B0"|3|"ZNR"|"400"|"TELECABLE"|"SUR"|"INTERIOR"|"OCCIDENTE"|"OCCIDENTE"|"JALISCO"|"ZAPOPAN"|"ZAPOPAN"|"ZAPOPAN"|"Y"|"Y"|"IZZI"|"ZAPOPAN"|"ZAPOPAN"|"NO IDENTIFICADA"
2020|"8D4D8C275C7B09DF8814A030EBCE0C1575BFD4E8"|3|"TAL"|"456"|"TELECABLE"|"SUR"|"INTERIOR"|"OCCIDENTE"|"OCCIDENTE"|"JALISCO"|"ZAPOPAN"|"TALA"|"TALA"||"Y"|"IZZI"|"TALA"|"SIN PLAZA WR"|"NO IDENTIFICADA"
1728|"9731B4629AC8A79955C6A030F66B54355C855583"|16|"TLQR"|"453"|"TELECABLE"|"SUR"|"NORTE"|"OCCIDENTE"|"OCCIDENTE"|"JALISCO"|"GUADALAJARA"|"TLAQUEPAQUE"|"TLAQUEPAQUE"|"Y"|"Y"|"IZZI"|"TLAQUEPAQUE"|"SIN PLAZA WR"|"NO IDENTIFICADA"
868|"E0872608E2D187686B4B139B8E1A1CDD3586300F"|3|"MSER"|"300"|"TVI"|"NORTE"|"NORTE"|"NORESTE"|"NORESTE"|"NUEVO LEON"|"MONTERREY"|"MTY SURESTE"|"SURESTE"||"Y"|"IZZI"|"MONTERREY"|"MTY SURESTE"|"NO IDENTIFICADA"
1722|"C9432156B8B55AE35DA7FC5538DCBCE0F2D1D7E6"|16|"TNLR"|"453"|"TELECABLE"|"SUR"|"NORTE"|"OCCIDENTE"|"OCCIDENTE"|"JALISCO"|"GUADALAJARA"|"TONALA"|"TONALA"|"Y"|"Y"|"IZZI"|"TONALA"|"SIN PLAZA WR"|"NO IDENTIFICADA"
1825|"0A940282C2DB4711C34E28EB63DA5B952161196E"|16|"TUR"|"39"|"CABLEMAS"|"SUR"|"METROSUR"|"SURESTE"|"SURESTE"|"QUINTANA ROO"|"PMS RIVIERA MAYA"|"TULUM"|"TULUM"|"Y"|"Y"|"IZZI"|"TULUM"|"RIVIERA MAYA"|"NO IDENTIFICADA"
1942|"5A8DE2DE1BC417BEB42ABD104AE73FFE98C6F15E"|16|"SLR"|"097"|"CABLEMAS"|"NORTE"|"NORTE"|"PACIFICO"|"PACIFICO"|"SONORA"|"SAN LUIS RIO COLORADO"|"SAN LUIS RIO COLORADO"|"SAN LUIS RIO COLORADO"|||"IZZI"||"SIN PLAZA WR"|"NO IDENTIFICADA"
1327|"5B052F9187FDF9A48DEBB4E6B9A50FA7A0A90962"|5|"FMVA000"|"000"|"CABLEVISIÓN"|"METRO"|"METROSUR"|"METROPOLITANA"|"MXCENTRO"|"CIUDAD DE MEXICO"|"VALLE"|"METROPOLITANA"|"VALLE"||"Y"|"IZZI"||"ND"|"NO IDENTIFICADA"
1461|"CD901B1CC5C88913FF763CC80A518C81CC28125D"|5|"ABR"|"000"|"CABLEVISIÓN"|"METRO"|"METROSUR"|"METROPOLITANA"|"MXNORTE"|"MEXICO"|"ARBOLEDAS"|"METROPOLITANA"|"ARBOLEDAS"||"Y"|"IZZI"|"ARBOLEDAS"|"SIN PLAZA WR"|"NO IDENTIFICADA"
1524|"4129930FFDB8DE1B0C3405A0D1D36A750C8FBB7F"|5|"TJMR"|"011"|"CABLEMAS"|"NORTE"|"NORTE"|"PACIFICO"|"PACIFICO"|"BAJA CALIFORNIA"|"TIJUANA"|"TIJUANA"|"TIJUANA"|"Y"|"Y"|"IZZI"|"TIJUANA"|"SIN PLAZA WR"|"NO IDENTIFICADA"
1322|"309274910210495BF6E753010DCAE50106D7E560"|5|"FMPL000"|"000"|"CABLEVISIÓN"|"METRO"|"METROSUR"|"METROPOLITANA"|"MXCENTRO"|"CIUDAD DE MEXICO"|"POLANCO"|"METROPOLITANA"|"POLANCO"||"Y"|"IZZI"||"ND"|"NO IDENTIFICADA"
1320|"BCFD5196A883CF318E2DA83508ECB95F8C9F72D5"|5|"FMMEO591"|"591"|"CABLEMAS"|"METRO"|"METROSUR"|"METROPOLITANA"|"MXNORTE"|"MEXICO"|"MELCHOR OCAMPO"|"MELCHOR"|"TULTEPEC"||"Y"|"IZZI"||"ND"|"NO IDENTIFICADA"
1642|"1B317ACB6EA65DE564FE79D31609AEF82038340F"|16|"DGOR"|"612"|"CABLECOM"|"NORTE"|"NORTE"|"PACIFICO"|"CENTRO"|"DURANGO"|"DURANGO"|"DURANGO"|"DURANGO"|"Y"|"Y"|"IZZI"|"DURANGO"|"DURANGO"|"NO IDENTIFICADA"
1802|"D9738FC468C2929D7FCFD7C5F9F6B562921B7A31"|16|"MZN"|"613"|"CABLECOM"|"NORTE"|"NORTE"|"PACIFICO"|"CENTRO"|"SINALOA"|"MAZATLAN"|"MAZATLAN"|"MAZATLAN"||"Y"|"IZZI"||"SIN PLAZA WR"|"NO IDENTIFICADA"
1862|"FEE7B675434CC72AB958DC6E3B807E3A81AAED32"|16|"TAMR"|"431"|"TELECABLE"|"NORTE"|"METROSUR"|"NORESTE"|"GOLFO"|"TAMAULIPAS"|"TAMPICO"|"TAMPICO"|"TAMPICO"||"Y"|"IZZI"||"SIN PLAZA WR"|"NO IDENTIFICADA"
1562|"1B317ACB6EA65DE564FE79D31609AEF82038340F"|16|"DGO"|"612"|"CABLECOM"|"NORTE"|"NORTE"|"PACIFICO"|"CENTRO"|"DURANGO"|"DURANGO"|"DURANGO"|"DURANGO"|"Y"|"Y"|"IZZI"|"DURANGO"|"DURANGO"|"NO IDENTIFICADA"
1283|"082BBFFFAD73B137E37CD89E1F44F55B8C0382D8"|3|"FMCA000"|"000"|"CABLEVISIÓN"|"METRO"|"METRO"|"METROPOLITANA"|"MXSUR"|"CIUDAD DE MEXICO"|"CENTRO DE ACOPIO"|"METROPOLITANA"|"CENTRO DE ACOPIO"|"Y"|"Y"|"IZZI"|"METROPOLITANA"|"ND"|"NO IDENTIFICADA"
1287|"D05C58189E87E7BD0915C1DE87F7F67190BB3C71"|3|"FMCU000"|"000"|"CABLEVISIÓN"|"METRO"|"METRO"|"METROPOLITANA"|"MXNORTE"|"MEXICO"|"CUAUTITLAN"|"METROPOLITANA"|"CUAUTITLAN"|"Y"|"Y"|"IZZI"|"METROPOLITANA"|"ND"|"NO IDENTIFICADA"
1291|"A1C767DC8589E208485BA05E0EA5E919EB17348E"|3|"FMIXT582"|"582"|"CABLEMAS"|"METRO"|"METRO"|"METROPOLITANA"|"MXSUR"|"MEXICO"|"IXTAPALUCA"|"IXTAPALUCA"|"CHALCO"|"Y"|"Y"|"IZZI"|"CHALCO"|"ND"|"NO IDENTIFICADA"
1295|"116A29EA577869C86EF66CD88927103A370A35BD"|3|"FMMEO588"|"588"|"CABLEMAS"|"METRO"|"METRO"|"METROPOLITANA"|"MXNORTE"|"MEXICO"|"MELCHOR OCAMPO"|"MELCHOR"|"TULTITLAN"|"Y"|"Y"|"IZZI"|"TULTITLAN"|"ND"|"NO IDENTIFICADA"
1299|"80E5BCE6DA23DFCC9CDF335C24E4C3A12EA09845"|3|"FMRG000"|"000"|"CABLEVISIÓN"|"METRO"|"METRO"|"METROPOLITANA"|"MXSUR"|"CIUDAD DE MEXICO"|"ROJO GOMEZ"|"METROPOLITANA"|"ROJO GOMEZ"|"Y"|"Y"|"IZZI"|"METROPOLITANA"|"ND"|"NO IDENTIFICADA"
1303|"751CDEEE5F7563CD2B4B815783C3161F093FC492"|3|"FMVA000"|"000"|"CABLEVISIÓN"|"METRO"|"METRO"|"METROPOLITANA"|"MXNORTE"|"CIUDAD DE MEXICO"|"VALLE"|"METROPOLITANA"|"VALLE"|"Y"|"Y"|"IZZI"|"METROPOLITANA"|"ND"|"NO IDENTIFICADA"
1136|"76DF61F0C6C56426BA52D0A6AFB55C8FCCC6E37A"|16|"MOER"|"300"|"TVI"|"NORTE"|"NORTE"|"NORESTE"|"NORESTE"|"NUEVO LEON"|"MONTERREY"|"MTY PONIENTE (OESTE)"|"PONIENTE (OESTE)"||"Y"|"IZZI"|"MONTERREY"|"MTY PONIENTE (OESTE)"|"NO IDENTIFICADA"
1143|"3CB12B766C8644259A331DBAF9FDCC277A2CADC8"|5|"FCDJ"|"060"|"CABLEMAS"|"NORTE"|"NORTE"|"PACIFICO"|"PACIFICO"|"CHIHUAHUA"|"CD. JUAREZ"|"CD. JUAREZ"|"CD. JUAREZ"||"Y"|"IZZI"||"CD. JUAREZ FTTH"|"NO IDENTIFICADA"
1203|"F58930A20279D8651CF5B0AFC9B4F0D230BAD28C"|5|"CJR"|"060"|"CABLEMAS"|"NORTE"|"NORTE"|"PACIFICO"|"PACIFICO"|"CHIHUAHUA"|"CD. JUAREZ"|"CD. JUAREZ"|"CD. JUAREZ"||"Y"|"IZZI"||"ND"|"NO IDENTIFICADA"
1586|"DAF89EEAF03E875074AF011EB3A5A80DCCA31B2C"|16|"FMSA000"|"000"|"CABLEVISIÓN"|"METRO"|"METROSUR"|"METROPOLITANA"|"MXSUR"|"CIUDAD DE MEXICO"|"SARATOGA"|"METROPOLITANA"|"SARATOGA"|"Y"|"Y"|"IZZI"|"METROPOLITANA"|"ND"|"NO IDENTIFICADA"
1594|"E485B36B43176B42465C426BF032FC54A9961FCC"|16|"FMAB000"|"000"|"CABLEVISIÓN"|"METRO"|"METROSUR"|"METROPOLITANA"|"MXNORTE"|"MEXICO"|"ARBOLEDAS"|"METROPOLITANA"|"ARBOLEDAS"|"Y"|"Y"|"IZZI"|"METROPOLITANA"|"ND"|"NO IDENTIFICADA"
2188||3|"ACR"|"43"|"CABLEMAS"|"SUR"|"INTERIOR"|"OCCIDENTE"|"OCCIDENTE"|"GUERRERO"|"ACAPULCO"|"ACAPULCO"|"ACAPULCO"||||"Sin RPT"|"SIN PLAZA WR"|"NO IDENTIFICADA"
1580|"859200ACB7F25AC5AEF00D27EEC4FAFCA5B58CC6"|16|"FMTY"|"300"|"TVI"|"NORTE"|"NORTE"|"NORESTE"|"NORESTE"|"NUEVO LEON"|"MONTERREY"|"MONTERREY FTTH"|"MONTERREY"||"Y"|"IZZI"||"SIN PLAZA WR"|"NO IDENTIFICADA"
1600|"3631CFE4EAE1C66D865F70ADB6481A674F4B29C5"|16|"CNR"|"035"|"CABLEMAS"|"SUR"|"METROSUR"|"SURESTE"|"SURESTE"|"QUINTANA ROO"|"CANCUN"|"CANCUN"|"CANCUN"|"Y"|"Y"|"IZZI"|"CANCUN FTTH"|"ND"|"NO IDENTIFICADA"
2083|"F4E6E539DD12F6E5AD6A4C58D2ADB3C14A48F0A9"|3|"TEHR"|"100"|"CABLEMAS"|"SUR"|"INTERIOR"|"SURESTE"|"GOLFO"|"PUEBLA"|"TEHUACAN"|"TEHUACAN"|"TEHUACAN"||"Y"|"IZZI"|"TEHUACAN"|"SIN PLAZA WR"|"NO IDENTIFICADA"
1895|"C28A383A4F4EFA632BD5BEEBCC2E5AB2510BC038"|3|"IXTR"|"595"|"CABLEMAS"|"METRO"|"METRO"|"METROPOLITANA"|"MXSUR"|"MEXICO"|"IXTAPALUCA"|"AMECAMECA"|"AMECAMECA"||"Y"|"IZZI"|"AMECAMECA"|"SIN PLAZA WR"|"NO IDENTIFICADA"
1907|"A8CC28577E4DDB0682F8169813DE56DCF9EBDDFD"|3|"RARR"|"301"|"CABLECOM"|"NORTE"|"NORTE"|"NORESTE"|"NORESTE"|"COAHUILA"|"COAHUILA"|"SALTILLO"|"SALTILLO"||"Y"|"IZZI"|"SALTILLO"|"SIN PLAZA WR"|"NO IDENTIFICADA"
1145|"2B34C0771A5DA15E95A87C57999808495B1D55AD"|5|"FGDL"|"400"|"TELECABLE"|"SUR"|"NORTE"|"OCCIDENTE"|"OCCIDENTE"|"JALISCO"|"ZAPOPAN"|"ZAPOPAN"|"ZAPOPAN"||"Y"|"IZZI"||"ZAPOPAN FTTH_AX"|"NO IDENTIFICADA"
1577|"06F5D2943F9786630B81771E389B31085A66F48A"|16|"TPC"|"454"|"TELECABLE"|"NORTE"|"NORTE"|"PACIFICO"|"CENTRO"|"NAYARIT"|"TEPIC"|"TEPIC"|"TEPIC"||"Y"|"IZZI"|"TEPIC"|"TEPIC"|"NO IDENTIFICADA"
2082|"45C0ECBC5537B00747C20766C3919A6DA5A27ABC"|16|"TEH"|"100"|"CABLEMAS"|"SUR"||"SURESTE"||"PUEBLA"|"TEHUACAN"|"TEHUACAN FTTH"|"TEHUACAN"||"Y"|"IZZI"||"SIN PLAZA WR"|"NO IDENTIFICADA"
1640|"60A0C0B7D72F378965CCED8BF4680D3CCEBD48B7"|3|"DGOR"|"612"|"CABLECOM"|"NORTE"|"INTERIOR"|"PACIFICO"|"CENTRO"|"DURANGO"|"DURANGO"|"DURANGO"|"DURANGO"|"Y"|"Y"|"IZZI"|"DURANGO"|"DURANGO"|"NO IDENTIFICADA"
1884|"5CD6E094B009C56FF6176177B5D2476E7C1BF343"|5|"IXR"|"089"|"CABLEMAS"|"METRO"|"METROSUR"|"METROPOLITANA"|"MXSUR"|"MEXICO"|"IXTAPALUCA"|"XICO"|"XICO"|||"IZZI"||"SIN PLAZA WR"|"NO IDENTIFICADA"
1893|"68225323994B249D2260F999399D6B37E9AB1241"|5|"IXR"|"084"|"CABLEMAS"|"METRO"|"METROSUR"|"METROPOLITANA"|"MXSUR"|"MEXICO"|"IXTAPALUCA"|"SAN BUENAVENTURA"|"SAN BUENAVENTURA"|||"IZZI"||"SIN PLAZA WR"|"NO IDENTIFICADA"
2064|"5B5B780C838673F5CAFBF3A3C4F5BAC024A7827F"|5|"NOGR"|"099"|"CABLEMAS"|"NORTE"|"NORTE"|"PACIFICO"|"PACIFICO"|"SONORA"|"NOGALES"|"NOGALES"|"NOGALES"||"Y"|"IZZI"||"SIN PLAZA WR"|"NO IDENTIFICADA"
1780|"C84CF9637855DB39B813B2473BE342440AF0D435"|3|"PCR"|"37"|"CABLEMAS"|"SUR"|"INTERIOR"|"SURESTE"|"SURESTE"|"QUINTANA ROO"|"PLAYA DEL CARMEN"|"PLAYA DEL CARMEN"|"PLAYA DEL CARMEN"|"Y"|"Y"|"IZZI"|"Sin RPT"|"SIN PLAZA WR"|"NO IDENTIFICADA"
1901|"A8CC28577E4DDB0682F8169813DE56DCF9EBDDFD"|3|"SASR"|"301"|"CABLECOM"|"NORTE"|"NORTE"|"NORESTE"|"NORESTE"|"COAHUILA"|"COAHUILA"|"SALTILLO"|"SALTILLO"||"Y"|"IZZI"|"SALTILLO"|"SIN PLAZA WR"|"NO IDENTIFICADA"
1913|"71C274596ECC6AF7AAEF1C98E78BD11458A32E65"|3|"CHOR"|"615"|"CABLECOM"|"SUR"|"INTERIOR"|"SURESTE"|"GOLFO"|"PUEBLA"|"CHOLULA"|"CHOLULA"|"CHOLULA"||"Y"|"IZZI"|"CHOLULA"|"SIN PLAZA WR"|"NO IDENTIFICADA"
1620|"01EBD93A5D4E646CB5A7A78206BF7BD2AC738EE5"|16|"FMST000"|"000"|"CABLEVISIÓN"|"METRO"|"METROSUR"|"METROPOLITANA"|"MXNORTE"|"MEXICO"|"SATELITE"|"METROPOLITANA"|"SATELITE"|"Y"|"Y"|"IZZI"|"METROPOLITANA"|"ND"|"NO IDENTIFICADA"
1665|"8D624EBCBE698270DC16D5D7A3CECE68295DF126"|16|"TOLR"|"614"|"CABLECOM"|"METRO"|"METROSUR"|"METROPOLITANA"|"MXCENTRO"|"MEXICO"|"TOLUCA"|"TOLUCA"|"TOLUCA"|"Y"|"Y"|"IZZI"|"TOLUCA"|"TOLUCA"|"NO IDENTIFICADA"
2085|"D4BC910E1284319AC1E825823C920BDEF6D09504"|16|"TEHR"|"100"|"CABLEMAS"|"SUR"||"SURESTE"||"PUEBLA"|"TEHUACAN"|"TEHUACAN"|"TEHUACAN"||"Y"|"IZZI"||"SIN PLAZA WR"|"NO IDENTIFICADA"
1702|"936A01B853EF926CE676A76DDAF0F68035754C9E"|16|"GARR"|"300"|"TVI"|"NORTE"|"NORTE"|"NORESTE"|"NORESTE"|"NUEVO LEON"|"MONTERREY"|"GARCIA"|"GARCIA"|"Y"|"Y"|"IZZI"|"MONTERREY"|"MTY - SANTA CATARINA"|"NO IDENTIFICADA"
1725|"D7230A725D25153CC71639A66D3C9F689EC80E8E"|16|"TPCR"|"454"|"TELECABLE"|"NORTE"|"NORTE"|"PACIFICO"|"CENTRO"|"NAYARIT"|"TEPIC"|"TEPIC"|"TEPIC"|"Y"|"Y"|"IZZI"|"TEPIC"|"SIN PLAZA WR"|"NO IDENTIFICADA"
1762|"EA624EB2604A8174D3AF1FEB409E0CE2CB34EA78"|16|"CHR"|"051"|"CABLEMAS"|"NORTE"|"NORTE"|"PACIFICO"|"PACIFICO"|"CHIHUAHUA"|"CHIHUAHUA"|"CHIHUAHUA"|"CHIHUAHUA"|"Y"|"Y"|"IZZI"|"CHIHUAHUA"|"SIN PLAZA WR"|"NO IDENTIFICADA"
1800|"B13C8B6CE3B0D10391A14D53BEA9298DF61DCEA9"|3|"MZN"|"613"|"CABLECOM"|"NORTE"|"INTERIOR"|"PACIFICO"|"CENTRO"|"SINALOA"|"MAZATLAN"|"MAZATLAN"|"MAZATLAN"||"Y"|"IZZI"|"MAZATLAN"|"SIN PLAZA WR"|"NO IDENTIFICADA"
1881|"0C74992242C9A0C03DFF277CBD444AEBA82B3F20"|5|"CMMR"|"081"|"CABLEMAS"|"METRO"|"METROSUR"|"METROPOLITANA"|"MXCENTRO"|"MEXICO"|"CHIMALHUACAN"|"LOS REYES ACAQUILPAN"|"LOS REYES ACAQUILPAN"|||"IZZI"||"SIN PLAZA WR"|"NO IDENTIFICADA"
1887|"D79A309C961ADAF5763CF0D6C84B79E85955FDF0"|5|"IXR"|"582"|"CABLEMAS"|"METRO"|"METROSUR"|"METROPOLITANA"|"MXSUR"|"MEXICO"|"IXTAPALUCA"|"CHALCO"|"CHALCO"|||"IZZI"||"SIN PLAZA WR"|"NO IDENTIFICADA"
2061|"5B5B780C838673F5CAFBF3A3C4F5BAC024A7827F"|5|"NOG"|"099"|"CABLEMAS"|"NORTE"|"NORTE"|"PACIFICO"|"PACIFICO"|"SONORA"|"NOGALES"|"NOGALES"|"NOGALES"||"Y"|"IZZI"||"SIN PLAZA WR"|"NO IDENTIFICADA"
1564|"4BCA76AFDF2218058ABABE6CA7574758EEC1BA6A"|5|"TOL"|"614"|"CABLECOM"|"METRO"|"METROSUR"|"METROPOLITANA"|"MXCENTRO"|"MEXICO"|"TOLUCA"|"TOLUCA"|"TOLUCA"|"Y"|"Y"|"IZZI"|"TOLUCA"|"TOLUCA"|"NO IDENTIFICADA"
2063|"D72377D6FB8219D52581EF9D3475BA01EA84DBB1"|3|"NOGR"|"099"|"CABLEMAS"|"NORTE"|"NORTE"|"PACIFICO"|"PACIFICO"|"SONORA"|"NOGALES"|"NOGALES"|"NOGALES"||"Y"|"IZZI"|"NOGALES"|"SIN PLAZA WR"|"NO IDENTIFICADA"
1201|"8DD33AF426485BF5C63FEEB5199228A3DAD32756"|5|"AGSR"|"428"|"TELECABLE"|"SUR"|"NORTE"|"OCCIDENTE"|"CENTRO"|"AGUASCALIENTES"|"AGUASCALIENTES"|"AGUASCALIENTES"|"AGUASCALIENTES"||"Y"|"IZZI"||"ND"|"NO IDENTIFICADA"
1140|"5AC1433AAE3B46AAC21F38A9530F8CF010E43A4D"|3|"FAGS"|"428"|"TELECABLE"|"SUR"|"INTERIOR"|"OCCIDENTE"|"CENTRO"|"AGUASCALIENTES"|"AGUASCALIENTES"|"AGUASCALIENTES"|"AGUASCALIENTES"||"Y"|"IZZI"|"AGUASCALIENTES"|"AGUASCALIENTES FTTH"|"NO IDENTIFICADA"
1892|"A41C5B9A88760C8F2B4144A53FCA24581D7142ED"|3|"IXR"|"084"|"CABLEMAS"|"METRO"|"METRO"|"METROPOLITANA"|"MXSUR"|"MEXICO"|"IXTAPALUCA"|"SAN BUENAVENTURA"|"SAN BUENAVENTURA"|||"IZZI"|"SAN BUENAVENTURA"|"SIN PLAZA WR"|"NO IDENTIFICADA"
1591|"080916C36381A5D8F9B2DA854B445998C3FAFDFC"|16|"FAGS"|"428"|"TELECABLE"|"SUR"|"NORTE"|"OCCIDENTE"|"CENTRO"|"AGUASCALIENTES"|"AGUASCALIENTES"|"AGUASCALIENTES"|"AGUASCALIENTES"|"Y"|"Y"|"IZZI"|"AGUASCALIENTES"|"AGUASCALIENTES FTTH"|"NO IDENTIFICADA"
1883|"F451F4ECA7239461E3E0D9BFEFB1AE3B2EB3D2F7"|3|"IXR"|"089"|"CABLEMAS"|"METRO"|"METRO"|"METROPOLITANA"|"MXSUR"|"MEXICO"|"IXTAPALUCA"|"XICO"|"XICO"|||"IZZI"|"XICO"|"SIN PLAZA WR"|"NO IDENTIFICADA"
1200|"F5DDCAEE14F0DF14531CA42F8DB410CB3B0984A2"|3|"AGSR"|"428"|"TELECABLE"|"SUR"|"INTERIOR"|"OCCIDENTE"|"CENTRO"|"AGUASCALIENTES"|"AGUASCALIENTES"|"AGUASCALIENTES"|"AGUASCALIENTES"||"Y"|"IZZI"|"AGUASCALIENTES"|"ND"|"NO IDENTIFICADA"
1782|"50EB032F135825A0BC5AD16A3C59A36A4E7B960F"|16|"PCR"|"37"|"CABLEMAS"|"SUR"|"METROSUR"|"SURESTE"|"SURESTE"|"QUINTANA ROO"|"PLAYA DEL CARMEN"|"PLAYA DEL CARMEN"|"PLAYA DEL CARMEN"|"Y"|"Y"|"IZZI"|"PLAYA DEL CARMEN"|"SIN PLAZA WR"|"NO IDENTIFICADA"
1897|"6319AF7EC2E602A582CED303960D19B897694AAD"|16|"IXTR"|"595"|"CABLEMAS"|"METRO"|"METROSUR"|"METROPOLITANA"|"MXSUR"|"MEXICO"|"IXTAPALUCA"|"AMECAMECA"|"AMECAMECA"||"Y"|"IZZI"||"SIN PLAZA WR"|"NO IDENTIFICADA"
1903|"FDD624CFA3145B71771BCCFD0FBD5D9EE0D151FE"|16|"SASR"|"301"|"CABLECOM"|"NORTE"|"NORTE"|"NORESTE"|"NORESTE"|"COAHUILA"|"COAHUILA"|"SALTILLO"|"SALTILLO"||"Y"|"IZZI"||"SIN PLAZA WR"|"NO IDENTIFICADA"
1909|"FDD624CFA3145B71771BCCFD0FBD5D9EE0D151FE"|16|"RARR"|"301"|"CABLECOM"|"NORTE"|"NORTE"|"NORESTE"|"NORESTE"|"COAHUILA"|"COAHUILA"|"SALTILLO"|"SALTILLO"||"Y"|"IZZI"||"SIN PLAZA WR"|"NO IDENTIFICADA"
1915|"2616C5B7ADC14BC01CC1C16BBB58A483708422BF"|16|"CHOR"|"615"|"CABLECOM"|"SUR"|"METROSUR"|"SURESTE"|"GOLFO"|"PUEBLA"|"CHOLULA"|"CHOLULA"|"CHOLULA"||"Y"|"IZZI"||"SIN PLAZA WR"|"NO IDENTIFICADA"
1243|"DDA1136900A609B4BD2AA059F2A2011F3D16C12C"|5|"CNR"|"035"|"CABLEMAS"|"SUR"|"METROSUR"|"SURESTE"|"SURESTE"|"QUINTANA ROO"|"CANCUN"|"CANCUN"|"CANCUN"||"Y"|"IZZI"||"ND"|"NO IDENTIFICADA"
1305|"C9757D70BC4D001CDEA45F6EA3FFB5A0BDC5F830"|5|"FMAB000"|"000"|"CABLEVISIÓN"|"METRO"|"METROSUR"|"METROPOLITANA"|"MXNORTE"|"MEXICO"|"ARBOLEDAS"|"METROPOLITANA"|"ARBOLEDAS"||"Y"|"IZZI"||"ND"|"NO IDENTIFICADA"
1309|"9F83A240BA77F2F2AA8B3CE90DAE573C03866C50"|5|"FMCM083"|"083"|"CABLEMAS"|"METRO"|"METROSUR"|"METROPOLITANA"|"MXCENTRO"|"MEXICO"|"CHIMALHUACAN"|"CHIMALHUACAN"|"CHIMALHUACAN"||"Y"|"IZZI"||"ND"|"NO IDENTIFICADA"
1313|"BC7CE9F3647165A3099458FF771597A43443509C"|5|"FMIX081"|"081"|"CABLEMAS"|"METRO"|"METROSUR"|"METROPOLITANA"|"MXSUR"|"MEXICO"|"IXTAPALUCA"|"IXTAPALUCA"|"IXTAPALUCA LOS REYES"||"Y"|"IZZI"||"ND"|"NO IDENTIFICADA"
1317|"A8F36B4394C02F6E07FFD1B51013F1800F4BD68C"|5|"FMKI000"|"000"|"CABLEVISIÓN"|"METRO"|"METROSUR"|"METROPOLITANA"|"MXCENTRO"|"CIUDAD DE MEXICO"|"SANTA FE"|"METROPOLITANA"|"SANTA FE"||"Y"|"IZZI"||"ND"|"NO IDENTIFICADA"
1529|"BFE28C93DB1EA4754A3246252B6B322BEAFE8B90"|16|"ACAR"|"043"|"CABLEMAS"|"SUR"|"NORTE"|"OCCIDENTE"|"OCCIDENTE"|"GUERRERO"|"ACAPULCO"|"ACAPULCO"|"ACAPULCO"|"Y"|"Y"|"IZZI"|"ACAPULCO"|"SIN PLAZA WR"|"NO IDENTIFICADA"
867|"2B8E153AD82177507974CC3BD94A1E154D05EDA2"|5|"MOER"|"300"|"TVI"|"NORTE"|"NORTE"|"NORESTE"|"NORESTE"|"NUEVO LEON"|"MONTERREY"|"MTY PONIENTE (OESTE)"|"PONIENTE (OESTE)"||"Y"|"IZZI"||"MTY PONIENTE (OESTE)"|"NO IDENTIFICADA"
1571|"29D6086232B91AF4629FD2BA6F00401CB07FAFBE"|16|"TNL"|"453"|"TELECABLE"|"SUR"|"NORTE"|"OCCIDENTE"|"OCCIDENTE"|"JALISCO"|"GUADALAJARA"|"TONALA"|"TONALA"||"Y"|"IZZI"|"TONALA"|"TONALA"|"NO IDENTIFICADA"
862|"5D13893DC954563A4F6DAF2EF38F7A4823366A74"|3|"MINR"|"300"|"TVI"|"NORTE"|"NORTE"|"NORESTE"|"NORESTE"|"NUEVO LEON"|"MONTERREY"|"MTY INDUSTRIAL"|"INDUSTRIAL"||"Y"|"IZZI"|"MONTERREY"|"MTY INDUSTRIAL"|"NO IDENTIFICADA"
1142|"9A8DFE6DE21AA9331ED9411B693D4C50570AE305"|3|"FCDJ"|"060"|"CABLEMAS"|"NORTE"|"NORTE"|"PACIFICO"|"PACIFICO"|"CHIHUAHUA"|"CD. JUAREZ"|"CD. JUAREZ"|"CD. JUAREZ"||"Y"|"IZZI"|"CD. JUAREZ"|"CD. JUAREZ FTTH"|"NO IDENTIFICADA"
1202|"F9A45903AF1DECA09437717DD6EC69EBBAF142B5"|3|"CJR"|"060"|"CABLEMAS"|"NORTE"|"NORTE"|"PACIFICO"|"PACIFICO"|"CHIHUAHUA"|"CD. JUAREZ"|"CD. JUAREZ"|"CD. JUAREZ"||"Y"|"IZZI"|"CD. JUAREZ"|"ND"|"NO IDENTIFICADA"
1823|"73E734B527E87FF228D55CEBC63E6FE3A0789619"|3|"TUR"|"39"|"CABLEMAS"|"SUR"|"INTERIOR"|"SURESTE"|"SURESTE"|"QUINTANA ROO"|"PMS RIVIERA MAYA"|"TULUM"|"TULUM"|"Y"|"Y"|"IZZI"|"Sin RPT"|"RIVIERA MAYA"|"NO IDENTIFICADA"
1340|"4CD4F8ACAD20E910C1E7AF97DE5A874B6DF150EA"|3|"FMTY"|"300"|"TVI"|"NORTE"|"NORTE"|"NORESTE"|"NORESTE"|"NUEVO LEON"|"MONTERREY"|"MONTERREY FTTH"|"MONTERREY"||"Y"|"IZZI"|"MONTERREY"|"SIN PLAZA WR"|"NO IDENTIFICADA"
1480|"AD60102AD8764539D2201C1B836D6501C236E86C"|3|"CUR"|"000"|"CABLEVISIÓN"|"METRO"|"METRO"|"METROPOLITANA"|"MXNORTE"|"MEXICO"|"CUAUTITLAN"|"METROPOLITANA"|"CUAUTITLAN"||"Y"|"IZZI"|"METROPOLITANA"|"SIN PLAZA WR"|"NO IDENTIFICADA"
1563|"DFBA429CB2A20A393585BE88089693242C0CDA8C"|3|"TOL"|"614"|"CABLECOM"|"METRO"|"METRO"|"METROPOLITANA"|"MXNORTE"|"MEXICO"|"TOLUCA"|"TOLUCA"|"TOLUCA"|"Y"|"Y"|"IZZI"|"TOLUCA"|"TOLUCA"|"NO IDENTIFICADA"
1720|"A6A32E240734A841942CC7B8448F0A51A0F3C55B"|3|"TNLR"|"453"|"TELECABLE"|"SUR"|"INTERIOR"|"OCCIDENTE"|"OCCIDENTE"|"JALISCO"|"GUADALAJARA"|"TONALA"|"TONALA"|"Y"|"Y"|"IZZI"|"GUADALAJARA"|"SIN PLAZA WR"|"NO IDENTIFICADA"
1899|"7751B5AA8AF3D571924062B34D56903DB2C688B3"|5|"PUVR"|"406"|"TELECABLE"|"SUR"|"NORTE"|"OCCIDENTE"|"OCCIDENTE"|"JALISCO"|"PUERTO VALLARTA"|"PUERTO VALLARTA"|"PUERTO VALLARTA"||"Y"|"IZZI"||"SIN PLAZA WR"|"NO IDENTIFICADA"
1247|"D4A6661DA3B34F69869CAEFC561A731D757C053E"|5|"ZSR"|"400"|"TELECABLE"|"SUR"|"NORTE"|"OCCIDENTE"|"OCCIDENTE"|"JALISCO"|"ZAPOPAN"|"ZAPOPAN"|"ZAPOPAN"||"Y"|"IZZI"||"ND"|"NO IDENTIFICADA"
870|"EF5BFED2B8F3033D11E3E723C03DFCA835A8EF6D"|3|"VAOR"|"300"|"TVI"|"NORTE"|"NORTE"|"NORESTE"|"NORESTE"|"NUEVO LEON"|"MONTERREY"|"MTY VALLE ORIENTE"|"VALLE ORIENTE"||"Y"|"IZZI"|"MONTERREY"|"MTY VALLE ORIENTE"|"NO IDENTIFICADA"
353|"0A4146120AC93B3597B165BA5629B077A8018767"|3|"CB"|"063"|"CABLEMAS"|"SUR"|"INTERIOR"|"SURESTE"|"SURESTE"|"QUINTANA ROO"|"VALLADOLID"|"COBA"|"COBA"|"Y"|"Y"|"IZZI"|"COBA"|"MERIDA"|"NO IDENTIFICADA"
361|"5DE1AE2C72EED6F1CDABE242A182339EB7722F6E"|3|"BT"|"061"|"CABLEMAS"|"SUR"|"INTERIOR"|"SURESTE"|"SURESTE"|"YUCATAN"|"VALLADOLID"|"BUCTZOTZ"|"BUCTZOTZ"|"Y"|"Y"|"IZZI"|"BUCTZOTZ"|"MERIDA"|"ON NET"
369|"513D7959FD0F0E2723079AFD177B81D758DC48EC"|3|"TZ"|"069"|"CABLEMAS"|"SUR"|"INTERIOR"|"SURESTE"|"SURESTE"|"YUCATAN"|"VALLADOLID"|"TIZIMIN"|"TIZIMIN"|"Y"|"Y"|"IZZI"|"TIZIMIN"|"MERIDA"|"OFF NET"
377|"A0F99928917E00F9FE2EB8CDE80DC8B486088503"|3|"PA"|"055"|"CABLEMAS"|"NORTE"|"NORTE"|"PACIFICO"|"PACIFICO"|"CHIHUAHUA"|"CHIHUAHUA"|"PARRAL"|"PARRAL"|"Y"|"Y"|"IZZI"|"PARRAL"|"CHIHUAHUA"|"ON NET"
385|"7A9F6A7DA6EBEC5C7C38C38B30FF7F5C3EF14E8F"|3|"TH"|"090"|"CABLEMAS"|"SUR"|"INTERIOR"|"SURESTE"|"SURESTE"|"VERACRUZ"|"POZA RICA"|"TIHUATLAN"|"TIHUATLAN"|"Y"|"Y"|"IZZI"|"TIHUATLAN"|"POZA RICA"|"ON NET"
393|"B04183D80F5A42588E43803B3BE048D6F347DBF3"|3|"YU"|"042"|"CABLEMAS"|"METRO"|"METRO"|"METROPOLITANA"|"MXSUR"|"MORELOS"|"CUAUTLA"|"YAUTEPEC"|"YAUTEPEC"|"Y"|"Y"|"IZZI"|"YAUTEPEC"|"CUERNAVACA"|"ON NET"
401|"7E26A7B0C7A0017F300EF3F21DA68870E227FDF6"|3|"IM"|"036"|"CABLEMAS"|"SUR"|"INTERIOR"|"SURESTE"|"SURESTE"|"QUINTANA ROO"|"PMS RIVIERA MAYA"|"ISLA MUJERES"|"ISLA MUJERES"|"N"|"Y"|"WIZZ"|"ISLA MUJERES"|"RIVIERA MAYA"|"NO IDENTIFICADA"
409|"EFB4318B1198F948BD8906A1BA19FC34A9692C32"|3|"CMY"|"300"|"TVI"|"NORTE"|"NORTE"|"NORESTE"|"NORESTE"|"NUEVO LEON"|"MONTERREY"|"CENTRO"|"CENTRO M"|"Y"|"Y"|"IZZI"|"MONTERREY"|"MTY - REVOLUCION"|"NO IDENTIFICADA"
417|"A2A424AFA883B9A2D5F89AC7B104BAAA455166B7"|3|"CUM"|"300"|"TVI"|"NORTE"|"NORTE"|"NORESTE"|"NORESTE"|"NUEVO LEON"|"MONTERREY"|"CUMBRES"|"CUMBRES"|"Y"|"Y"|"IZZI"|"MONTERREY"|"MTY - SANTA CATARINA"|"NO IDENTIFICADA"
425|"A0D4E18CC0823C71407C5129048F86C468009B66"|3|"JUA"|"300"|"TVI"|"NORTE"|"NORTE"|"NORESTE"|"NORESTE"|"NUEVO LEON"|"MONTERREY"|"JUAREZ"|"JUAREZ"|"Y"|"Y"|"IZZI"|"MONTERREY"|"MTY - JUAREZ"|"NO IDENTIFICADA"
433|"97DD3F6A861F3F4B5280DC358D4E329C2E79DC40"|3|"SNI"|"300"|"TVI"|"NORTE"|"NORTE"|"NORESTE"|"NORESTE"|"NUEVO LEON"|"MONTERREY"|"SAN NICOLAS"|"SAN NICOLAS"|"Y"|"Y"|"IZZI"|"MONTERREY"|"MTY - SENDERO"|"NO IDENTIFICADA"
453|"690AB03A2431E46391A83F3945689F2D538DAE9E"|3|"CP"|"030"|"CABLEMAS"|"SUR"|"INTERIOR"|"SURESTE"|"SURESTE"|"CAMPECHE"|"CAMPECHE"|"CAMPECHE"|"CAMPECHE"|"Y"|"Y"|"IZZI"|"CAMPECHE"|"CAMPECHE"|"ON NET"
461|"DAAF43213551E949163C3B0359A4F9A5A68970F4"|3|"CQ"|"076"|"CABLEMAS"|"SUR"|"INTERIOR"|"SURESTE"|"SURESTE"|"VERACRUZ"|"MINATITLAN"|"COSOLEACAQUE"|"COSOLEACAQUE"|"Y"|"Y"|"IZZI"|"COSOLEACAQUE"|"COATZACOALCOS"|"ON NET"
2384||3|"1"|"759"|"SKY"|"SUR"|"INTERIOR"|"SURESTE"|"SURESTE"|"Yucatán"|"HUB MERIDA"|"NO IDENTIFICADA"|"TAHMEK"|"N"||"ND"|"OFFNET"|"SIN PLAZA WR"|"OFF RED"
2388||3|"1"|"759"|"SKY"|"SUR"|"INTERIOR"|"SURESTE"|"GOLFO"|"Veracruz de Ignacio de la Llave"|"HUB XALAPA"|"NO IDENTIFICADA"|"JUCHIQUE"|"N"||"ND"|"OFFNET"|"SIN PLAZA WR"|"OFF RED"
2392||3|"1"|"759"|"SKY"|"NORTE"|"NORTE"|"NORESTE"|"NORESTE"|"Nuevo León"|"HUB LINARES"|"NO IDENTIFICADA"|"MONTEMORELOS"|"N"||"ND"|"OFFNET"|"SIN PLAZA WR"|"ON NET"
2396||3|"1"|"759"|"SKY"|"NORTE"|"INTERIOR"|"PACIFICO"|"CENTRO"|"Sinaloa"|"HUB MAZATLAN"|"NO IDENTIFICADA"|"ESCUINAPA"|"N"||"ND"|"OFFNET"|"SIN PLAZA WR"|"OFF NET"
2400||3|"1"|"759"|"SKY"|"SUR"|"INTERIOR"|"SURESTE"|"SURESTE"|"Chiapas"|"HUB TUXTLA GUTIERREZ"|"NO IDENTIFICADA"|"TUXTLA GUTIERREZ"|"N"||"ND"|"OFFNET"|"SIN PLAZA WR"|"OFF NET"
2404||3|"1"|"759"|"SKY"|"NORTE"|"NORTE"|"PACIFICO"|"PACIFICO"|"Chihuahua"|"HUB CUAUHTEMOC CHIH"|"NO IDENTIFICADA"|"MATACHI"|"N"||"ND"|"OFFNET"|"SIN PLAZA WR"|"OFF NET"
2704||3|"1"|"759"|"SKY"|"SUR"|"INTERIOR"|"OCCIDENTE"|"OCCIDENTE"|"Michoacán de Ocampo"|"HUB TACAMBARO"|"NO IDENTIFICADA"|"HUETAMO"|"N"||"ND"|"OFFNET"|"SIN PLAZA WR"|"OFF NET"
2714||3|"1"|"759"|"SKY"|"SUR"|"INTERIOR"|"OCCIDENTE"|"OCCIDENTE"|"Michoacán de Ocampo"|"HUB URUAPAN"|"NO IDENTIFICADA"|"URUAPAN"|"N"||"ND"|"OFFNET"|"SIN PLAZA WR"|"OFF NET"
2416||3|"1"|"759"|"SKY"|"NORTE"|"NORTE"|"NORESTE"|"NORESTE"|"Nuevo León"|"HUB MONTERREY"|"NO IDENTIFICADA"|"SAN PEDRO GARZA GARCIA"|"N"||"ND"|"OFFNET"|"SIN PLAZA WR"|"ON NET"
2420||3|"1"|"759"|"SKY"|"SUR"|"INTERIOR"|"SURESTE"|"SURESTE"|"Chiapas"|"HUB TAPACHULA"|"NO IDENTIFICADA"|"METAPA"|"N"||"ND"|"OFFNET"|"SIN PLAZA WR"|"OFF NET"
2424||3|"1"|"759"|"SKY"|"NORTE"|"NORTE"|"PACIFICO"|"PACIFICO"|"Chihuahua"|"HUB CUAUHTEMOC CHIH"|"NO IDENTIFICADA"|"TEMOSACHIC"|"N"||"ND"|"OFFNET"|"SIN PLAZA WR"|"OFF NET"
2428||3|"1"|"759"|"SKY"|"METRO"|"METRO"|"METROPOLITANA"|"MXNORTE"|"Hidalgo"|"HUB TULA"|"NO IDENTIFICADA"|"ALFAYUCAN"|"N"||"ND"|"OFFNET"|"SIN PLAZA WR"|"OFF RED"
2432||3|"1"|"759"|"SKY"|"SUR"|"INTERIOR"|"SURESTE"|"GOLFO"|"Puebla"|"HUB HUAUCHINANGO"|"NO IDENTIFICADA"|"HUAUCHINANGO"|"N"||"ND"|"OFFNET"|"SIN PLAZA WR"|"OFF NET"
2436||3|"1"|"759"|"SKY"|"SUR"|"INTERIOR"|"SURESTE"|"GOLFO"|"Veracruz de Ignacio de la Llave"|"HUB VERACRUZ"|"NO IDENTIFICADA"|"AMATLAN DE LOS REYES"|"N"||"ND"|"OFFNET"|"SIN PLAZA WR"|"OFF NET"
2440||3|"1"|"759"|"SKY"|"NORTE"|"INTERIOR"|"NORESTE"|"CENTRO"|"Guanajuato"|"HUB PENJAMO"|"NO IDENTIFICADA"|"PURISIMA DEL RINCON"|"N"||"ND"|"OFFNET"|"SIN PLAZA WR"|"OFF NET"
2444||3|"1"|"759"|"SKY"|"SUR"|"INTERIOR"|"SURESTE"|"GOLFO"|"Puebla"|"HUB IZUCAR DE MATAMOROS"|"NO IDENTIFICADA"|"TILAPA"|"N"||"ND"|"OFFNET"|"SIN PLAZA WR"|"OFF RED"
2448||3|"1"|"759"|"SKY"|"NORTE"|"INTERIOR"|"PACIFICO"|"CENTRO"|"Nayarit"|"HUB DEL NAYAR"|"NO IDENTIFICADA"|"DEL NAYAR"|"N"||"ND"|"OFFNET"|"SIN PLAZA WR"|"OFF NET"
2452||3|"1"|"759"|"SKY"|"SUR"|"INTERIOR"|"SURESTE"|"GOLFO"|"Tlaxcala"|"HUB SAN PABLO DEL MONTE"|"NO IDENTIFICADA"|"MAZATECOCHO"|"N"||"ND"|"OFFNET"|"SIN PLAZA WR"|"OFF NET"
2456||3|"1"|"759"|"SKY"|"SUR"|"INTERIOR"|"SURESTE"|"SURESTE"|"Chiapas"|"HUB TAPACHULA"|"NO IDENTIFICADA"|"MAPASTEPEC"|"N"||"ND"|"OFFNET"|"SIN PLAZA WR"|"OFF NET"
2518||3|"1"|"759"|"SKY"|"SUR"|"INTERIOR"|"OCCIDENTE"|"OCCIDENTE"|"Michoacán de Ocampo"|"HUB MORELIA"|"NO IDENTIFICADA"|"ALVARO OBREGON MICH"|"N"||"ND"|"OFFNET"|"SIN PLAZA WR"|"OFF RED"
2568||3|"1"|"759"|"SKY"|"SUR"|"INTERIOR"|"OCCIDENTE"|"OCCIDENTE"|"Michoacán de Ocampo"|"HUB ZITACUARO"|"NO IDENTIFICADA"|"ANGANGUEO"|"N"||"ND"|"OFFNET"|"SIN PLAZA WR"|"OFF NET"
2468||3|"1"|"759"|"SKY"|"SUR"|"INTERIOR"|"SURESTE"|"SURESTE"|"Tabasco"|"HUB MACUSPANA"|"NO IDENTIFICADA"|"TEAPA"|"N"||"ND"|"OFFNET"|"SIN PLAZA WR"|"OFF NET"
2602||3|"1"|"759"|"SKY"|"SUR"|"INTERIOR"|"OCCIDENTE"|"OCCIDENTE"|"Michoacán de Ocampo"|"HUB ZAMORA"|"NO IDENTIFICADA"|"BRISEÑAS"|"N"||"ND"|"OFFNET"|"SIN PLAZA WR"|"ON NET"
2864||3|"1"|"759"|"SKY"|"NORTE"|"INTERIOR"|"PACIFICO"|"CENTRO"|"Nayarit"|"HUB BAHIA DE BANDERAS"|"NO IDENTIFICADA"|"BAHIA DE BANDERAS"|"N"||"ND"|"OFFNET"|"SIN PLAZA WR"|"ON NET"
2868||3|"1"|"759"|"SKY"|"NORTE"|"INTERIOR"|"NORESTE"|"GOLFO"|"San Luis Potosí"|"HUB SAN LUIS POTOSI"|"NO IDENTIFICADA"|"VILLA JUAREZ"|"N"||"ND"|"OFFNET"|"SIN PLAZA WR"|"OFF RED"
2872||3|"1"|"759"|"SKY"|"NORTE"|"NORTE"|"NORESTE"|"NORESTE"|"Coahuila de Zaragoza"|"HUB TORREON"|"NO IDENTIFICADA"|"PARRAS"|"N"||"ND"|"OFFNET"|"SIN PLAZA WR"|"OFF NET"
2876||3|"1"|"759"|"SKY"|"SUR"|"INTERIOR"|"SURESTE"|"SURESTE"|"Chiapas"|"HUB SAN CRISTOBAL"|"NO IDENTIFICADA"|"CATAZAJA"|"N"||"ND"|"OFFNET"|"SIN PLAZA WR"|"OFF RED"
2629||3|"1"|"759"|"SKY"|"SUR"|"INTERIOR"|"OCCIDENTE"|"OCCIDENTE"|"Jalisco"|"HUB CIUDAD GUZMAN"|"NO IDENTIFICADA"|"SAN GABRIEL"|"N"||"ND"|"OFFNET"|"SIN PLAZA WR"|"OFF RED"
2706||3|"1"|"759"|"SKY"|"METRO"|"METRO"|"METROPOLITANA"|"MXSUR"|"Morelos"|"HUB CUAUTLA"|"NO IDENTIFICADA"|"TEPOZTLAN"|"N"||"ND"|"OFFNET"|"SIN PLAZA WR"|"OFF NET"
2710||3|"1"|"759"|"SKY"|"NORTE"|"INTERIOR"|"NORESTE"|"CENTRO"|"Querétaro"|"HUB TEQUISQUIAPAN"|"NO IDENTIFICADA"|"TEQUISQUIAPAN"|"N"||"ND"|"OFFNET"|"SIN PLAZA WR"|"OFF NET"
2822||3|"1"|"759"|"SKY"|"SUR"|"INTERIOR"|"OCCIDENTE"|"OCCIDENTE"|"Jalisco"|"HUB GUADALAJARA"|"NO IDENTIFICADA"|"TONALA JAL"|"N"||"ND"|"OFFNET"|"SIN PLAZA WR"|"OFF NET"
2718||3|"1"|"759"|"SKY"|"SUR"|"INTERIOR"|"SURESTE"|"GOLFO"|"Veracruz de Ignacio de la Llave"|"HUB XALAPA"|"NO IDENTIFICADA"|"PEROTE"|"N"||"ND"|"OFFNET"|"SIN PLAZA WR"|"OFF NET"
2823||3|"1"|"759"|"SKY"|"SUR"|"INTERIOR"|"OCCIDENTE"|"OCCIDENTE"|"Jalisco"|"HUB PUERTO VALLARTA"|"NO IDENTIFICADA"|"TENAMAXTLAN"|"N"||"ND"|"OFFNET"|"SIN PLAZA WR"|"OFF NET"
2726||3|"1"|"759"|"SKY"|"NORTE"|"NORTE"|"NORESTE"|"NORESTE"|"Nuevo León"|"HUB MONTERREY"|"NO IDENTIFICADA"|"EL CARMEN"|"N"||"ND"|"OFFNET"|"SIN PLAZA WR"|"ON NET"
2730||3|"1"|"759"|"SKY"|"SUR"|"INTERIOR"|"SURESTE"|"GOLFO"|"Puebla"|"HUB PUEBLA"|"NO IDENTIFICADA"|"SAN PEDRO CHOLULA"|"N"||"ND"|"OFFNET"|"SIN PLAZA WR"|"OFF NET"
2734||3|"1"|"759"|"SKY"|"NORTE"|"INTERIOR"|"NORESTE"|"GOLFO"|"Tamaulipas"|"HUB SOTO LA MARINA"|"NO IDENTIFICADA"|"SOTO"|"N"||"ND"|"OFFNET"|"SIN PLAZA WR"|"OFF NET"
2738||3|"1"|"759"|"SKY"|"NORTE"|"INTERIOR"|"PACIFICO"|"CENTRO"|"Durango"|"HUB DURANGO"|"NO IDENTIFICADA"|"DURANGO"|"N"||"ND"|"OFFNET"|"SIN PLAZA WR"|"ON NET"
1017|"BC64AB438F11882ECA4543409F14B9A36E2370A0"|16|"ECT"|"086"|"CABLEMAS"|"METRO"|"METROSUR"|"METROPOLITANA"|"MXNORTE"|"MEXICO"|"ECATEPEC"|"TECAMAC"|"TECAMAC"|"Y"|"Y"|"IZZI"|"TECAMAC"|"ECATEPEC"|"NO IDENTIFICADA"
1021|"9D8E3F45CDF3E3047B53AACA23826AE72F96FD42"|16|"ECT"|"577"|"CABLEMAS"|"METRO"|"METROSUR"|"METROPOLITANA"|"MXNORTE"|"MEXICO"|"ECATEPEC"|"TEPEXPAN"|"TEPEXPAN"|"Y"|"Y"|"IZZI"|"TEPEXPAN"|"ECATEPEC"|"NO IDENTIFICADA"
1025|"E606BDB4D90F0CEB029517F8D39C3429DE7E8EB9"|16|"TUL"|"605"|"CABLECOM"|"METRO"|"METROSUR"|"METROPOLITANA"|"MXNORTE"|"HIDALGO"|"TULANCINGO"|"TULANCINGO"|"TULANCINGO"|"Y"|"Y"|"IZZI"|"TULANCINGO"|"TULANCINGO"|"NO IDENTIFICADA"
1029|"59D5455B4B6A36FAFBF4C5C7486D8B33D2E68AF9"|16|"VHA"|"542"|"CABLECOM"|"SUR"|"METROSUR"|"SURESTE"|"SURESTE"|"TABASCO"|"VILLAHERMOSA"|"PLAYAS"|"PLAYAS DEL ROSARIO"|"Y"|"Y"|"IZZI"|"PLAYAS DEL ROSARIO"|"VILLA HERMOSA"|"NO IDENTIFICADA"
1033|"9591225E38FF81C4E97CA49944C134797938A0BF"|16|"CDC"|"550"|"CABLECOM"|"SUR"|"METROSUR"|"SURESTE"|"SURESTE"|"CAMPECHE"|"CIUDAD DEL CARMEN"|"CD. DEL CARMEN"|"CIUDAD DEL CARMEN"|"Y"|"Y"|"IZZI"|"CD DEL CARMEN"|"CIUDAD DEL CARMEN"|"NO IDENTIFICADA"
741|"EBE07813140ED07225C5BB22066D283D2F2DE238"|3|"TXC"|"604"|"CABLECOM"|"SUR"|"INTERIOR"|"OCCIDENTE"|"OCCIDENTE"|"GUERRERO"|"PMO IGUALA"|"TAXCO"|"TAXCO"||"Y"|"WIZZ"|"TAXCO"|"IGUALA"|"OFF NET"
2262||3|"1"|"759"|"SKY"|"SUR"|"INTERIOR"|"OCCIDENTE"|"OCCIDENTE"|"Guerrero"|"HUB IGUALA"|"NO IDENTIFICADA"|"HUITZUCO"|"N"||"ND"|"OFFNET"|"SIN PLAZA WR"|"OFF NET"
606|"487FA756356095D8D3DBBD631C1F7D2311E6A655"|5|"MHU"|"033"|"CABLEMAS"|"SUR"|"METROSUR"|"SURESTE"|"SURESTE"|"QUINTANA ROO"|"PMS RIVIERA MAYA"|"MAHAHUAL"|"MAHAHUAL"||"Y"|"WIZZ"||"RIVIERA MAYA"|"NO IDENTIFICADA"
470|"BC2A1977B8F396B18DE2EDDD74238AFC17ABEBE3"|5|"ZR"|"049"|"CABLEMAS"|"SUR"|"NORTE"|"OCCIDENTE"|"OCCIDENTE"|"GUERRERO"|"CHILPANCINGO"|"ZUMPANGO DEL RIO"|"ZUMPANGO DEL RIO"||"Y"|"IZZI"||"CHILPANCINGO"|"NO IDENTIFICADA"
624|"3C1F9C3F0D11EB63DC30F6F689AA05FA23C1079A"|5|"LC"|"074"|"CABLEMAS"|"SUR"|"METROSUR"|"SURESTE"|"SURESTE"|"VERACRUZ"|"PMS ACAYUCAN"|"LAS CHOAPAS"|"LAS CHOAPAS"||"Y"|"WIZZ"||"VERACRUZ"|"NO IDENTIFICADA"
2219||3|"1"|"759"|"SKY"|"SUR"|"INTERIOR"|"SURESTE"|"SURESTE"|"Yucatán"|"HUB MERIDA"|"NO IDENTIFICADA"|"MUXUPIP"|"N"||"ND"|"OFFNET"|"SIN PLAZA WR"|"OFF NET"
2670||3|"1"|"759"|"SKY"|"NORTE"|"INTERIOR"|"NORESTE"|"CENTRO"|"Guanajuato"|"HUB CELAYA"|"NO IDENTIFICADA"|"JERECUARO"|"N"||"ND"|"OFFNET"|"SIN PLAZA WR"|"OFF RED"
2674||3|"1"|"759"|"SKY"|"SUR"|"INTERIOR"|"SURESTE"|"GOLFO"|"Puebla"|"HUB ZACATLAN"|"NO IDENTIFICADA"|"ZACATLAN"|"N"||"ND"|"OFFNET"|"SIN PLAZA WR"|"OFF NET"
2678||3|"1"|"759"|"SKY"|"SUR"|"INTERIOR"|"SURESTE"|"GOLFO"|"Puebla"|"HUB TEZIUTLAN"|"NO IDENTIFICADA"|"AYOTOXCO"|"N"||"ND"|"OFFNET"|"SIN PLAZA WR"|"OFF NET"
2682||3|"1"|"759"|"SKY"|"NORTE"|"NORTE"|"PACIFICO"|"PACIFICO"|"Sonora"|"HUB SAN LUIS RIO COLORADO"|"NO IDENTIFICADA"|"SAN LUIS RIO COLORADO"|"N"||"ND"|"OFFNET"|"SIN PLAZA WR"|"ON NET"
2686||3|"1"|"759"|"SKY"|"SUR"|"INTERIOR"|"SURESTE"|"GOLFO"|"Puebla"|"HUB PUEBLA"|"NO IDENTIFICADA"|"HUAQUECHULA"|"N"||"ND"|"OFFNET"|"SIN PLAZA WR"|"OFF NET"
2690||3|"1"|"759"|"SKY"|"NORTE"|"INTERIOR"|"PACIFICO"|"CENTRO"|"Zacatecas"|"HUB GUADALUPE"|"NO IDENTIFICADA"|"ZAC GUADALUPE"|"N"||"ND"|"OFFNET"|"SIN PLAZA WR"|"ON NET"
2694||3|"1"|"759"|"SKY"|"SUR"|"INTERIOR"|"SURESTE"|"GOLFO"|"Tlaxcala"|"HUB CALPULALPAN"|"NO IDENTIFICADA"|"ESPAÑITA"|"N"||"ND"|"OFFNET"|"SIN PLAZA WR"|"OFF RED"
2698||3|"1"|"759"|"SKY"|"SUR"|"INTERIOR"|"SURESTE"|"GOLFO"|"Puebla"|"HUB AMOZOC"|"NO IDENTIFICADA"|"GUADALUPE VICTORIA PUE"|"N"||"ND"|"OFFNET"|"SIN PLAZA WR"|"OFF NET"
2824||3|"1"|"759"|"SKY"|"NORTE"|"INTERIOR"|"PACIFICO"|"CENTRO"|"Nayarit"|"HUB TEPIC"|"NO IDENTIFICADA"|"TEPIC"|"N"||"ND"|"OFFNET"|"SIN PLAZA WR"|"ON NET"
2828||3|"1"|"759"|"SKY"|"NORTE"|"NORTE"|"PACIFICO"|"PACIFICO"|"Chihuahua"|"HUB CHIHUAHUA"|"NO IDENTIFICADA"|"SAUCILLO"|"N"||"ND"|"OFFNET"|"SIN PLAZA WR"|"OFF NET"
2832||3|"1"|"759"|"SKY"|"NORTE"|"NORTE"|"PACIFICO"|"PACIFICO"|"Sonora"|"HUB NAVOJOA"|"NO IDENTIFICADA"|"SON BENITO JUAREZ"|"N"||"ND"|"OFFNET"|"SIN PLAZA WR"|"OFF NET"
2836||3|"1"|"759"|"SKY"|"METRO"|"METRO"|"METROPOLITANA"|"MXNORTE"|"Hidalgo"|"HUB TULANCINGO"|"NO IDENTIFICADA"|"ACAXOCHITLAN"|"N"||"ND"|"OFFNET"|"SIN PLAZA WR"|"OFF RED"
2840||3|"1"|"759"|"SKY"|"SUR"|"INTERIOR"|"SURESTE"|"GOLFO"|"Puebla"|"HUB TEZIUTLAN"|"NO IDENTIFICADA"|"HUEYTAMALCO"|"N"||"ND"|"OFFNET"|"SIN PLAZA WR"|"OFF RED"
2844||3|"1"|"759"|"SKY"|"SUR"|"INTERIOR"|"SURESTE"|"GOLFO"|"Veracruz de Ignacio de la Llave"|"HUB VERACRUZ"|"NO IDENTIFICADA"|"RAFAEL DELGADO"|"N"||"ND"|"OFFNET"|"SIN PLAZA WR"|"OFF NET"
2848||3|"1"|"759"|"SKY"|"NORTE"|"INTERIOR"|"PACIFICO"|"CENTRO"|"Durango"|"HUB GOMEZ PALACIO"|"NO IDENTIFICADA"|"GRAL SIMON BOLIVAR"|"N"||"ND"|"OFFNET"|"SIN PLAZA WR"|"OFF NET"
2852||3|"1"|"759"|"SKY"|"SUR"|"INTERIOR"|"SURESTE"|"GOLFO"|"Puebla"|"HUB TEZIUTLAN"|"NO IDENTIFICADA"|"XIUTETELCO"|"N"||"ND"|"OFFNET"|"SIN PLAZA WR"|"ON NET"
2782||3|"1"|"759"|"SKY"|"SUR"|"INTERIOR"|"OCCIDENTE"|"SURESTE"|"Oaxaca"|"HUB JUXTLAHUACA"|"NO IDENTIFICADA"|"SAN MARTIN ITUNYOSO"|"N"||"ND"|"OFFNET"|"SIN PLAZA WR"|"OFF NET"
2860||3|"1"|"759"|"SKY"|"NORTE"|"INTERIOR"|"PACIFICO"|"CENTRO"|"Zacatecas"|"HUB VALPARAISO"|"NO IDENTIFICADA"|"JIMENEZ DE TEUL"|"N"||"ND"|"OFFNET"|"SIN PLAZA WR"|"OFF NET"
604|"B4268D22AF4E125CDF92FCCACAD65FF193BDFA4E"|5|"CL"|"032"|"CABLEMAS"|"SUR"|"METROSUR"|"SURESTE"|"SURESTE"|"QUINTANA ROO"|"CHETUMAL"|"CHETUMAL"|"CHETUMAL"||"Y"|"IZZI"||"CHETUMAL"|"NO IDENTIFICADA"
278|"3FDE677E8C37F28FFD7498BA27552A16DE7E86A5"|1|"72"|"072"|"CABLEMAS"|"SUR"|"METROSUR"|"SURESTE"|"SURESTE"|"VERACRUZ"|"PMS ACAYUCAN"|"AGUA DULCE"|"AGUA DULCE"||"Y"|||"VERACRUZ"|"NO IDENTIFICADA"
2|"E3B8439EA0A1F533927115104A360D2D5823AE94"|5|"-4"|"0"|"TELECABLE"|"NO IDENTIFICADA"||"NO IDENTIFICADA"||"ND"|"NO IDENTIFICADA"|"NO IDENTIFICADA"|"NO IDENTIFICADA"||"N"|"ND"||"ND"|"NO IDENTIFICADA"
2597||3|"1"|"759"|"SKY"|"SUR"|"INTERIOR"|"OCCIDENTE"|"OCCIDENTE"|"Guerrero"|"HUB OMETEPEC"|"NO IDENTIFICADA"|"AYUTLA"|"N"||"ND"|"OFFNET"|"SIN PLAZA WR"|"OFF RED"
2819||3|"1"|"759"|"SKY"|"SUR"|"INTERIOR"|"OCCIDENTE"|"OCCIDENTE"|"Guerrero"|"HUB ACAPULCO"|"NO IDENTIFICADA"|"COYUCA BENITEZ"|"N"||"ND"|"OFFNET"|"SIN PLAZA WR"|"OFF NET"
184|"5C6359BF30CBFFD9AFACD7C524CA449615A21512"|6|"CC39"|"0"|"TVI"|"NORTE"|"METROSUR"|"NORESTE"|"GOLFO"|"TAMAULIPAS"|"MATAMOROS"|"MATAMOROS"|"MATAMOROS"||"Y"|||"MATAMOROS"|"NO IDENTIFICADA"
1113|"C45B29D6D3ACAB4B87C22185629CA0140EB0F916"|16|"API"|"562"|"CABLECOM"|"SUR"|"METROSUR"|"SURESTE"|"GOLFO"|"TLAXCALA"|"PMG APIZACO"|"APIZACO"|"APIZACO"||"Y"|"WIZZ"|"APIZACO"|"APIZACO"|"NO IDENTIFICADA"
1117|"F7256B59B6FAC6C9A3DC6EA8303381B420B8CCA1"|16|"AT"|"569"|"CABLECOM"|"SUR"|"METROSUR"|"SURESTE"|"GOLFO"|"PUEBLA"|"PMG ATLIXCO"|"ATENCINGO"|"ATENCINGO"||"Y"|"WIZZ"|"ATENCINGO"|"IGUALA"|"NO IDENTIFICADA"
1120|"F7FCF234570536429AF353347F22309D464711B1"|16|"CHI"|"570"|"CABLECOM"|"SUR"|"METROSUR"|"SURESTE"|"GOLFO"|"PUEBLA"|"PMG ATLIXCO"|"CHIETLA"|"CHIETLA"||"Y"|"WIZZ"|"CHIETLA"|"IGUALA"|"NO IDENTIFICADA"
1125|"D054F139A89D4BC77BE91491A35C4FFCEAE4DE7A"|16|"CUN"|"538"|"CABLECOM"|"SUR"|"METROSUR"|"SURESTE"|"SURESTE"|"TABASCO"|"PMS CÁRDENAS"|"CUNDUACAN"|"CUNDUACAN"||"Y"|"WIZZ"|"CUNDUACAN"|"CARDENAS"|"NO IDENTIFICADA"
1129|"A9F5A72EFD33FDA83F1E669B53883294699F131C"|16|"TZY"|"594"|"CABLEMAS"|"METRO"|"METROSUR"|"METROPOLITANA"|"MXNORTE"|"HIDALGO"|"PMM TULA"|"TIZAYUCA"|"TIZAYUCA"||"Y"|"WIZZ"|"TIZAYUCA"|"TULA"|"NO IDENTIFICADA"
64|"81905170CF48A2852913F1C0BF0D46DE22797A85"|8|"CC10"|"0"|"CABLEMAS"|"METRO"|"METROSUR"|"METROPOLITANA"|"MXNORTE"|"MEXICO"|"ECATEPEC"|"LOS REYES"|"LOS REYES ACOZAC"||"Y"|||"ECATEPEC"|"NO IDENTIFICADA"
1045|"187E8C74B941794E7DB253B822647310566BC3C7"|16|"LC"|"074"|"CABLEMAS"|"SUR"|"METROSUR"|"SURESTE"|"SURESTE"|"VERACRUZ"|"PMS ACAYUCAN"|"LAS CHOAPAS"|"LAS CHOAPAS"|"N"|"Y"|"WIZZ"|"LAS CHOAPAS"|"VERACRUZ"|"NO IDENTIFICADA"
465|"03C6FAE52F2A5F67EF6673E1609CBE4E8F6E52FD"|3|"ZS"|"400"|"TELECABLE"|"SUR"|"INTERIOR"|"OCCIDENTE"|"OCCIDENTE"|"JALISCO"|"ZAPOPAN"|"ZAPOPAN"|"ZAPOPAN"|"Y"|"N"|"IZZI"|"ZAPOPAN"|"ZAPOPAN"|"ON NET"
2272||3|"1"|"759"|"SKY"|"SUR"|"INTERIOR"|"SURESTE"|"GOLFO"|"Puebla"|"HUB TEZIUTLAN"|"NO IDENTIFICADA"|"CHIGNAUTLA"|"N"||"ND"|"OFFNET"|"SIN PLAZA WR"|"OFF NET"
475|"37BB76C2893DF79B45CF3607319C26264B080798"|3|"LG"|"017"|"CABLEMAS"|"SUR"|"INTERIOR"|"OCCIDENTE"|"CENTRO"|"JALISCO"|"LAGOS"|"LAGOS"|"LAGOS"|"N"|"Y"|"IZZI"|"LAGOS"|"LAGOS"|"ON NET"
2280||3|"1"|"759"|"SKY"|"NORTE"|"INTERIOR"|"PACIFICO"|"CENTRO"|"Zacatecas"|"HUB VALPARAISO"|"NO IDENTIFICADA"|"CHALCHIHUITES"|"N"||"ND"|"OFFNET"|"SIN PLAZA WR"|"OFF RED"
2284||3|"1"|"759"|"SKY"|"NORTE"|"INTERIOR"|"PACIFICO"|"CENTRO"|"Nayarit"|"HUB TEPIC"|"NO IDENTIFICADA"|"ROSAMORADA"|"N"||"ND"|"OFFNET"|"SIN PLAZA WR"|"OFF RED"
2288||3|"1"|"759"|"SKY"|"SUR"|"INTERIOR"|"SURESTE"|"GOLFO"|"Veracruz de Ignacio de la Llave"|"HUB POZA RICA"|"NO IDENTIFICADA"|"CASTILLO DE TEAYO"|"N"||"ND"|"OFFNET"|"SIN PLAZA WR"|"OFF NET"
2292||3|"1"|"759"|"SKY"|"SUR"|"INTERIOR"|"SURESTE"|"SURESTE"|"Chiapas"|"HUB REFORMA"|"NO IDENTIFICADA"|"SOYALO"|"N"||"ND"|"OFFNET"|"SIN PLAZA WR"|"OFF NET"
2296||3|"1"|"759"|"SKY"|"NORTE"|"NORTE"|"NORESTE"|"NORESTE"|"Nuevo León"|"HUB LINARES"|"NO IDENTIFICADA"|"GALEANA"|"N"||"ND"|"OFFNET"|"SIN PLAZA WR"|"OFF RED"
2268||3|"1"|"759"|"SKY"|"SUR"|"INTERIOR"|"OCCIDENTE"|"OCCIDENTE"|"Jalisco"|"HUB PUERTO VALLARTA"|"NO IDENTIFICADA"|"CUAUTITLAN DE GARCIA BARRAGAN"|"N"||"ND"|"OFFNET"|"SIN PLAZA WR"|"OFF RED"
502|"2F78129D2495C0468A51D4B6145DD5F3268A4599"|5|"NUL"|"418"|"TELECABLE"|"NORTE"|"NORTE"|"NORESTE"|"NORESTE"|"TAMAULIPAS"|"NUEVO LAREDO"|"NUEVO LAREDO"|"NUEVO LAREDO"||"Y"|"IZZI"||"NUEVO LAREDO"|"NO IDENTIFICADA"
510|"737BA744AAA7202BEF2A8DDE7E757CF829261E3C"|5|"COR"|"603"|"CABLECOM"|"SUR"|"METROSUR"|"SURESTE"|"SURESTE"|"VERACRUZ"|"CORDOBA"|"CORDOBA"|"CORDOBA"||"Y"|"IZZI"||"CORDOBA"|"NO IDENTIFICADA"
518|"D5E7FE97DDB34FFAEBAD5367F6024F56D96F35ED"|5|"IXT"|"582"|"CABLEMAS"|"METRO"|"METROSUR"|"METROPOLITANA"|"MXSUR"|"MEXICO"|"IXTAPALUCA"|"IXTAPALUCA"|"CHALCO"||"Y"|"IZZI"||"IXTAPALUCA"|"NO IDENTIFICADA"
526|"D11481884AC79BDB904E4F9FF25EC761538D63FC"|5|"MEO"|"578"|"CABLEMAS"|"METRO"|"METROSUR"|"METROPOLITANA"|"MXNORTE"|"MEXICO"|"MELCHOR OCAMPO"|"MELCHOR"|"COACALCO"||"N"|"IZZI"||"MELCHOR OCAMPO"|"NO IDENTIFICADA"
534|"BB0F22EC0CC516638310692EBC759994906B6B30"|5|"MEO"|"593"|"CABLEMAS"|"METRO"|"METROSUR"|"METROPOLITANA"|"MXNORTE"|"MEXICO"|"MELCHOR OCAMPO"|"MELCHOR"|"MOCUAUTITLAN"||"Y"|"IZZI"||"MELCHOR OCAMPO"|"NO IDENTIFICADA"
542|"2CE79BD0DA7D9E023CEB8A1382940977414D0216"|5|"ALT"|"432"|"TELECABLE"|"NORTE"|"METROSUR"|"NORESTE"|"GOLFO"|"TAMAULIPAS"|"ALTAMIRA"|"ALTAMIRA"|"ALTAMIRA"||"Y"|"IZZI"||"ALTAMIRA"|"NO IDENTIFICADA"
550|"83AAA53CAEC3DB235CBCFAFB22347E10B7F397DF"|5|"COR"|"606"|"CABLECOM"|"SUR"|"METROSUR"|"SURESTE"|"SURESTE"|"VERACRUZ"|"CORDOBA"|"CORDOBA"|"FORTIN"||"Y"|"IZZI"||"CORDOBA"|"NO IDENTIFICADA"
558|"CF67D79DFF1A3CAF4583C11A8F517D1A5D3B7D42"|5|"CM"|"083"|"CABLEMAS"|"METRO"|"METROSUR"|"METROPOLITANA"|"MXCENTRO"|"MEXICO"|"CHIMALHUACAN"|"CHIMALHUACAN"|"CHIMALHUACAN"||"Y"|"IZZI"||"CHIMALHUACAN"|"NO IDENTIFICADA"
566|"0D899D67362B44F8C99A1392DF4E005D15B04E5D"|5|"ECA"|"579"|"CABLEMAS"|"METRO"|"METROSUR"|"METROPOLITANA"|"MXNORTE"|"MEXICO"|"ECATEPEC"|"ECATEPEC"|"ECATEPEC"||"Y"|"IZZI"||"ECATEPEC"|"NO IDENTIFICADA"
594|"5ADAC06CC53BD4356C068E9FADA5BA1252FF9422"|5|"VHA"|"531"|"CABLECOM"|"SUR"|"METROSUR"|"SURESTE"|"SURESTE"|"TABASCO"|"VILLAHERMOSA"|"VILLA HERMOSA"|"VILLAHERMOSA"||"Y"|"IZZI"||"VILLA HERMOSA"|"NO IDENTIFICADA"
1038|"5BD46EDFBC025B7468D8F15D381E02BF1DEC680F"|16|"END"|"095"|"CABLEMAS"|"SUR"|"NORTE"|"OCCIDENTE"|"CENTRO"|"JALISCO"|"PMC TEOCALTICHE"|"ENCARNACION DE DIAZ"|"ENCARNACION DE DIAZ"|"N"|"Y"|"WIZZ"|"ENCARNACION DE DIAZ"|"TEOCALTICHE"|"NO IDENTIFICADA"
1043|"FACB29D58522C7FDFD22F1384E063F8DCE176221"|16|"YCA"|"091"|"CABLEMAS"|"SUR"|"NORTE"|"OCCIDENTE"|"CENTRO"|"JALISCO"|"PMC TEOCALTICHE"|"YAHUALICA"|"YAHUALICA"|"N"|"Y"|"WIZZ"|"YAHUALICA"|"TEOCALTICHE"|"NO IDENTIFICADA"
731|"67F7BD72DA513CC0C79C9294CDCDFA27376E96B3"|5|"PAR"|"536"|"CABLECOM"|"SUR"|"METROSUR"|"SURESTE"|"SURESTE"|"TABASCO"|"PMS CÁRDENAS"|"PARAISO"|"PARAISO"||"Y"|"WIZZ"||"CARDENAS"|"NO IDENTIFICADA"
227|"5A21A537066B99778654EE69781DC256BDF92C44"|2|"51"|"051"|"CABLEMAS"|"NORTE"|"NORTE"|"PACIFICO"|"PACIFICO"|"CHIHUAHUA"|"CHIHUAHUA"|"CHIHUAHUA"|"CHIHUAHUA"||"Y"|||"CHIHUAHUA"|"NO IDENTIFICADA"
231|"04CA0F96977CCCF538DFA9161342D87AD994EF52"|6|"CC53"|"0"|"CABLECOM"|"SUR"|"METROSUR"|"SURESTE"|"SURESTE"|"CAMPECHE"|"CIUDAD DEL CARMEN"|"CD. DEL CARMEN"|"CIUDAD DEL CARMEN"||"Y"|||"CIUDAD DEL CARMEN"|"NO IDENTIFICADA"
2001|"E7C977839AA9CBC37497D832921094F455FF7806"|5|"CHO"|"615"|"CABLECOM"|"SUR"|"METROSUR"|"SURESTE"|"GOLFO"|"PUEBLA"|"CHOLULA"|"CHOLULA"|"CHOLULA"|||"IZZI"||"SIN PLAZA WR"|"NO IDENTIFICADA"
2184||5|"CORR"|"603"|"CABLECOM"|"SUR"||"SURESTE"||"VERACRUZ"|"CORDOBA"|"CORDOBA"|"CORDOBA"|||||"SIN PLAZA WR"|"NO IDENTIFICADA"
980|"7696BECA3EDE8329F3CD031FFDB0BEF07CF93A0E"|16|"IX"|"084"|"CABLEMAS"|"METRO"|"METROSUR"|"METROPOLITANA"|"MXSUR"|"MEXICO"|"IXTAPALUCA"|"IXTAPALUCA"|"IXTAPALUCA LOS REYES"|"Y"|"N"|"IZZI"|"SAN BUENAVENTURA"|"IXTAPALUCA"|"NO IDENTIFICADA"
185|"D03E99131E8A9E8BA384029DDE380F4CC79FD9C6"|8|"CC39"|"0"|"TVI"|"NORTE"|"METROSUR"|"NORESTE"|"GOLFO"|"TAMAULIPAS"|"MATAMOROS"|"MATAMOROS"|"MATAMOROS"||"Y"|||"MATAMOROS"|"NO IDENTIFICADA"
189|"FA81D2E434AECED6DFD5C00CE7B9C178C6CF9DA6"|8|"CC40"|"0"|"CABLECOM"|"METRO"|"METROSUR"|"METROPOLITANA"|"MXNORTE"|"HIDALGO"|"PACHUCA"|"PACHUCA"|"PACHUCA"||"Y"|||"PACHUCA"|"NO IDENTIFICADA"
193|"661B3C1F02EB25D60A2C515AF226FD1344B510E0"|8|"CC41"|"0"|"CABLEMAS"|"METRO"|"METROSUR"|"METROPOLITANA"|"MXNORTE"|"HIDALGO"|"PMM TULA"|"SAHAGUN"|"SAHAGUN"||"Y"|||"TULA"|"NO IDENTIFICADA"
197|"5411E82A66B72EF231AB312224247ABADAFFE87E"|6|"CC42"|"0"|"CABLEMAS"|"SUR"|"METROSUR"|"SURESTE"|"GOLFO"|"PUEBLA"|"TLAXCALA"|"SAN MARTIN"|"SAN MARTIN TEXMELUCAN"||"Y"|||"TLAXCALA"|"NO IDENTIFICADA"
67|"23B34D5129056D70910E472F0E7A6E38E86A1F05"|6|"CC11"|"0"|"CABLEMAS"|"METRO"|"METROSUR"|"METROPOLITANA"|"MXNORTE"|"MEXICO"|"MELCHOR OCAMPO"|"MELCHOR"|"MELCHOR OCAMPO"||"Y"|||"MELCHOR OCAMPO"|"NO IDENTIFICADA"
1048|"429F2CB3DF0A88B5FF0599AA964087254C444DE7"|16|"TPR"|"027"|"CABLEMAS"|"METRO"|"METROSUR"|"METROPOLITANA"|"MXNORTE"|"HIDALGO"|"PMM TULA"|"TEPEJI DEL RIO"|"TEPEJI DEL RIO"|"N"|"Y"|"WIZZ"|"TEPEJI DEL RIO"|"TULA"|"NO IDENTIFICADA"
1052|"4323CBB15C6246128318E9DC4FFA023989DA03A1"|16|"LIN"|"307"|"TVI"|"NORTE"|"NORTE"|"NORESTE"|"NORESTE"|"NUEVO LEON"|"PMN LINARES"|"LINARES"|"LINARES"|"N"|"Y"|"WIZZ"|"LINARES MONTEMORELOS"|"LINARES"|"NO IDENTIFICADA"
1056|"64A6882E02A2D488AEDFE30BD3B568C8F4B516EB"|16|"RBR"|"308"|"TVI"|"NORTE"|"METROSUR"|"NORESTE"|"GOLFO"|"TAMAULIPAS"|"MATAMOROS"|"RIO BRAVO"|"RIO BRAVO"|"Y"|"Y"|"WIZZ"|"RIO BRAVO"|"MATAMOROS"|"NO IDENTIFICADA"
999|"538AC2C7A42526032676AD0C306EA7C08E5693E5"|16|"MEO"|"589"|"CABLEMAS"|"METRO"|"METROSUR"|"METROPOLITANA"|"MXNORTE"|"MEXICO"|"MELCHOR OCAMPO"|"MELCHOR"|"TEOLOYUCAN"|"Y"|"Y"|"IZZI"|"TEOLOYUCAN"|"MELCHOR OCAMPO"|"NO IDENTIFICADA"
1003|"8F27861D5CDDB0A0B3725492EC31B09573286BAE"|16|"GAR"|"300"|"TVI"|"NORTE"|"NORTE"|"NORESTE"|"NORESTE"|"NUEVO LEON"|"MONTERREY"|"GARCIA"|"GARCIA"|"Y"|"Y"|"IZZI"|"MONTERREY"|"MTY - SANTA CATARINA"|"NO IDENTIFICADA"
1007|"92FA4A2CEBEB93E67988C93AD7D582B50E912DD2"|16|"BAL"|"304"|"TVI"|"NORTE"|"METROSUR"|"NORESTE"|"GOLFO"|"TAMAULIPAS"|"REYNOSA TVI"|"REYNOSA"|"BALCONES"|"Y"|"Y"|"IZZI"|"REYNOSA"|"REYNOSA"|"NO IDENTIFICADA"
1011|"4E3CB840266F800897C1AA99382C08FFA9B12AC8"|16|"CM"|"583"|"CABLEMAS"|"METRO"|"METROSUR"|"METROPOLITANA"|"MXCENTRO"|"MEXICO"|"CHIMALHUACAN"|"NEZAHUALCOYOTL"|"NEZAHUALCOYOTL"|"Y"|"Y"|"IZZI"|"NEZA"|"CHIMALHUACAN"|"NO IDENTIFICADA"
1015|"156159EE9E302FC77F680E51F86DF8FA8C4BDE3D"|16|"CM"|"081"|"CABLEMAS"|"METRO"|"METROSUR"|"METROPOLITANA"|"MXCENTRO"|"MEXICO"|"CHIMALHUACAN"|"LOS REYES ACAQUILPAN"|"LOS REYES ACAQUILPAN"|"Y"|"Y"|"IZZI"|"IXTAPALUCA"|"CHIMALHUACAN"|"NO IDENTIFICADA"
2181||3|"CELR"|"597"|"CABLECOM"|"NORTE"|"INTERIOR"|"NORESTE"|"CENTRO"|"GUANAJUATO"|"CELAYA"|"CELAYA"|"CELAYA"||||"CELAYA"|"SIN PLAZA WR"|"ON NET"
2537||3|"1"|"759"|"SKY"|"SUR"|"INTERIOR"|"OCCIDENTE"|"OCCIDENTE"|"Jalisco"|"HUB COLOTLAN"|"NO IDENTIFICADA"|"HUEJUQUILLA"|"N"||"ND"|"OFFNET"|"SIN PLAZA WR"|"OFF NET"
2586||3|"1"|"759"|"SKY"|"SUR"|"INTERIOR"|"OCCIDENTE"|"OCCIDENTE"|"Jalisco"|"HUB PUERTO VALLARTA"|"NO IDENTIFICADA"|"AUTLAN"|"N"||"ND"|"OFFNET"|"SIN PLAZA WR"|"OFF NET"
2615||3|"1"|"759"|"SKY"|"SUR"|"INTERIOR"|"OCCIDENTE"|"OCCIDENTE"|"Jalisco"|"HUB TEPATITLAN"|"NO IDENTIFICADA"|"JESUS MARIA"|"N"||"ND"|"OFFNET"|"SIN PLAZA WR"|"OFF NET"
2209||3|"1"|"759"|"SKY"|"SUR"|"INTERIOR"|"SURESTE"|"GOLFO"|"Veracruz de Ignacio de la Llave"|"HUB PANUCO"|"NO IDENTIFICADA"|"OZULUAMA"|"N"||"ND"|"OFFNET"|"SIN PLAZA WR"|"OFF RED"
2213||3|"1"|"759"|"SKY"|"METRO"|"METRO"|"METROPOLITANA"|"MXNORTE"|"México"|"HUB TOLUCA"|"NO IDENTIFICADA"|"LERMA"|"N"||"ND"|"OFFNET"|"SIN PLAZA WR"|"OFF NET"
2217||3|"1"|"759"|"SKY"|"NORTE"|"NORTE"|"NORESTE"|"NORESTE"|"Nuevo León"|"HUB SABINAS"|"NO IDENTIFICADA"|"AGUALEGUAS"|"N"||"ND"|"OFFNET"|"SIN PLAZA WR"|"OFF NET"
650|"8EEF985DD770D91FA416F90952AF979CD4BCB76C"|5|"VHE"|"310"|"TVI"|"NORTE"|"METROSUR"|"NORESTE"|"GOLFO"|"TAMAULIPAS"|"MATAMOROS"|"VALLE HERMOSO"|"VALLE HERMOSO"||"Y"|"WIZZ"||"MATAMOROS"|"NO IDENTIFICADA"
318|"515FE9758B93EDCF8930885D136F1F0ABD02D077"|5|"KI"|"000"|"CABLEVISIÓN"|"METRO"|"METROSUR"|"METROPOLITANA"|"MXCENTRO"|"CIUDAD DE MEXICO"|"SANTA FE"|"METROPOLITANA"|"SANTA FE"||"Y"|"IZZI"||"SANTA FE"|"NO IDENTIFICADA"
326|"C64F005F19F1E333CF26433D6A0EB554EDF3A533"|5|"TL"|"000"|"CABLEVISIÓN"|"METRO"|"METROSUR"|"METROPOLITANA"|"MXSUR"|"CIUDAD DE MEXICO"|"TLALPAN"|"METROPOLITANA"|"TLALPAN"||"Y"|"IZZI"||"TLALPAN"|"NO IDENTIFICADA"
334|"0A1AAFDDA7E8523EBB8192199801D67CCBCA5A4E"|5|"EN"|"012"|"CABLEMAS"|"NORTE"|"NORTE"|"PACIFICO"|"PACIFICO"|"BAJA CALIFORNIA"|"ENSENADA"|"ENSENADA"|"ENSENADA"||"Y"|"IZZI"||"ENSENADA"|"NO IDENTIFICADA"
342|"2120CC800B1A155885CBB72DC836E1DD18C56658"|5|"RS"|"015"|"CABLEMAS"|"NORTE"|"NORTE"|"PACIFICO"|"PACIFICO"|"BAJA CALIFORNIA"|"TIJUANA"|"ROSARITO"|"ROSARITO"||"Y"|"IZZI"||"TIJUANA"|"NO IDENTIFICADA"
52|"021287AAE9B9C674B383EB2EBF4B94CD0F43A960"|8|"CC7"|"0"|"CABLEMAS"|"METRO"|"METROSUR"|"METROPOLITANA"|"MXSUR"|"MEXICO"|"IXTAPALUCA"|"CHALCO"|"CHALCO"||"Y"|||"IXTAPALUCA"|"NO IDENTIFICADA"
56|"971F1F715418F193362D4907BD277BEA3535B7BE"|8|"CC8"|"0"|"CABLEMAS"|"METRO"|"METROSUR"|"METROPOLITANA"|"MXNORTE"|"MEXICO"|"MELCHOR OCAMPO"|"MELCHOR"|"COACALCO"||"Y"|||"MELCHOR OCAMPO"|"NO IDENTIFICADA"
60|"2B4EF49299972FA407C44DC3AE1EBF46E3B8563E"|8|"CC9"|"0"|"CABLEMAS"|"METRO"|"METROSUR"|"METROPOLITANA"|"MXNORTE"|"MEXICO"|"MELCHOR OCAMPO"|"CUAUTITLAN"|"MOCUAUTITLAN"||"Y"|||"MELCHOR OCAMPO"|"NO IDENTIFICADA"
1072|"5E84BCB5CAC18E0BCA98875328D765703550B7DF"|16|"PON"|"424"|"TELECABLE"|"SUR"|"NORTE"|"OCCIDENTE"|"OCCIDENTE"|"JALISCO"|"PMO LA BARCA"|"PONCITLAN"|"PONCITLAN"||"Y"|"WIZZ"|"PONCITLAN"|"TEOCALTICHE"|"NO IDENTIFICADA"
1180|"81C53692B53080DE343A72685E56FE0DEBE7C502"|11|"1"|"0"|"AXTEL"|"ND"||"ND"||"ND"|"ND"|"ND"|"ND"||"Y"|||"ND"|"NO IDENTIFICADA"
0|"9E76940C3F4CC221F9D7221AF9517A98650A71D8"|1|"CAPM"|"999"|"AAAA"|"AAAA"||"AAAA"||"ND"|"AAAA"|"AAAA"|"AAAA"||"Y"|"SIN OFERTA"||"ND"|"NO IDENTIFICADA"
9|"62B28008B21558C177B1B6C6F275BAB1C1C3C062"|1|"0"|"0"|"CABLEMAS"|"METRO"||"ND"||"ND"|"ND"|"ND"|"ND"||"N"|||"ND"|"NO IDENTIFICADA"
14|"90082248B198E9C67143660A03EE8C425A3A78A5"|6|"0"|"0"|"CABLECOM"|"METRO"||"ND"||"ND"|"ND"|"ND"|"ND"||"N"|||"ND"|"NO IDENTIFICADA"
18|"30D71912C33AA0D84CE759B9E9A154012C70D3BA"|2|"1"|"0"|"CABLEMAS"|"METRO"||"ND"||"ND"|"ND"|"ND"|"ND"||"Y"|||"ND"|"NO IDENTIFICADA"
23|"E490280B98A21FA19AB5545BD88273E7EF992EF1"|7|"1"|"0"|"TELECABLE"|"METRO"||"ND"||"ND"|"ND"|"ND"|"ND"||"Y"|||"ND"|"NO IDENTIFICADA"
233|"2FD572BA6FAF1AC750432E64B941F9938056DEFB"|2|"53"|"053"|"CABLEMAS"|"NORTE"|"NORTE"|"PACIFICO"|"PACIFICO"|"CHIHUAHUA"|"CHIHUAHUA"|"CUAUHTEMOC"|"CUAUHTEMOC"||"Y"|||"CHIHUAHUA"|"NO IDENTIFICADA"
237|"48572D32F243D634F4A88EE061017C1DB123896A"|6|"CC55"|"0"|"CABLECOM"|"SUR"|"METROSUR"|"SURESTE"|"SURESTE"|"TABASCO"|"PMS CÁRDENAS"|"COMALCALCO"|"COMALCALCO"||"Y"|||"CARDENAS"|"NO IDENTIFICADA"
241|"C1AF6B21952A027C85C1CB6F02AC1FC1DAD2F998"|8|"CC56"|"0"|"CABLECOM"|"SUR"|"METROSUR"|"SURESTE"|"SURESTE"|"VERACRUZ"|"CORDOBA"|"CORDOBA"|"CORDOBA"||"Y"|||"CORDOBA"|"NO IDENTIFICADA"
245|"3620770A4942F0DBB3FC756EFDB6911F6B200127"|6|"CC58"|"0"|"CABLECOM"|"SUR"|"METROSUR"|"SURESTE"|"SURESTE"|"TABASCO"|"PMS CÁRDENAS"|"CUNDUACAN"|"CUNDUACAN"||"Y"|||"CARDENAS"|"NO IDENTIFICADA"
107|"49A690F29DC46CDB9FAF5C15D43D6B4EA718C2D6"|1|"19"|"019"|"CABLEMAS"|"SUR"|"METROSUR"|"SURESTE"|"SURESTE"|"VERACRUZ"|"MARTINEZ DE LA TORRE"|"MARTINEZ DE LA TORRE"|"MARTINEZ DE LA TORRE"||"Y"|||"ND"|"NO IDENTIFICADA"
2332||3|"1"|"759"|"SKY"|"SUR"|"INTERIOR"|"OCCIDENTE"|"OCCIDENTE"|"Guerrero"|"HUB OMETEPEC"|"NO IDENTIFICADA"|"OMETEPEC"|"N"||"ND"|"OFFNET"|"SIN PLAZA WR"|"OFF NET"
356|"936349BCEA26DD6CD8CEDF5900DBDDEE44AEC533"|5|"UM"|"028"|"CABLEMAS"|"SUR"|"METROSUR"|"SURESTE"|"SURESTE"|"YUCATAN"|"MERIDA"|"UMAN"|"UMAN"||"Y"|"IZZI"||"MERIDA"|"NO IDENTIFICADA"
364|"FBA8A84FFEE59419CAF8384BF65676B8DCA6FDD4"|5|"CX"|"062"|"CABLEMAS"|"SUR"|"METROSUR"|"SURESTE"|"SURESTE"|"YUCATAN"|"VALLADOLID"|"CHEMAX"|"CHEMAX"||"Y"|"IZZI"||"MERIDA"|"NO IDENTIFICADA"
372|"57075E75C04B44A0B1D0EAEE5F2EE75A2B7219D2"|5|"DL"|"052"|"CABLEMAS"|"NORTE"|"NORTE"|"PACIFICO"|"PACIFICO"|"CHIHUAHUA"|"CHIHUAHUA"|"DELICIAS"|"DELICIAS"||"Y"|"IZZI"||"CHIHUAHUA"|"NO IDENTIFICADA"
380|"6BBFBC762AE1548998B16C2420047EDB10BF8A13"|5|"MO"|"056"|"CABLEMAS"|"NORTE"|"NORTE"|"PACIFICO"|"PACIFICO"|"CHIHUAHUA"|"CHIHUAHUA"|"MEOQUI"|"MEOQUI"||"Y"|"IZZI"||"CHIHUAHUA"|"NO IDENTIFICADA"
388|"A7F4F4725E7003C2449A9F558261FB6A17ED8C46"|5|"TX"|"067"|"CABLEMAS"|"SUR"|"METROSUR"|"SURESTE"|"SURESTE"|"YUCATAN"|"VALLADOLID"|"TEMAX"|"TEMAX"||"Y"|"IZZI"||"MERIDA"|"NO IDENTIFICADA"
396|"2DDF3B0D83BB8EEFD8FF1E4EB372D5B4C9AFA8D9"|5|"CJ"|"060"|"CABLEMAS"|"NORTE"|"NORTE"|"PACIFICO"|"PACIFICO"|"CHIHUAHUA"|"CD. JUAREZ"|"CD. JUAREZ"|"CD. JUAREZ"||"Y"|"IZZI"||"CD. JUAREZ"|"NO IDENTIFICADA"
280|"8A1BD9A2AAD4ABA597C64923458F6BF2AEC3645D"|8|"CC73"|"0"|"CABLEMAS"|"SUR"|"METROSUR"|"SURESTE"|"SURESTE"|"VERACRUZ"|"PMS LOS TUXTLAS"|"SANTIAGO"|"SANTIAGO TUXTLA"||"Y"|||"VERACRUZ"|"NO IDENTIFICADA"
2762||3|"1"|"759"|"SKY"|"SUR"|"INTERIOR"|"OCCIDENTE"|"OCCIDENTE"|"Guerrero"|"HUB COYUCA"|"NO IDENTIFICADA"|"HELIODORO CASTILLO"|"N"||"ND"|"OFFNET"|"SIN PLAZA WR"|"OFF RED"
628|"05EEE406FE8A875F6CF8062B4E0AB6B70D0BB3BB"|5|"OC"|"023"|"CABLEMAS"|"SUR"|"NORTE"|"OCCIDENTE"|"OCCIDENTE"|"JALISCO"|"OCOTLAN"|"OCOTLAN"|"OCOTLAN"||"Y"|"WIZZ"||"OCOTLAN"|"NO IDENTIFICADA"
970|"59B8F0651C5693721D5188B06BE67BF4195D9E1D"|16|"GRL"|"400"|"TELECABLE"|"SUR"|"NORTE"|"OCCIDENTE"|"OCCIDENTE"|"JALISCO"|"ZAPOPAN"|"ZAPOPAN"|"ZAPOPAN"|"Y"|"Y"|"IZZI"|"ZAPOPAN"|"ZAPOPAN"|"NO IDENTIFICADA"
972|"41DA7855D46B7B3F54B049BAD97FCF5E83EAF70B"|16|"PUV"|"406"|"TELECABLE"|"SUR"|"NORTE"|"OCCIDENTE"|"OCCIDENTE"|"JALISCO"|"PUERTO VALLARTA"|"PUERTO VALLARTA"|"PUERTO VALLARTA"|"Y"|"Y"|"IZZI"|"PUERTO VALLARTA"|"PUERTO VALLARTA"|"NO IDENTIFICADA"
702|"8D669CD499E3A339E5407D4B6FD7195C715C67EF"|5|"ARA"|"445"|"TELECABLE"|"SUR"|"NORTE"|"OCCIDENTE"|"CENTRO"|"JALISCO"|"PMC TEPATITLAN"|"ARANDAS"|"ARANDAS"||"Y"|"WIZZ"||"TEPATITLAN"|"NO IDENTIFICADA"
706|"425EC94A019F9B114211930A0A40D6F14B0BC0D8"|5|"SJL"|"423"|"TELECABLE"|"SUR"|"NORTE"|"OCCIDENTE"|"CENTRO"|"JALISCO"|"PMC TEPATITLAN"|"SAN JUAN DE LOS LAGOS"|"SAN JUAN DE LOS LAGOS"||"Y"|"WIZZ"||"TEPATITLAN"|"NO IDENTIFICADA"
304|"073D1075EDF4AB38EC1444C03AAB4E463A9CB22F"|1|"96"|"096"|"CABLEMAS"|"SUR"|"NORTE"|"OCCIDENTE"|"CENTRO"|"AGUASCALIENTES"|"PMC TEOCALTICHE"|"CALVILLO"|"CALVILLO"||"Y"|||"TEOCALTICHE"|"NO IDENTIFICADA"
406|"75D23F5E6D47145A4A5817B034C5F4B94E1180F9"|5|"TU"|"039"|"CABLEMAS"|"SUR"|"METROSUR"|"SURESTE"|"SURESTE"|"QUINTANA ROO"|"PMS RIVIERA MAYA"|"TULUM"|"TULUM"||"Y"|"IZZI"||"RIVIERA MAYA"|"NO IDENTIFICADA"
414|"1E803E5A9041DFE963AE4A532B50182A020B13D8"|5|"CAD"|"300"|"TVI"|"NORTE"|"NORTE"|"NORESTE"|"NORESTE"|"NUEVO LEON"|"MONTERREY"|"CADEREYTA"|"CADEREYTA"||"Y"|"IZZI"||"MTY - JUAREZ"|"NO IDENTIFICADA"
422|"EF4DE6545BF9A27813875E1CC051A590820559AA"|5|"GPA"|"300"|"TVI"|"NORTE"|"NORTE"|"NORESTE"|"NORESTE"|"NUEVO LEON"|"MONTERREY"|"GUADALUPE"|"GUADALUPE"||"Y"|"IZZI"||"MTY - REVOLUCION"|"NO IDENTIFICADA"
430|"DF44FD4772FB7E93DBA530B74326DCB714E02D25"|5|"LVD"|"300"|"TVI"|"NORTE"|"NORTE"|"NORESTE"|"NORESTE"|"NUEVO LEON"|"MONTERREY"|"LINDA VISTA"|"LINDA VISTA"||"Y"|"IZZI"||"MTY - REVOLUCION"|"NO IDENTIFICADA"
438|"EA59CEB4979C7970C08DBF615518084F2C3845B3"|5|"SCA"|"300"|"TVI"|"NORTE"|"NORTE"|"NORESTE"|"NORESTE"|"NUEVO LEON"|"MONTERREY"|"SANTA CATARINA"|"SANTA CATARINA"||"Y"|"IZZI"||"MTY - SANTA CATARINA"|"NO IDENTIFICADA"
478|"36FD28A725D1CA74F97523DF3C4BF81CF1A06B3F"|5|"PUV"|"406"|"TELECABLE"|"SUR"|"NORTE"|"OCCIDENTE"|"OCCIDENTE"|"JALISCO"|"PUERTO VALLARTA"|"PUERTO VALLARTA"|"PUERTO VALLARTA"||"Y"|"IZZI"||"PUERTO VALLARTA"|"NO IDENTIFICADA"
73|"550B2A8D8FBEB3CE1B790DB56ABD2C3F04A847C7"|8|"CC12"|"0"|"CABLEMAS"|"METRO"|"METROSUR"|"METROPOLITANA"|"MXCENTRO"|"MEXICO"|"CHIMALHUACAN"|"NEZAHUALCOYOTL"|"NEZAHUALCOYOTL"||"Y"|||"CHIMALHUACAN"|"NO IDENTIFICADA"
77|"CEAF07E22DEE95408AC38EA989A5E2EA5F97056E"|6|"CC13"|"0"|"CABLEMAS"|"METRO"|"METROSUR"|"METROPOLITANA"|"MXNORTE"|"MEXICO"|"ECATEPEC"|"OJO DE AGUA"|"OJO DE AGUA"||"Y"|||"ECATEPEC"|"NO IDENTIFICADA"
81|"42B072A11ACBCD367F9A955D62BD628BC59BC9C2"|4|"59K5"|"0"|"TVI"|"NORTE"|"METROSUR"|"NORESTE"|"GOLFO"|"SAN LUIS POTOSI"|"PMG MATEHUALA"|"MATEHUALA"|"MATEHUALA"||"Y"|||"MATEHUALA"|"NO IDENTIFICADA"
85|"1259869FB7F8AF80972B929C2C69660DED139E57"|7|"TC14"|"0"|"TELECABLE"|"NORTE"|"NORTE"|"NORESTE"|"NORESTE"|"TAMAULIPAS"|"NUEVO LAREDO"|"NUEVO LAREDO"|"NUEVO LAREDO"||"Y"|||"NUEVO LAREDO"|"NO IDENTIFICADA"
89|"87FA1055985B61328CCA024965B952348529EDDC"|7|"TC15"|"0"|"TELECABLE"|"NORTE"|"NORTE"|"PACIFICO"|"CENTRO"|"NAYARIT"|"PMC SANTIAGO"|"ACAPONETA"|"ACAPONETA"||"Y"|||"SANTIAGO"|"NO IDENTIFICADA"
93|"3D6E8EDCFF591F851D2AB02BF12BE57003771C11"|8|"CC16"|"0"|"CABLEMAS"|"METRO"|"METROSUR"|"METROPOLITANA"|"MXNORTE"|"MEXICO"|"MELCHOR OCAMPO"|"MELCHOR"|"TEOLOYUCAN"||"Y"|||"MELCHOR OCAMPO"|"NO IDENTIFICADA"
97|"EE80B572A9E689FF2C9F1524B0CCAE902A4EB1B9"|8|"CC17"|"0"|"CABLEMAS"|"METRO"|"METROSUR"|"METROPOLITANA"|"MXNORTE"|"MEXICO"|"ECATEPEC"|"TEPEXPAN"|"TEPEXPAN"||"Y"|||"ECATEPEC"|"NO IDENTIFICADA"
101|"4D0DF48C38A51B1C2A43908B3294F88294416D4B"|8|"CC18"|"0"|"CABLEMAS"|"METRO"|"METROSUR"|"METROPOLITANA"|"MXNORTE"|"MEXICO"|"MELCHOR OCAMPO"|"MELCHOR"|"TEPOTZOTLAN"||"Y"|||"MELCHOR OCAMPO"|"NO IDENTIFICADA"
105|"D26325490A12AD05EBDF82527FC8CE43373BE9DF"|8|"CC19"|"0"|"CABLEMAS"|"METRO"|"METROSUR"|"METROPOLITANA"|"MXCENTRO"|"MEXICO"|"CHIMALHUACAN"|"TEXCOCO"|"TEXCOCO"||"Y"|||"CHIMALHUACAN"|"NO IDENTIFICADA"
110|"E41362E71E7320CC3D09B478B4888D6966F3A812"|7|"TC20"|"0"|"TELECABLE"|"NORTE"|"NORTE"|"PACIFICO"|"CENTRO"|"NAYARIT"|"PMC SANTIAGO"|"TECUALA"|"TECUALA"||"Y"|||"SANTIAGO"|"NO IDENTIFICADA"
114|"1CF08A0C7F6D6207B1A489B8786F6584E1634D84"|7|"TC21"|"0"|"TELECABLE"|"NORTE"|"NORTE"|"PACIFICO"|"CENTRO"|"NAYARIT"|"PMC SANTIAGO"|"TUXPAN"|"TUXPAN"||"Y"|||"SANTIAGO"|"NO IDENTIFICADA"
118|"C5EA6FA0F3EFB1C5BF1281EB708332B60B66FF64"|7|"TC22"|"0"|"TELECABLE"|"NORTE"|"NORTE"|"NORESTE"|"CENTRO"|"QUERETARO"|"SAN JUAN DEL RIO"|"SAN JUAN DEL RIO"|"SAN JUAN DEL RIO"||"Y"|||"SAN JUAN DEL RIO"|"NO IDENTIFICADA"
122|"A55E55FE77D7C3E9FD1627A3A77884278E1EB24C"|7|"TC23"|"0"|"TELECABLE"|"NORTE"|"METROSUR"|"NORESTE"|"GOLFO"|"TAMAULIPAS"|"TAMPICO"|"TAMPICO"|"TAMPICO"||"Y"|||"TAMPICO"|"NO IDENTIFICADA"
126|"93BA550A9472E9B4997B071DCF49F0BBB6A91B57"|7|"TC24"|"0"|"TELECABLE"|"SUR"|"METROSUR"|"SURESTE"|"SURESTE"|"CHIAPAS"|"PMS TAPACHULA"|"TAPACHULA"|"TAPACHULA"||"Y"|||"TAPACHULA"|"NO IDENTIFICADA"
162|"02DF66DD72338B881C15A4ED83616D5456F83FE0"|7|"TC33"|"0"|"TELECABLE"|"SUR"|"NORTE"|"OCCIDENTE"|"CENTRO"|"JALISCO"|"PMC TEPATITLAN"|"SAN MIGUEL EL ALTO"|"SAN MIGUEL EL ALTO"||"Y"|||"TEPATITLAN"|"NO IDENTIFICADA"
174|"3856B1062017BBF3BDA6CFC1EA186C7C2E2732BD"|7|"TC36"|"0"|"TELECABLE"|"SUR"|"NORTE"|"OCCIDENTE"|"CENTRO"|"JALISCO"|"PMC TEPATITLAN"|"EL SALTO"|"EL SALTO"||"Y"|||"TEPATITLAN"|"NO IDENTIFICADA"
178|"221DFEAE3EB6473DBF3878DE7A0C2DAF4F0477B8"|7|"TC37"|"0"|"TELECABLE"|"SUR"|"NORTE"|"OCCIDENTE"|"OCCIDENTE"|"JALISCO"|"ZAPOPAN"|"ZAPOPAN"|"ZAPOPAN"||"Y"|||"ZAPOPAN"|"NO IDENTIFICADA"
143|"25F04C43AF7E70AAA3F7740E57322C6599B74313"|1|"28"|"028"|"CABLEMAS"|"SUR"|"METROSUR"|"SURESTE"|"SURESTE"|"YUCATAN"|"MERIDA"|"UMAN"|"UMAN"||"Y"|||"MERIDA"|"NO IDENTIFICADA"
148|"C62D6991783D1263CCA05D8691E1BB21D642BB58"|6|"CC30"|"0"|"CABLEMAS"|"NORTE"|"NORTE"|"NORESTE"|"CENTRO"|"GUANAJUATO"|"PMC MOROLEON"|"VALLE DE SANTIAGO"|"VALLE DE SANTIAGO"||"Y"|||"MOROLEON"|"NO IDENTIFICADA"
152|"968AA523A67F209FBEE0E02DD57FD31B836C6C07"|6|"CC31"|"0"|"CABLEMAS"|"NORTE"|"NORTE"|"NORESTE"|"CENTRO"|"GUANAJUATO"|"PMC MOROLEON"|"YURIRIA"|"YURIRIA"||"Y"|||"MOROLEON"|"NO IDENTIFICADA"
620|"BE95150D1C7885BDF4A31A4DE6F7AACD5596B6B4"|5|"YCA"|"091"|"CABLEMAS"|"SUR"|"NORTE"|"OCCIDENTE"|"CENTRO"|"JALISCO"|"PMC TEOCALTICHE"|"YAHUALICA"|"YAHUALICA"||"Y"|"WIZZ"||"TEOCALTICHE"|"NO IDENTIFICADA"
440|"BE64814508DE2E0A4B041C64633FA42FEB330885"|5|"VFU"|"300"|"TVI"|"NORTE"|"NORTE"|"NORESTE"|"NORESTE"|"NUEVO LEON"|"MONTERREY"|"VILLA LAS FUENTES"|"VILLA LAS FUENTES"||"Y"|"IZZI"||"MTY - REVOLUCION"|"NO IDENTIFICADA"
642|"809409E7733B36AD9C7FECB9E9D2DC7D50B1A9FC"|5|"SAB"|"306"|"TVI"|"NORTE"|"NORTE"|"NORESTE"|"NORESTE"|"NUEVO LEON"|"PMN SABINAS"|"SABINAS"|"SABINAS"||"Y"|"WIZZ"||"SABINAS"|"NO IDENTIFICADA"
633|"17F34ADCAE5C45A41FCCF68371F6ECDE5E564EE1"|3|"VL"|"022"|"CABLEMAS"|"NORTE"|"INTERIOR"|"NORESTE"|"GOLFO"|"SAN LUIS POTOSI"|"PMG VALLES"|"VALLES"|"VALLES"|"N"|"Y"|"WIZZ"|"VALLES"|"VALLES"|"NO IDENTIFICADA"
689|"86B69C64A7E28C3708CDD975C9CB27FA3DAE13BF"|3|"RUI"|"443"|"TELECABLE"|"NORTE"|"INTERIOR"|"PACIFICO"|"CENTRO"|"NAYARIT"|"PMC SANTIAGO"|"RUIZ"|"RUIZ"||"Y"|"WIZZ"|"RUIZ"|"SANTIAGO"|"OFF NET"
697|"F55D92125A549BBE6B30DC594AE4DC24803F78B4"|3|"IXN"|"413"|"TELECABLE"|"NORTE"|"INTERIOR"|"PACIFICO"|"OCCIDENTE"|"NAYARIT"|"PMO TEQUILA"|"IXTLAN"|"IXTLAN"||"Y"|"WIZZ"|"IXTLAN"|"TEPATITLAN"|"NO IDENTIFICADA"
2495||3|"1"|"759"|"SKY"|"SUR"|"INTERIOR"|"OCCIDENTE"|"OCCIDENTE"|"Jalisco"|"HUB TEPATITLAN"|"NO IDENTIFICADA"|"ZAPOTLANEJO"|"N"||"ND"|"OFFNET"|"SIN PLAZA WR"|"ON NET"
721|"4762536683B24646094E0667C4B3462AF1FAD6A3"|3|"NAC"|"539"|"CABLECOM"|"SUR"|"INTERIOR"|"SURESTE"|"SURESTE"|"TABASCO"|"PMS CÁRDENAS"|"NACAJUCA"|"NACAJUCA"||"Y"|"WIZZ"|"NACAJUCA"|"CARDENAS"|"OFF NET"
725|"15513A702F71F8485B38CDF98EBA74F41E3CE85F"|3|"HUA"|"610"|"CABLECOM"|"SUR"|"INTERIOR"|"SURESTE"|"SURESTE"|"VERACRUZ"|"PMS VERACRUZ"|"HUATUSCO"|"HUATUSCO"||"Y"|"WIZZ"|"HUATUSCO"|"VERACRUZ"|"OFF NET"
734|"7A9E6AD108E8CB6FD1EAA7DC0789A3A48EDCAFFB"|3|"ALV"|"549"|"CABLEMAS"|"SUR"|"INTERIOR"|"SURESTE"|"SURESTE"|"VERACRUZ"|"PMS LOS TUXTLAS"|"ALVARADO"|"ALVARADO"||"Y"|"WIZZ"|"ALVARADO"|"VERACRUZ"|"OFF NET"
915|"A55DACFC0713A98657BC3D05AA9D8677A88A062F"|16|"CX"|"062"|"CABLEMAS"|"SUR"|"METROSUR"|"SURESTE"|"SURESTE"|"YUCATAN"|"VALLADOLID"|"CHEMAX"|"CHEMAX"|"Y"|"Y"|"IZZI"|"CHEMAX"|"MERIDA"|"NO IDENTIFICADA"
919|"48826DB36AFA23E217C36388F268CF22530EFA33"|16|"DL"|"052"|"CABLEMAS"|"NORTE"|"NORTE"|"PACIFICO"|"PACIFICO"|"CHIHUAHUA"|"CHIHUAHUA"|"DELICIAS"|"DELICIAS"|"Y"|"Y"|"IZZI"|"DELICIAS"|"CHIHUAHUA"|"NO IDENTIFICADA"
923|"D4BE26351FAB60C75DEB31AD5773F035586A15F8"|16|"MO"|"056"|"CABLEMAS"|"NORTE"|"NORTE"|"PACIFICO"|"PACIFICO"|"CHIHUAHUA"|"CHIHUAHUA"|"MEOQUI"|"MEOQUI"|"Y"|"Y"|"IZZI"|"MEOQUI"|"CHIHUAHUA"|"NO IDENTIFICADA"
927|"6F87348D85897F84DB76E2A3B25B1592A143E456"|16|"TX"|"067"|"CABLEMAS"|"SUR"|"METROSUR"|"SURESTE"|"SURESTE"|"YUCATAN"|"VALLADOLID"|"TEMAX"|"TEMAX"|"Y"|"Y"|"IZZI"|"TEMAX"|"MERIDA"|"NO IDENTIFICADA"
124|"BD9D3D31D3175A1308BE471ACEBB4988C2140F85"|6|"CC24"|"0"|"CABLECOM"|"SUR"|"NORTE"|"OCCIDENTE"|"OCCIDENTE"|"JALISCO"|"PMO LA BARCA"|"LA BARCA"|"LA BARCA"||"Y"|||"TEOCALTICHE"|"NO IDENTIFICADA"
138|"DF9846E80C0CA2DEBA547DEE237A695C6FF3A4E7"|7|"TC27"|"0"|"TELECABLE"|"SUR"|"NORTE"|"OCCIDENTE"|"CENTRO"|"JALISCO"|"PMC TEPATITLAN"|"ARANDAS"|"ARANDAS"||"Y"|||"TEPATITLAN"|"NO IDENTIFICADA"
250|"D5D857D45C0BEF7E8B2ED193E1C70F537DE67FE5"|8|"CC60"|"0"|"CABLECOM"|"SUR"|"METROSUR"|"SURESTE"|"SURESTE"|"VERACRUZ"|"PMS VERACRUZ"|"HUATUSCO"|"HUATUSCO"||"Y"|||"VERACRUZ"|"NO IDENTIFICADA"
254|"F4C89029921229F2784599E69C6C386D52E31209"|8|"CC61"|"0"|"CABLECOM"|"SUR"|"METROSUR"|"SURESTE"|"SURESTE"|"TABASCO"|"PMS CÁRDENAS"|"HUIMANGUILLO"|"HUIMANGUILLO"||"Y"|||"CARDENAS"|"NO IDENTIFICADA"
258|"B673FF9DE9B99BF6E26B80663ACE36F062849D14"|8|"CC63"|"0"|"CABLEMAS"|"SUR"|"METROSUR"|"SURESTE"|"SURESTE"|"VERACRUZ"|"PMS LOS TUXTLAS"|"LERDO"|"LERDO DE TEJADA"||"Y"|||"VERACRUZ"|"NO IDENTIFICADA"
262|"01B7E317906FB93B0E91CF8506B0BC3BEC991B16"|8|"CC65"|"0"|"CABLECOM"|"SUR"|"METROSUR"|"SURESTE"|"SURESTE"|"TABASCO"|"PMS CÁRDENAS"|"MACUSPANA"|"MACUSPANA"||"Y"|||"CARDENAS"|"NO IDENTIFICADA"
266|"0363315D2D763B68B41F7E4666ED6FCE6C9954C2"|8|"CC67"|"0"|"CABLEMAS"|"SUR"|"METROSUR"|"SURESTE"|"SURESTE"|"VERACRUZ"|"ORIZABA"|"ORIZABA"|"ORIZABA"||"Y"|||"ORIZABA"|"NO IDENTIFICADA"
270|"DECDF3E8AEC5FC246A2847AAAAD2B66D773ADBAD"|8|"CC69"|"0"|"CABLECOM"|"SUR"|"METROSUR"|"SURESTE"|"SURESTE"|"TABASCO"|"VILLAHERMOSA"|"PARRILLA"|"PARRILLA"||"Y"|||"VILLA HERMOSA"|"NO IDENTIFICADA"
274|"268838D3E89D5E7E329DB9DECA2DD09722D31449"|8|"CC71"|"0"|"CABLEMAS"|"SUR"|"METROSUR"|"SURESTE"|"SURESTE"|"VERACRUZ"|"ORIZABA"|"RIO BLANCO"|"RIO BLANCO"||"Y"|||"ORIZABA"|"NO IDENTIFICADA"
963|"B50B7C91074243231D59DBF4D530E20873E5466B"|16|"MN"|"018"|"CABLEMAS"|"SUR"|"METROSUR"|"SURESTE"|"SURESTE"|"VERACRUZ"|"MINATITLAN"|"MINATITLAN"|"MINATITLAN"|"Y"|"Y"|"IZZI"|"MINATITLAN"|"COATZACOALCOS"|"NO IDENTIFICADA"
1075|"0AEE3438EA4B419F8E72929AF9D418191998F929"|16|"ETZ"|"450"|"TELECABLE"|"SUR"|"NORTE"|"OCCIDENTE"|"OCCIDENTE"|"JALISCO"|"PMO TEQUILA"|"ETZATLAN"|"ETZATLAN"||"Y"|"WIZZ"|"ETZATLAN"|"TEPATITLAN"|"NO IDENTIFICADA"
1089|"9D4CDECDE13A7C99DB07344053701A2B4E48D655"|16|"ARA"|"445"|"TELECABLE"|"SUR"|"NORTE"|"OCCIDENTE"|"CENTRO"|"JALISCO"|"PMC TEPATITLAN"|"ARANDAS"|"ARANDAS"||"Y"|"WIZZ"|"ARANDAS"|"TEPATITLAN"|"NO IDENTIFICADA"
975|"65186103962E35725D4409D9677CE2DE9E7D2B28"|16|"SAS"|"301"|"CABLECOM"|"NORTE"|"NORTE"|"NORESTE"|"NORESTE"|"COAHUILA"|"COAHUILA"|"SALTILLO"|"SALTILLO"|"Y"|"N"|"IZZI"|"SALTILLO"|"SALTILLO"|"NO IDENTIFICADA"
686|"C181B56F895B43162E2811B58DDF3F215B2AE89E"|5|"ACP"|"415"|"TELECABLE"|"NORTE"|"NORTE"|"PACIFICO"|"CENTRO"|"NAYARIT"|"PMC SANTIAGO"|"ACAPONETA"|"ACAPONETA"||"Y"|"WIZZ"||"SANTIAGO"|"NO IDENTIFICADA"
694|"34ADA55C2AE33E50B4AC00F14E8E9891DAFCFA09"|5|"TCU"|"416"|"TELECABLE"|"NORTE"|"NORTE"|"PACIFICO"|"CENTRO"|"NAYARIT"|"PMC SANTIAGO"|"TECUALA"|"TECUALA"||"Y"|"WIZZ"||"SANTIAGO"|"NO IDENTIFICADA"
699|"9332CA3DC1CAE98A6586E83E1BF3B03661C2BA0C"|3|"CIH"|"435"|"TELECABLE"|"SUR"|"INTERIOR"|"OCCIDENTE"|"OCCIDENTE"|"JALISCO"|"MANZANILLO"|"CIHUATLAN"|"CIHUATLAN"||"Y"|"WIZZ"|"CIHUATLAN"|"MANZANILLO"|"OFF NET"
2954||3|||"SKY"|"NORTE"|"NORTE"|"PACIFICO"|"PACIFICO"|"SONORA"|"HUB CAJEME"|"HUB CAJEME"|"GUAYMAS"||||"Sin RPT"||"OFF NET"
2958||3|||"CABLEMAS"|"SUR"|"INTERIOR"|"OCCIDENTE"|"SURESTE"|"OAXACA"|"HUB OAXACA"|"HUB OAXACA"|"SAN PEDRO IXTLAHUACA"||||"Sin RPT"||"OFF RED"
2962||3|||"CABLEVISIÓN"|"METRO"|"METRO"|"METROPOLITANA"|"MXSUR"|"CIUDAD DE MEXICO"|"HUB CUAUHTEMOC"|"HUB CUAUHTEMOC"|"CUAUHTEMOC CDMX"||||"Sin RPT"||"ON NET"
2966||3|||"CABLEMAS"|"SUR"|"INTERIOR"|"OCCIDENTE"|"SURESTE"|"OAXACA"|"HUB SALINA CRUZ"|"HUB SALINA CRUZ"|"ASUNCION IXTALTEPEC"||||"Sin RPT"||"OFF RED"
2970||3|||"CABLEMAS"|"SUR"|"INTERIOR"|"SURESTE"|"SURESTE"|"CAMPECHE"|"HUB CAMPECHE"|"HUB CAMPECHE"|"CANDELARIA"||||"Sin RPT"||"OFF RED"
2974||3|||"SKY"|"SUR"|"INTERIOR"|"SURESTE"|"SURESTE"|"CHIAPAS"|"HUB REFORMA"|"HUB REFORMA"|"REFORMA"||||"Sin RPT"||"OFF NET"
2978||3|||"SKY"|"SUR"|"INTERIOR"|"SURESTE"|"SURESTE"|"CHIAPAS"|"HUB TAPACHULA"|"HUB TAPACHULA"|"SUCHIATE"||||"Sin RPT"||"OFF NET"
2982||3|||"CABLEMAS"|"NORTE"|"NORTE"|"PACIFICO"|"PACIFICO"|"CHIHUAHUA"|"HUB PARRAL"|"HUB PARRAL"|"CHIH JIMENEZ"||||"Sin RPT"||"OFF NET"
2986||3|||"CABLEMAS"|"NORTE"|"INTERIOR"|"NORESTE"|"CENTRO"|"GUANAJUATO"|"HUB CELAYA"|"HUB CELAYA"|"JERECUARO"||||"Sin RPT"||"OFF RED"
2990||3|||"CABLECOM"|"NORTE"|"INTERIOR"|"NORESTE"|"CENTRO"|"GUANAJUATO"|"HUB CELAYA"|"HUB CELAYA"|"CELAYA"||||"Sin RPT"||"ON NET"
2995||3|||"TELECABLE"|"NORTE"|"INTERIOR"|"PACIFICO"|"CENTRO"|"NAYARIT"|"HUB TEPIC"|"HUB TEPIC"|"ROSAMORADA"||||"Sin RPT"||"OFF RED"
2999||3|||"SKY"|"METRO"|"METRO"|"METROPOLITANA"|"MXNORTE"|"MEXICO"|"HUB TOLUCA"|"HUB TOLUCA"|"ZUMPAHUACAN"||||"Sin RPT"||"OFF RED"
3004||3|||"CABLECOM"|"NORTE"|"INTERIOR"|"NORESTE"|"GOLFO"|"SAN LUIS POTOSI"|"HUB MATEHUALA"|"HUB MATEHUALA"|"CEDRAL"||||"Sin RPT"||"OFF NET"
3009||3|||"SKY"|"SUR"|"INTERIOR"|"OCCIDENTE"|"SURESTE"|"OAXACA"|"HUB HUATULCO"|"HUB HUATULCO"|"SAN CARLOS YAUTEPEC"||||"Sin RPT"||"OFF RED"
3014||3|||"CABLECOM"|"SUR"|"INTERIOR"|"SURESTE"|"GOLFO"|"PUEBLA"|"HUB ZACATLAN"|"HUB ZACATLAN"|"ZACATLAN"||||"Sin RPT"||"OFF NET"
3018||3|||"TELECABLE"|"SUR"|"INTERIOR"|"SURESTE"|"GOLFO"|"VERACRUZ"|"HUB PANUCO"|"HUB PANUCO"|"PUEBLO VIEJO"||||"Sin RPT"||"ON NET"
3022||3|||"TELECABLE"|"NORTE"|"NORTE"|"NORESTE"|"NORESTE"|"TAMAULIPAS"|"HUB NUEVO LAREDO"|"HUB NUEVO LAREDO"|"NUEVO LAREDO"||||"Sin RPT"||"ON NET"
3027||3|||"CABLECOM"|"SUR"|"INTERIOR"|"SURESTE"|"GOLFO"|"VERACRUZ"|"HUB VERACRUZ"|"HUB VERACRUZ"|"HUATUSCO"||||"Sin RPT"||"OFF NET"
3031||3|||"CABLEMAS"|"NORTE"|"NORTE"|"NORESTE"|"NORESTE"|"COAHUILA"|"HUB TORREON"|"HUB TORREON"|"TORREON"||||"Sin RPT"||"OFF NET"
3036||3|||"SKY"|"NORTE"|"NORTE"|"PACIFICO"|"PACIFICO"|"CHIHUAHUA"|"HUB PARRAL"|"HUB PARRAL"|"VALLE DE ZARAGOZA"||||"Sin RPT"||"OFF RED"
3041||3|||"CABLEMAS"|"SUR"|"INTERIOR"|"OCCIDENTE"|"OCCIDENTE"|"MICHOACAN"|"HUB TACAMBARO"|"HUB TACAMBARO"|"MUGICA"||||"Sin RPT"||"OFF NET"
3291||3|||"CABLEMAS"|"METRO"|"METRO"|"METROPOLITANA"|"MXNORTE"|"MEXICO"|"HUB ACOLMAN"|"HUB ACOLMAN"|"ACOLMAN"||||"Sin RPT"||"OFF NET"
3295||3|||"CABLEMAS"|"SUR"|"INTERIOR"|"SURESTE"|"SURESTE"|"QUINTANA ROO"|"HUB CHETUMAL"|"HUB CHETUMAL"|"CHETUMAL"||||"Sin RPT"||"ON NET"
3299||3|||"CABLEMAS"|"NORTE"|"INTERIOR"|"PACIFICO"|"CENTRO"|"SINALOA"|"HUB CULIACAN"|"HUB CULIACAN"|"BADIRAGUATO"||||"Sin RPT"||"OFF NET"
3304||3|||"CABLECOM"|"SUR"|"INTERIOR"|"SURESTE"|"GOLFO"|"PUEBLA"|"HUB HUAUCHINANGO"|"HUB HUAUCHINANGO"|"HUEHUETLA"||||"Sin RPT"||"OFF RED"
3308||3|||"SKY"|"NORTE"|"NORTE"|"NORESTE"|"NORESTE"|"NUEVO LEON"|"HUB LINARES"|"HUB LINARES"|"RAYONES"||||"Sin RPT"||"OFF NET"
3313||3|||"SKY"|"SUR"|"INTERIOR"|"SURESTE"|"SURESTE"|"CHIAPAS"|"HUB REFORMA"|"HUB REFORMA"|"PICHUCALCO"||||"Sin RPT"||"OFF NET"
3317||3|||"TELECABLE"|"SUR"|"INTERIOR"|"OCCIDENTE"|"OCCIDENTE"|"JALISCO"|"HUB GUADALAJARA"|"HUB GUADALAJARA"|"ETZATLAN"||||"Sin RPT"||"OFF NET"
3322||3|||"TELECABLE"|"SUR"|"INTERIOR"|"OCCIDENTE"|"OCCIDENTE"|"JALISCO"|"HUB PUERTO VALLARTA"|"HUB PUERTO VALLARTA"|"CIHUATLAN"||||"Sin RPT"||"OFF NET"
454|"CE905A593010006034E1B5FDAEE76219FBFC53FE"|5|"CP"|"030"|"CABLEMAS"|"SUR"|"METROSUR"|"SURESTE"|"SURESTE"|"CAMPECHE"|"CAMPECHE"|"CAMPECHE"|"CAMPECHE"||"Y"|"IZZI"||"CAMPECHE"|"NO IDENTIFICADA"
464|"99EA42125E241C383C974322744D9C17D350B86C"|5|"JL"|"075"|"CABLEMAS"|"SUR"|"METROSUR"|"SURESTE"|"SURESTE"|"VERACRUZ"|"MINATITLAN"|"JALTIPAN"|"JALTIPAN"||"Y"|"IZZI"||"COATZACOALCOS"|"NO IDENTIFICADA"
480|"8BCDB78628D89820A965B49DFF574D9B4DB64354"|5|"IRA"|"429"|"TELECABLE"|"NORTE"|"NORTE"|"NORESTE"|"CENTRO"|"GUANAJUATO"|"IRAPUATO"|"IRAPUATO"|"IRAPUATO"||"Y"|"IZZI"||"IRAPUATO"|"NO IDENTIFICADA"
488|"0E365CD4A500BC4EEE91ADD52C3E40D8D68FF783"|5|"GRL"|"301"|"CABLECOM"|"NORTE"|"NORTE"|"NORESTE"|"NORESTE"|"COAHUILA"|"COAHUILA"|"SALTILLO"|"SALTILLO"||"Y"|"IZZI"||"SALTILLO"|"NO IDENTIFICADA"
576|"AE31B8F755CF7C765EAFDF86BDAF1A558EC73CFD"|5|"ECT"|"577"|"CABLEMAS"|"METRO"|"METROSUR"|"METROPOLITANA"|"MXNORTE"|"MEXICO"|"ECATEPEC"|"TEPEXPAN"|"TEPEXPAN"||"Y"|"IZZI"||"ECATEPEC"|"NO IDENTIFICADA"
584|"C109DF303382A431FFF8D7068044F3A4C0C304DE"|5|"TUL"|"605"|"CABLECOM"|"METRO"|"METROSUR"|"METROPOLITANA"|"MXNORTE"|"HIDALGO"|"TULANCINGO"|"TULANCINGO"|"TULANCINGO"||"Y"|"IZZI"||"TULANCINGO"|"NO IDENTIFICADA"
27|"B4987F080E36A0431C575D01BDFBEF700C5D1769"|8|"CC2"|"0"|"CABLECOM"|"NORTE"|"NORTE"|"PACIFICO"|"CENTRO"|"ZACATECAS"|"PMC FRESNILLO"|"FRESNILLO"|"FRESNILLO"||"Y"|||"FRESNILLO"|"NO IDENTIFICADA"
31|"852364F98E0F46EC9CCA85E7FFA4B713C2909BD2"|6|"CC3"|"0"|"CABLECOM"|"NORTE"|"NORTE"|"NORESTE"|"CENTRO"|"QUERETARO"|"QUERETARO"|"QUERETARO"|"QUERETARO"||"Y"|||"QUERETARO"|"NO IDENTIFICADA"
35|"60DD033326BA73242019EFE5143A89957BB5CA34"|11|"AXT4"|"0"|"AXTEL"|"AX"||"OCCIDENTE AX"||"ND"|"ZAPOPAN AX"|"0"|"ZAPOPAN AX"||"Y"|||"ND"|"NO IDENTIFICADA"
39|"05F64323ACCCA63B5AB61B03A5C64EDA327555E9"|4|"59JP"|"0"|"CABLECOM"|"NORTE"|"NORTE"|"NORESTE"|"NORESTE"|"COAHUILA"|"COAHUILA"|"SALTILLO"|"SALTILLO"||"Y"|||"SALTILLO"|"NO IDENTIFICADA"
507|"F7A6DD2495C5368B6E7A3777798EA78A527C5F80"|3|"AGS"|"428"|"TELECABLE"|"SUR"|"INTERIOR"|"OCCIDENTE"|"CENTRO"|"AGUASCALIENTES"|"AGUASCALIENTES"|"AGUASCALIENTES"|"AGUASCALIENTES"|"Y"|"Y"|"IZZI"|"AGUASCALIENTES"|"AGUASCALIENTES"|"ON NET"
47|"A9ABFB81512B2E5A3ECFB65116B5143ABAD09948"|8|"CC6"|"0"|"CABLEMAS"|"METRO"|"METROSUR"|"METROPOLITANA"|"MXSUR"|"MEXICO"|"IXTAPALUCA"|"AMECAMECA"|"AMECAMECA"||"Y"|||"IXTAPALUCA"|"NO IDENTIFICADA"
51|"AA7EC9A7283DFC7C1199AE6A0D38806D40982A38"|6|"CC7"|"0"|"CABLEMAS"|"METRO"|"METROSUR"|"METROPOLITANA"|"MXSUR"|"MEXICO"|"IXTAPALUCA"|"CHALCO"|"CHALCO"||"Y"|||"IXTAPALUCA"|"NO IDENTIFICADA"
288|"598EAB3CC1F826E220C0459CF1D03FF299F282ED"|6|"CC1"|"0"|"CABLECOM"|"NORTE"|"NORTE"|"NORESTE"|"CENTRO"|"GUANAJUATO"|"CELAYA"|"CELAYA"|"CELAYA"||"Y"|||"CELAYA"|"NO IDENTIFICADA"
294|"9644236DF6C2CFBCDE14EE2650CFB394F8D274C7"|1|"84"|"084"|"CABLEMAS"|"METRO"|"METROSUR"|"METROPOLITANA"|"MXSUR"|"MEXICO"|"IXTAPALUCA"|"SAN BUENAVENTURA"|"SAN BUENAVENTURA"||"Y"|||"ND"|"NO IDENTIFICADA"
298|"7F6EFFF73D1D1B2F35656B6635E72A44C56BBF86"|1|"90"|"090"|"CABLEMAS"|"SUR"|"METROSUR"|"SURESTE"|"GOLFO"|"VERACRUZ"|"POZA RICA"|"TIHUATLAN"|"TIHUATLAN"||"Y"|||"POZA RICA"|"NO IDENTIFICADA"
205|"8FCF4CE8EB74029E39C74314A71897A7D5E32C9A"|6|"CC44"|"0"|"CABLECOM"|"SUR"|"METROSUR"|"SURESTE"|"GOLFO"|"TLAXCALA"|"TLAXCALA"|"TEOLOCHOLCO"|"TEOLOCHOLCO"||"Y"|||"TLAXCALA"|"NO IDENTIFICADA"
214|"6409D0EEFE16593A549D910BFD49CA3E0F13E7BB"|6|"CC47"|"0"|"CABLECOM"|"SUR"|"METROSUR"|"SURESTE"|"GOLFO"|"TLAXCALA"|"TLAXCALA"|"TLAXCALA"|"TLAXCALA"||"Y"|||"TLAXCALA"|"NO IDENTIFICADA"
220|"54AE4B87D908EC57556EA1771B7E94D73D92EBE5"|6|"CC49"|"0"|"CABLECOM"|"SUR"|"METROSUR"|"SURESTE"|"SURESTE"|"VERACRUZ"|"PMS ACAYUCAN"|"ACAYUCAN"|"ACAYUCAN"||"Y"|||"VERACRUZ"|"NO IDENTIFICADA"
224|"75C2CF602DF7DADCE0839E93B2E33551A2A65F07"|8|"CC50"|"0"|"CABLEMAS"|"SUR"|"METROSUR"|"SURESTE"|"SURESTE"|"VERACRUZ"|"PMS LOS TUXTLAS"|"ALVARADO"|"ALVARADO"||"Y"|||"VERACRUZ"|"NO IDENTIFICADA"
786|"FCD49DF4D48D1131C6676CBA2E8F35D7FE3D641C"|5|"CDS"|"586"|"CABLEMAS"|"METRO"|"METROSUR"|"METROPOLITANA"|"MXNORTE"|"HIDALGO"|"PMM TULA"|"SAHAGUN"|"SAHAGUN"||"Y"|"WIZZ"||"TULA"|"NO IDENTIFICADA"
791|"F53517CBF7B7CCDC3230570CC4ADC509690448E4"|5|"CMA"|"534"|"CABLECOM"|"SUR"|"METROSUR"|"SURESTE"|"SURESTE"|"TABASCO"|"PMS CÁRDENAS"|"COMALCALCO"|"COMALCALCO"||"Y"|"WIZZ"||"CARDENAS"|"NO IDENTIFICADA"
799|"2AA895E3B3B095E2152A3E986F004945EF86287B"|5|"API"|"562"|"CABLECOM"|"SUR"|"METROSUR"|"SURESTE"|"GOLFO"|"TLAXCALA"|"PMG APIZACO"|"APIZACO"|"APIZACO"||"Y"|"WIZZ"||"APIZACO"|"NO IDENTIFICADA"
880|"27EA0BD5CB6103C9C307678807DFE15C734D8251"|16|"-4"|"0"|"TELECABLE"|"NO IDENTIFICADA"||"NO IDENTIFICADA"||"ND"|"NO IDENTIFICADA"|"NO IDENTIFICADA"|"NO IDENTIFICADA"|"N"|"N"|"ND"|"Sin RPT"|"ND"|"NO IDENTIFICADA"
884|"74BB76D8AC3E4C1C63F2F4D535D8968DC081FC4E"|16|"0"|"0"|"CABLEVISIÓN"|"METRO"||"ND"||"ND"|"ND"|"ND"|"ND"|"N"|"Y"|"ND"|"Sin RPT"|"ND"|"NO IDENTIFICADA"
888|"C2976202B2C12B2A727F1869D70BADD28321F665"|16|"CA"|"000"|"CABLEVISIÓN"|"METRO"|"METROSUR"|"METROPOLITANA"|"MXSUR"|"CIUDAD DE MEXICO"|"CENTRO DE ACOPIO"|"METROPOLITANA"|"CENTRO DE ACOPIO"|"Y"|"Y"|"IZZI"|"METROPOLITANA"|"CENTRO DE ACOPIO"|"NO IDENTIFICADA"
892|"7CB878D42BA097CC7EBA7D0879FD53A1FE8C705F"|16|"KI"|"000"|"CABLEVISIÓN"|"METRO"|"METROSUR"|"METROPOLITANA"|"MXCENTRO"|"CIUDAD DE MEXICO"|"SANTA FE"|"METROPOLITANA"|"SANTA FE"|"Y"|"Y"|"IZZI"|"METROPOLITANA"|"SANTA FE"|"NO IDENTIFICADA"
896|"E735FB50773024ED53FCEDD5A5A6329D4418B1D4"|16|"TL"|"000"|"CABLEVISIÓN"|"METRO"|"METROSUR"|"METROPOLITANA"|"MXSUR"|"CIUDAD DE MEXICO"|"TLALPAN"|"METROPOLITANA"|"TLALPAN"|"Y"|"Y"|"IZZI"|"METROPOLITANA"|"TLALPAN"|"NO IDENTIFICADA"
900|"FA8D172CD62820823326C99FD89B455BFAD2E75E"|16|"EN"|"012"|"CABLEMAS"|"NORTE"|"NORTE"|"PACIFICO"|"PACIFICO"|"BAJA CALIFORNIA"|"ENSENADA"|"ENSENADA"|"ENSENADA"|"Y"|"Y"|"IZZI"|"ENSENADA"|"ENSENADA"|"NO IDENTIFICADA"
904|"BE48B447EF72FABFEF33D003642B6319809ECCB9"|16|"RS"|"015"|"CABLEMAS"|"NORTE"|"NORTE"|"PACIFICO"|"PACIFICO"|"BAJA CALIFORNIA"|"TIJUANA"|"ROSARITO"|"ROSARITO"|"Y"|"Y"|"IZZI"|"ROSARITO"|"TIJUANA"|"NO IDENTIFICADA"
908|"2241D2BFA3D6BE9DDC42BF0A6862CCEFFAADE228"|16|"ML"|"066"|"CABLEMAS"|"SUR"|"METROSUR"|"SURESTE"|"SURESTE"|"YUCATAN"|"VALLADOLID"|"MOTUL"|"MOTUL"|"Y"|"Y"|"IZZI"|"MOTUL"|"MERIDA"|"NO IDENTIFICADA"
1668|"5BA060BFF0BBD672DDC042C82FB3E316FF77496A"|16|"ZNR"|"400"|"TELECABLE"|"SUR"|"NORTE"|"OCCIDENTE"|"OCCIDENTE"|"JALISCO"|"ZAPOPAN"|"ZAPOPAN"|"ZAPOPAN"|"Y"|"Y"|"IZZI"|"ZAPOPAN"|"ZAPOPAN"|"NO IDENTIFICADA"
1841|"D19E41E45F30891B968434F8F78766DE1BC2CDF3"|5|"ARR"|"000"|"CABLEVISIÓN"|"METRO"|"METROSUR"|"METROPOLITANA"|"MXCENTRO"|"CIUDAD DE MEXICO"|"ARAGON"|"METROPOLITANA"|"ARAGON"|||"IZZI"||"SIN PLAZA WR"|"NO IDENTIFICADA"
1961|"4300515073868845C662442D1EF9261C17B8AA73"|5|"SLA"|"455"|"TELECABLE"|"NORTE"|"NORTE"|"NORESTE"|"CENTRO"|"GUANAJUATO"|"SALAMANCA"|"SALAMANCA"|"SALAMANCA"||"Y"|"IZZI"|"SALAMANCA"|"SIN PLAZA WR"|"NO IDENTIFICADA"
1328|"7E5EB32626E3DD4202D7843773D866AE94FF90F2"|5|"FMVO000"|"000"|"CABLEVISIÓN"|"METRO"|"METROSUR"|"METROPOLITANA"|"MXNORTE"|"CIUDAD DE MEXICO"|"VALLEJO"|"METROPOLITANA"|"VALLEJO"||"Y"|"IZZI"||"ND"|"NO IDENTIFICADA"
1462|"95A6E8A9B7B32C2766D73570373A990DCFADC871"|16|"ABR"|"000"|"CABLEVISIÓN"|"METRO"|"METROSUR"|"METROPOLITANA"|"MXNORTE"|"MEXICO"|"ARBOLEDAS"|"METROPOLITANA"|"ARBOLEDAS"||"Y"|"IZZI"|"ARBOLEDAS"|"SIN PLAZA WR"|"NO IDENTIFICADA"
1525|"BD01A02944C28BAA8D6FA9FC1A5FA929C55AFBDA"|16|"TJMR"|"011"|"CABLEMAS"|"NORTE"|"NORTE"|"PACIFICO"|"PACIFICO"|"BAJA CALIFORNIA"|"TIJUANA"|"TIJUANA"|"TIJUANA"|"Y"|"Y"|"IZZI"|"TIJUANA"|"SIN PLAZA WR"|"NO IDENTIFICADA"
1133|"65BC453176DF69D0B04E28F27C6A963CD4821BFE"|16|"MAER"|"300"|"TVI"|"NORTE"|"NORTE"|"NORESTE"|"NORESTE"|"NUEVO LEON"|"MONTERREY"|"MTY AEROPUERTO"|"AEROPUERTO"||"Y"|"IZZI"|"MONTERREY"|"MTY AEROPUERTO"|"NO IDENTIFICADA"
1323|"CD4199343D066176C0FDCD88C042185A669F4106"|5|"FMRG000"|"000"|"CABLEVISIÓN"|"METRO"|"METROSUR"|"METROPOLITANA"|"MXSUR"|"CIUDAD DE MEXICO"|"ROJO GOMEZ"|"METROPOLITANA"|"ROJO GOMEZ"||"Y"|"IZZI"||"ND"|"NO IDENTIFICADA"
1321|"FE2DD84465674DFED425673F42E8D951933F35C6"|5|"FMMEO593"|"593"|"CABLEMAS"|"METRO"|"METROSUR"|"METROPOLITANA"|"MXNORTE"|"MEXICO"|"MELCHOR OCAMPO"|"MELCHOR"|"MOCUAUTITLAN"||"Y"|"izzi"||"ND"|"NO IDENTIFICADA"
1741|"4129930FFDB8DE1B0C3405A0D1D36A750C8FBB7F"|5|"TJBR"|"11"|"CABLEMAS"|"NORTE"|"NORTE"|"PACIFICO"|"PACIFICO"|"BAJA CALIFORNIA"|"TIJUANA"|"TIJUANA"|"TIJUANA"|"Y"|"Y"|"IZZI"|"TIJUANA"|"SIN PLAZA WR"|"NO IDENTIFICADA"
1804|"E8055B3ABC7BD25946507AFDEBFD25095732A4B5"|5|"MZNR"|"613"|"CABLECOM"|"NORTE"|"NORTE"|"PACIFICO"|"CENTRO"|"SINALOA"|"MAZATLAN"|"MAZATLAN"|"MAZATLAN"||"Y"|"IZZI"||"SIN PLAZA WR"|"NO IDENTIFICADA"
1599|"5BA060BFF0BBD672DDC042C82FB3E316FF77496A"|16|"ZSR"|"400"|"TELECABLE"|"SUR"|"NORTE"|"OCCIDENTE"|"OCCIDENTE"|"JALISCO"|"ZAPOPAN"|"ZAPOPAN"|"ZAPOPAN"|"Y"|"Y"|"IZZI"|"ZAPOPAN FTTH"|"ND"|"NO IDENTIFICADA"
1540|"EFC453C5483A07B6FAEB7C92D84D868415BF0F8A"|5|"MEOR"|"589"|"CABLEMAS"|"METRO"|"METROSUR"|"METROPOLITANA"|"MXNORTE"|"MEXICO"|"MELCHOR OCAMPO"|"MELCHOR"|"TEOLOYUCAN"|"Y"|"Y"|"IZZI"|"MELCHOR OCAMPO"|"SIN PLAZA WR"|"NO IDENTIFICADA"
1260|"837B03C11C942EBFEA8DE79FFCBAD227C63AA32A"|3|"VOR"|"000"|"CABLEVISIÓN"|"METRO"|"METRO"|"METROPOLITANA"|"MXNORTE"|"CIUDAD DE MEXICO"|"VALLEJO"|"METROPOLITANA"|"VALLEJO"|"Y"|"Y"|"IZZI"|"METROPOLITANA"|"ND"|"NO IDENTIFICADA"
1284|"AD2D0FB996CB6F31856F6B84BBB436BB1924C3E8"|3|"FMCE000"|"000"|"CABLEVISIÓN"|"METRO"|"METRO"|"METROPOLITANA"|"MXSUR"|"CIUDAD DE MEXICO"|"CENTRO"|"METROPOLITANA"|"CENTRO"|"Y"|"Y"|"IZZI"|"METROPOLITANA"|"ND"|"NO IDENTIFICADA"
1288|"9516C01757537A5B0C5EB69ADA565C09113BDE81"|3|"FMECA579"|"579"|"CABLEMAS"|"METRO"|"METRO"|"METROPOLITANA"|"MXNORTE"|"MEXICO"|"ECATEPEC"|"ECATEPEC"|"ECATEPEC"|"Y"|"Y"|"IZZI"|"ECATEPEC"|"ND"|"NO IDENTIFICADA"
1292|"86A6372F53608343FDF6913A91B8F48E63B7357A"|3|"FMIZ000"|"000"|"CABLEVISIÓN"|"METRO"|"METRO"|"METROPOLITANA"|"MXSUR"|"CIUDAD DE MEXICO"|"IZTAPALAPA"|"METROPOLITANA"|"IZTAPALAPA"|"Y"|"Y"|"IZZI"|"METROPOLITANA"|"ND"|"NO IDENTIFICADA"
1296|"B3755CD48054ED28556FF888DA29BE831BF6D634"|3|"FMMEO591"|"591"|"CABLEMAS"|"METRO"|"METRO"|"METROPOLITANA"|"MXNORTE"|"MEXICO"|"MELCHOR OCAMPO"|"MELCHOR"|"TULTEPEC"|"Y"|"Y"|"IZZI"|"TULTEPEC"|"ND"|"NO IDENTIFICADA"
1300|"CD37F5B9CAFFE051F60073DBDD293ABC77FB9801"|3|"FMSA000"|"000"|"CABLEVISIÓN"|"METRO"|"METRO"|"METROPOLITANA"|"MXSUR"|"CIUDAD DE MEXICO"|"SARATOGA"|"METROPOLITANA"|"SARATOGA"|"Y"|"Y"|"IZZI"|"METROPOLITANA"|"ND"|"NO IDENTIFICADA"
1304|"87FD036C3356847CDB5F6BADAE267BD69A9F89C9"|3|"FMVO000"|"000"|"CABLEVISIÓN"|"METRO"|"METRO"|"METROPOLITANA"|"MXNORTE"|"CIUDAD DE MEXICO"|"VALLEJO"|"METROPOLITANA"|"VALLEJO"|"Y"|"Y"|"IZZI"|"METROPOLITANA"|"ND"|"NO IDENTIFICADA"
1137|"BA0D8EBDBC48CCFE1677C854B36E32EC44112B94"|16|"MSER"|"300"|"TVI"|"NORTE"|"NORTE"|"NORESTE"|"NORESTE"|"NUEVO LEON"|"MONTERREY"|"MTY SURESTE"|"SURESTE"||"Y"|"IZZI"|"MONTERREY"|"MTY SURESTE"|"NO IDENTIFICADA"
1583|"701A552E016538BE91237ECBA94DD1B293285D1A"|16|"FMCE000"|"000"|"CABLEVISIÓN"|"METRO"|"METROSUR"|"METROPOLITANA"|"MXCENTRO"|"CIUDAD DE MEXICO"|"CENTRO"|"METROPOLITANA"|"CENTRO"|"Y"|"Y"|"IZZI"|"METROPOLITANA"|"ND"|"NO IDENTIFICADA"
1587|"3E15BB5E0E2F8A62CF974963F1B078FE821FE29E"|16|"FMTL000"|"000"|"CABLEVISIÓN"|"METRO"|"METROSUR"|"METROPOLITANA"|"MXSUR"|"CIUDAD DE MEXICO"|"TLALPAN"|"METROPOLITANA"|"TLALPAN"|"Y"|"Y"|"IZZI"|"METROPOLITANA"|"ND"|"NO IDENTIFICADA"
1595|"E6E60E7DD65E24FD44CEE7110AEE30FB57151B47"|16|"FMAR000"|"000"|"CABLEVISIÓN"|"METRO"|"METROSUR"|"METROPOLITANA"|"MXCENTRO"|"CIUDAD DE MEXICO"|"ARAGON"|"METROPOLITANA"|"ARAGON"|"Y"|"Y"|"IZZI"|"METROPOLITANA"|"ND"|"NO IDENTIFICADA"
1240|"D0C226C6107D8104D6D59424D91DEB7ADC4ABA35"|3|"ACAR"|"043"|"CABLEMAS"|"SUR"|"INTERIOR"|"OCCIDENTE"|"OCCIDENTE"|"GUERRERO"|"ACAPULCO"|"ACAPULCO"|"ACAPULCO"|"Y"|"Y"|"IZZI"|"ACAPULCO"|"ND"|"NO IDENTIFICADA"
1681|"EB4DFF0C429F5496689C7C3FBA3B97D7AB232C4C"|5|"MER"|"031"|"CABLEMAS"|"SUR"|"METROSUR"|"SURESTE"|"SURESTE"|"YUCATAN"|"MERIDA"|"MERIDA"|"MERIDA"|"Y"|"Y"|"IZZI"|"MERIDA"|"MERIDA"|"NO IDENTIFICADA"
1575|"82E03CFF81E9B74267A96AE8678F5820F80A354A"|3|"TPC"|"454"|"TELECABLE"|"NORTE"|"INTERIOR"|"PACIFICO"|"CENTRO"|"NAYARIT"|"TEPIC"|"TEPIC"|"TEPIC"||"Y"|"IZZI"|"TEPIC"|"TEPIC"|"NO IDENTIFICADA"
2080|"64A58D25C4BE0999DD0D23C2A10AC6064A571553"|3|"TEH"|"100"|"CABLEMAS"|"SUR"|"INTERIOR"|"SURESTE"|"GOLFO"|"PUEBLA"|"TEHUACAN"|"TEHUACAN FTTH"|"TEHUACAN"||"Y"|"IZZI"|"TEHUACAN"|"SIN PLAZA WR"|"NO IDENTIFICADA"
1723|"B102CA52482221A23D95567E1B35D2CE5C8290C1"|3|"TPCR"|"454"|"TELECABLE"|"NORTE"|"INTERIOR"|"PACIFICO"|"CENTRO"|"NAYARIT"|"TEPIC"|"TEPIC"|"TEPIC"|"Y"|"Y"|"IZZI"|"TEPIC"|"SIN PLAZA WR"|"NO IDENTIFICADA"
1889|"6C82A072B89AB8753C74E45F7AA627F4803B47F5"|3|"IXTR"|"582"|"CABLEMAS"|"METRO"|"METRO"|"METROPOLITANA"|"MXSUR"|"MEXICO"|"IXTAPALUCA"|"CHALCO"|"CHALCO"||"Y"|"IZZI"|"CHALCO"|"SIN PLAZA WR"|"NO IDENTIFICADA"
1904|"A8CC28577E4DDB0682F8169813DE56DCF9EBDDFD"|3|"REPR"|"301"|"CABLECOM"|"NORTE"|"NORTE"|"NORESTE"|"NORESTE"|"COAHUILA"|"COAHUILA"|"SALTILLO"|"SALTILLO"||"Y"|"IZZI"|"SALTILLO"|"SIN PLAZA WR"|"NO IDENTIFICADA"
1576|"F17B06E87AB85F96DB5EC34068BF274C6D4A131E"|5|"TPC"|"454"|"TELECABLE"|"NORTE"|"NORTE"|"PACIFICO"|"CENTRO"|"NAYARIT"|"TEPIC"|"TEPIC"|"TEPIC"||"Y"|"IZZI"|"TEPIC"|"TEPIC"|"NO IDENTIFICADA"
2081|"E9CCAF8DCEF7F4198A6D59D07C4397D73F7A85F1"|5|"TEH"|"100"|"CABLEMAS"|"SUR"|"METROSUR"|"SURESTE"|"GOLFO"|"PUEBLA"|"TEHUACAN"|"TEHUACAN FTTH"|"TEHUACAN"||"Y"|"IZZI"||"SIN PLAZA WR"|"NO IDENTIFICADA"
1919|"5ADBD0C6AB90C8837D24C9CEEECA2BDF818F24D0"|3|"SLRR"|"097"|"CABLEMAS"|"NORTE"|"NORTE"|"PACIFICO"|"PACIFICO"|"SONORA"|"SAN LUIS RIO COLORADO"|"SAN LUIS RIO COLORADO"|"SAN LUIS RIO COLORADO"|||"IZZI"|"SAN LUIS RIO COLORADO"|"SIN PLAZA WR"|"NO IDENTIFICADA"
1803|"B13C8B6CE3B0D10391A14D53BEA9298DF61DCEA9"|3|"MZNR"|"613"|"CABLECOM"|"NORTE"|"INTERIOR"|"PACIFICO"|"CENTRO"|"SINALOA"|"MAZATLAN"|"MAZATLAN"|"MAZATLAN"||"Y"|"IZZI"|"MAZATLAN"|"SIN PLAZA WR"|"NO IDENTIFICADA"
1882|"7607FE1A38098CAC3AAC639E83129B3C20949DCA"|16|"CMMR"|"081"|"CABLEMAS"|"METRO"|"METROSUR"|"METROPOLITANA"|"MXCENTRO"|"MEXICO"|"CHIMALHUACAN"|"LOS REYES ACAQUILPAN"|"LOS REYES ACAQUILPAN"|||"IZZI"||"SIN PLAZA WR"|"NO IDENTIFICADA"
1888|"53832B65512CE92052D2645B3F1FFC0D69FE1C68"|16|"IXR"|"582"|"CABLEMAS"|"METRO"|"METROSUR"|"METROPOLITANA"|"MXSUR"|"MEXICO"|"IXTAPALUCA"|"CHALCO"|"CHALCO"|||"IZZI"||"SIN PLAZA WR"|"NO IDENTIFICADA"
2062|"5ACFB281AF4BBAB0A9A279EB8EA5C3575DD83B2C"|16|"NOG"|"099"|"CABLEMAS"|"NORTE"|"NORTE"|"PACIFICO"|"PACIFICO"|"SONORA"|"NOGALES"|"NOGALES"|"NOGALES"||"Y"|"IZZI"||"SIN PLAZA WR"|"NO IDENTIFICADA"
1565|"8D624EBCBE698270DC16D5D7A3CECE68295DF126"|16|"TOL"|"614"|"CABLECOM"|"METRO"|"METROSUR"|"METROPOLITANA"|"MXCENTRO"|"MEXICO"|"TOLUCA"|"TOLUCA"|"TOLUCA"|"Y"|"Y"|"IZZI"|"TOLUCA"|"TOLUCA"|"NO IDENTIFICADA"
1598|"B7D4888F27501F3AAE422CE42061B16E63D6BAE3"|16|"AGSR"|"428"|"TELECABLE"|"SUR"|"NORTE"|"OCCIDENTE"|"CENTRO"|"AGUASCALIENTES"|"AGUASCALIENTES"|"AGUASCALIENTES"|"AGUASCALIENTES"|"Y"|"Y"|"IZZI"|"AGUASCALIENTES"|"ND"|"NO IDENTIFICADA"
1441|"A10699BA816F0773622B5B7A9CF5FF6839003629"|16|"GDLR"|"453"|"TELECABLE"|"SUR"|"NORTE"|"OCCIDENTE"|"OCCIDENTE"|"JALISCO"|"GUADALAJARA"|"GUADALAJARA"|"GUADALAJARA"||"Y"|"IZZI"||"SIN PLAZA WR"|"NO IDENTIFICADA"
1534|"FFC0BE85A6824903FF58202B3246BC8B237C2280"|5|"ELSR"|"453"|"TELECABLE"|"SUR"|"NORTE"|"OCCIDENTE"|"OCCIDENTE"|"JALISCO"|"GUADALAJARA"|"GUADALAJARA"|"EL SALTO"|"Y"|"Y"|"IZZI"|"EL SALTO"|"SIN PLAZA WR"|"NO IDENTIFICADA"
1880|"99A2D93B08492DC6D9C10FE48E658BF8DC92B860"|3|"CMMR"|"081"|"CABLEMAS"|"METRO"|"METRO"|"METROPOLITANA"|"MXSUR"|"MEXICO"|"CHIMALHUACAN"|"LOS REYES ACAQUILPAN"|"LOS REYES ACAQUILPAN"|||"IZZI"|"IXTAPALUCA"|"SIN PLAZA WR"|"NO IDENTIFICADA"
2060|"D72377D6FB8219D52581EF9D3475BA01EA84DBB1"|3|"NOG"|"099"|"CABLEMAS"|"NORTE"|"NORTE"|"PACIFICO"|"PACIFICO"|"SONORA"|"NOGALES"|"NOGALES"|"NOGALES"||"Y"|"IZZI"|"NOGALES"|"SIN PLAZA WR"|"NO IDENTIFICADA"
308|"10932948C5B4114133C3E41DC0FE9001C103D300"|5|"AR"|"000"|"CABLEVISIÓN"|"METRO"|"METROSUR"|"METROPOLITANA"|"MXCENTRO"|"CIUDAD DE MEXICO"|"ARAGON"|"METROPOLITANA"|"ARAGON"||"Y"|"IZZI"||"ARAGON"|"NO IDENTIFICADA"
782|"7D1EF3E00B71102B458814F9808519F3B406BB6E"|5|"LET"|"548"|"CABLEMAS"|"SUR"|"METROSUR"|"SURESTE"|"SURESTE"|"VERACRUZ"|"PMS LOS TUXTLAS"|"LERDO"|"LERDO DE TEJADA"||"Y"|"WIZZ"||"VERACRUZ"|"NO IDENTIFICADA"
2781||3|"1"|"759"|"SKY"|"SUR"|"INTERIOR"|"OCCIDENTE"|"CENTRO"|"Aguascalientes"|"HUB AGUASCALIENTES"|"NO IDENTIFICADA"|"SAN FRANCISCO DE LOS ROMO"|"N"||"ND"|"OFFNET"|"SIN PLAZA WR"|"ON NET"
747|"1A14BF84DA9B5E664D39116A7D5F58B9CAE3A733"|5|"ACY"|"608"|"CABLECOM"|"SUR"|"METROSUR"|"SURESTE"|"SURESTE"|"VERACRUZ"|"PMS ACAYUCAN"|"ACAYUCAN"|"ACAYUCAN"||"Y"|"WIZZ"||"VERACRUZ"|"NO IDENTIFICADA"
2877||3|"1"|"759"|"SKY"|"SUR"|"INTERIOR"|"OCCIDENTE"|"CENTRO"|"Aguascalientes"|"HUB CALVILLO"|"NO IDENTIFICADA"|"SAN JOSE DE GRACIA"|"N"||"ND"|"OFFNET"|"SIN PLAZA WR"|"OFF NET"
764|"746F07F6D70B0153F96181C009980DE8F73C4CD2"|5|"SNT"|"547"|"CABLEMAS"|"SUR"|"METROSUR"|"SURESTE"|"SURESTE"|"VERACRUZ"|"PMS LOS TUXTLAS"|"SANTIAGO"|"SANTIAGO TUXTLA"||"Y"|"WIZZ"||"VERACRUZ"|"NO IDENTIFICADA"
771|"4D56E8A5CB2ED763CB9EB91C3F5969A4B7F249F5"|5|"FRE"|"599"|"CABLECOM"|"NORTE"|"NORTE"|"PACIFICO"|"CENTRO"|"ZACATECAS"|"PMC FRESNILLO"|"FRESNILLO"|"FRESNILLO"||"Y"|"WIZZ"||"FRESNILLO"|"NO IDENTIFICADA"
778|"A04E1BEE2BB2AAAAD5F71BEE2F533C86337481E0"|5|"TLX"|"564"|"CABLECOM"|"SUR"|"METROSUR"|"SURESTE"|"GOLFO"|"TLAXCALA"|"TLAXCALA"|"TEOLOCHOLCO"|"TEOLOCHOLCO"||"Y"|"IZZI"||"TLAXCALA"|"NO IDENTIFICADA"
159|"9C37CF164C23E34D18211F1C369919BCDC1293D8"|1|"32"|"032"|"CABLEMAS"|"SUR"|"METROSUR"|"SURESTE"|"SURESTE"|"QUINTANA ROO"|"CHETUMAL"|"CHETUMAL"|"CHETUMAL"||"Y"|"IZZI"||"CHETUMAL"|"NO IDENTIFICADA"
163|"2B03EAF3D1F5859535F697E15559EBC14AD469BC"|1|"33"|"033"|"CABLEMAS"|"SUR"|"METROSUR"|"SURESTE"|"SURESTE"|"QUINTANA ROO"|"PMS RIVIERA MAYA"|"MAHAHUAL"|"MAHAHUAL"||"Y"|||"RIVIERA MAYA"|"NO IDENTIFICADA"
167|"0148D8E407365F02B6B9E87E4B5656A1B00C4BC1"|1|"34"|"034"|"CABLEMAS"|"SUR"|"METROSUR"|"SURESTE"|"SURESTE"|"YUCATAN"|"VALLADOLID"|"VALLADOLID"|"VALLADOLID"||"Y"|||"MERIDA"|"NO IDENTIFICADA"
171|"019440B7495DC3F3A61F688B348B7A078DF29503"|1|"35"|"035"|"CABLEMAS"|"SUR"|"METROSUR"|"SURESTE"|"SURESTE"|"QUINTANA ROO"|"CANCUN"|"CANCUN"|"CANCUN"||"Y"|||"CANCUN"|"NO IDENTIFICADA"
175|"D0D300826A5C4802AD890E0B975DF089B1200C2F"|1|"36"|"036"|"CABLEMAS"|"SUR"|"METROSUR"|"SURESTE"|"SURESTE"|"QUINTANA ROO"|"PMS RIVIERA MAYA"|"ISLA MUJERES"|"ISLA MUJERES"||"Y"|||"RIVIERA MAYA"|"NO IDENTIFICADA"
179|"FA3F2926232314E97ACBA19D1C426F7DBBC0E4A8"|1|"37"|"037"|"CABLEMAS"|"SUR"|"METROSUR"|"SURESTE"|"SURESTE"|"QUINTANA ROO"|"PLAYA DEL CARMEN"|"PLAYA DEL CARMEN"|"PLAYA DEL CARMEN"||"Y"|||"CANCUN"|"NO IDENTIFICADA"
494|"313516B292C3446A55A0793FC7EB50BF34819332"|5|"IX"|"084"|"CABLEMAS"|"METRO"|"METROSUR"|"METROPOLITANA"|"MXSUR"|"MEXICO"|"IXTAPALUCA"|"IXTAPALUCA"|"IXTAPALUCA LOS REYES"||"N"|"IZZI"||"IXTAPALUCA"|"NO IDENTIFICADA"
2924||3|||"SKY"|"NORTE"|"INTERIOR"|"NORESTE"|"CENTRO"|"QUERETARO"|"HUB JALPA DE SERRA"|"HUB JALPA DE SERRA"|"ARROYO SECO"||||"Sin RPT"||"OFF RED"
2928||3|||"CABLEMAS"|"NORTE"|"INTERIOR"|"NORESTE"|"GOLFO"|"TAMAULIPAS"|"HUB VICTORIA"|"HUB VICTORIA"|"TULA TAM"||||"Sin RPT"||"OFF RED"
2932||3|||"SKY"|"SUR"|"INTERIOR"|"SURESTE"|"SURESTE"|"YUCATAN"|"HUB TEKAX"|"HUB TEKAX"|"YAXCABA"||||"Sin RPT"||"OFF RED"
2936||3|||"CABLECOM"|"NORTE"|"INTERIOR"|"PACIFICO"|"CENTRO"|"ZACATECAS"|"HUB GUADALUPE"|"HUB GUADALUPE"|"ZAC GUADALUPE"||||"Sin RPT"||"ON NET"
2940||3|||"SKY"|"SUR"|"INTERIOR"|"SURESTE"|"GOLFO"|"VERACRUZ"|"HUB POZA RICA"|"HUB POZA RICA"|"CHICONTEPEC"||||"Sin RPT"||"OFF RED"
2944||3|||"SKY"|"SUR"|"INTERIOR"|"SURESTE"|"SURESTE"|"CHIAPAS"|"HUB SAN CRISTOBAL"|"HUB SAN CRISTOBAL"|"TEOPISCA"||||"Sin RPT"||"OFF RED"
2948||3|||"TELECABLE"|"SUR"|"INTERIOR"|"OCCIDENTE"|"OCCIDENTE"|"GUERRERO"|"HUB OMETEPEC"|"HUB OMETEPEC"|"SAN MARCOS"||||"Sin RPT"||"OFF NET"
3445||3||||"NORTE"|"INTERIOR"|"NORESTE"|"GOLFO"|"TAMAULIPAS"|"HUB SOTO LA MARINA"|"HUB SOTO LA MARINA"|"BURGOS"||||"Sin RPT"||"OFF NET"
3449||3|||"SKY"|"SUR"|"INTERIOR"|"OCCIDENTE"|"OCCIDENTE"|"MICHOACAN"|"HUB URUAPAN"|"HUB URUAPAN"|"TANCITARO"||||"Sin RPT"||"OFF RED"
3453||3|||"SKY"|"SUR"|"INTERIOR"|"SURESTE"|"GOLFO"|"PUEBLA"|"HUB TECAMACHALCO"|"HUB TECAMACHALCO"|"TLACOTEPEC"||||"Sin RPT"||"OFF RED"
3457||3|||"SKY"|"SUR"|"INTERIOR"|"SURESTE"|"SURESTE"|"YUCATAN"|"HUB TEKAX"|"HUB TEKAX"|"KANTUNIL"||||"Sin RPT"||"OFF RED"
3461||3|||"CABLECOM"|"SUR"|"INTERIOR"|"SURESTE"|"GOLFO"|"PUEBLA"|"HUB HUAUCHINANGO"|"HUB HUAUCHINANGO"|"PAHUATLAN"||||"Sin RPT"||"OFF RED"
3465||3|||"CABLECOM"|"SUR"|"INTERIOR"|"SURESTE"|"GOLFO"|"PUEBLA"|"HUB IZUCAR DE MATAMOROS"|"HUB IZUCAR DE MATAMOROS"|"IZUCAR DE MATAMOROS"||||"Sin RPT"||"OFF NET"
3469||3|||"CABLEMAS"|"SUR"|"INTERIOR"|"SURESTE"|"GOLFO"|"VERACRUZ"|"HUB POZA RICA"|"HUB POZA RICA"|"CASTILLO DE TEAYO"||||"Sin RPT"||"OFF NET"
3473||3|||"CABLEMAS"|"SUR"|"INTERIOR"|"SURESTE"|"SURESTE"|"YUCATAN"|"HUB VALLADOLID"|"HUB VALLADOLID"|"CHEMAX"||||"Sin RPT"||"OFF NET"
3477||3|||"SKY"|"SUR"|"INTERIOR"|"SURESTE"|"GOLFO"|"VERACRUZ"|"HUB POZA RICA"|"HUB POZA RICA"|"CAZONES DE HERRERA"||||"Sin RPT"||"OFF RED"
3481||3|||"CABLEMAS"|"SUR"|"INTERIOR"|"SURESTE"|"SURESTE"|"YUCATAN"|"HUB VALLADOLID"|"HUB VALLADOLID"|"TIZIMIN"||||"Sin RPT"||"OFF NET"
3485||3|||"CABLEMAS"|"NORTE"|"NORTE"|"PACIFICO"|"PACIFICO"|"BAJA CALIFORNIA"|"HUB ENSENADA"|"HUB ENSENADA"|"ENSENADA"||||"Sin RPT"||"ON NET"
3491||3|||"CABLEMAS"|"NORTE"|"NORTE"|"PACIFICO"|"PACIFICO"|"CHIHUAHUA"|"HUB PARRAL"|"HUB PARRAL"|"PARRAL"||||"Sin RPT"||"ON NET"
3495||3|||"TELECABLE"|"NORTE"|"INTERIOR"|"PACIFICO"|"CENTRO"|"NAYARIT"|"HUB TEPIC"|"HUB TEPIC"|"NAY TUXPAN"||||"Sin RPT"||"OFF NET"
3499||3|||"TELECABLE"|"SUR"|"INTERIOR"|"OCCIDENTE"|"OCCIDENTE"|"JALISCO"|"HUB GUADALAJARA"|"HUB GUADALAJARA"|"GUADALAJARA"||||"Sin RPT"||"ON NET"
3504||3|||"CABLECOM"|"METRO"|"METRO"|"METROPOLITANA"|"MXNORTE"|"MEXICO"|"HUB TOLUCA"|"HUB TOLUCA"|"SAN ANTONIO"||||"Sin RPT"||"ON NET"
3508||3|||"TVI"|"NORTE"|"INTERIOR"|"NORESTE"|"GOLFO"|"TAMAULIPAS"|"HUB MATAMOROS"|"HUB MATAMOROS"|"TAM SAN FERNANDO"||||"Sin RPT"||"OFF NET"
3512||3||||"NORTE"|"INTERIOR"|"PACIFICO"|"CENTRO"|"ZACATECAS"|"HUB VALPARAISO"|"HUB VALPARAISO"|"VALPARAISO"||||"Sin RPT"||"OFF NET"
3517||3|||"SKY"|"NORTE"|"NORTE"|"PACIFICO"|"PACIFICO"|"BAJA CALIFORNIA SUR"|"HUB COMONDU"|"HUB COMONDU"|"MULEGE"||||"Sin RPT"||"OFF NET"
3521||3|||"SKY"|"NORTE"|"NORTE"|"PACIFICO"|"PACIFICO"|"CHIHUAHUA"|"HUB CHIHUAHUA"|"HUB CHIHUAHUA"|"AGUILES SERDAN"||||"Sin RPT"||"OFF NET"
3526||3|||"CABLEMAS"|"SUR"|"INTERIOR"|"OCCIDENTE"|"OCCIDENTE"|"JALISCO"|"HUB LAGOS DE MORENO"|"HUB LAGOS DE MORENO"|"ENCARNACION DE DIAZ"||||"Sin RPT"||"OFF NET"
3530||3|||"CABLEMAS"|"SUR"|"INTERIOR"|"OCCIDENTE"|"OCCIDENTE"|"GUERRERO"|"HUB OMETEPEC"|"HUB OMETEPEC"|"AYUTLA"||||"Sin RPT"||"OFF RED"
3172||3|||"SKY"|"SUR"|"INTERIOR"|"OCCIDENTE"|"OCCIDENTE"|"GUERRERO"|"HUB ACAPULCO"|"HUB ACAPULCO"|"COYUCA BENITEZ"||||"Sin RPT"||"OFF NET"
3176||3|||"TELECABLE"|"SUR"|"INTERIOR"|"OCCIDENTE"|"OCCIDENTE"|"JALISCO"|"HUB GUADALAJARA"|"HUB GUADALAJARA"|"TONALA JAL"||||"Sin RPT"||"OFF NET"
3181||3|||"TELECABLE"|"NORTE"|"INTERIOR"|"NORESTE"|"CENTRO"|"QUERETARO"|"HUB SAN JUAN DEL RIO"|"HUB SAN JUAN DEL RIO"|"SAN JUAN DEL RIO"||||"Sin RPT"||"ON NET"
3186||3|||"CABLEMAS"|"SUR"|"INTERIOR"|"OCCIDENTE"|"SURESTE"|"OAXACA"|"HUB OAXACA"|"HUB OAXACA"|"ZIMATLAN"||||"Sin RPT"||"OFF NET"
3191||3|||"SKY"|"SUR"|"INTERIOR"|"SURESTE"|"GOLFO"|"PUEBLA"|"HUB TEZIUTLAN"|"HUB TEZIUTLAN"|"IXTEPEC"||||"Sin RPT"||"OFF RED"
3195||3|||"TVI"|"NORTE"|"NORTE"|"NORESTE"|"NORESTE"|"NUEVO LEON"|"HUB MONTERREY"|"HUB MONTERREY"|"SAN NICOLAS DE LOS GARZA"||||"Sin RPT"||"ON NET"
3199||3||||"NORTE"|"NORTE"|"NORESTE"|"NORESTE"|"COAHUILA"|"HUB SAN BUENAVENTURA"|"HUB SAN BUENAVENTURA"|"CUATRO CIENEGAS"||||"Sin RPT"||"OFF NET"
3204||3|||"CABLEMAS"|"NORTE"|"NORTE"|"PACIFICO"|"PACIFICO"|"CHIHUAHUA"|"HUB CHIHUAHUA"|"HUB CHIHUAHUA"|"CHIHUAHUA"||||"Sin RPT"||"ON NET"
3208||3|||"CABLEMAS"|"NORTE"|"NORTE"|"PACIFICO"|"PACIFICO"|"CHIHUAHUA"|"HUB PARRAL"|"HUB PARRAL"|"SAN FCO DEL ORO"||||"Sin RPT"||"OFF NET"
3212||3|||"TELECABLE"|"SUR"|"INTERIOR"|"OCCIDENTE"|"OCCIDENTE"|"JALISCO"|"HUB TEPATITLAN"|"HUB TEPATITLAN"|"ACATIC"||||"Sin RPT"||"ON NET"
3216||3|||"CABLECOM"|"NORTE"|"INTERIOR"|"NORESTE"|"CENTRO"|"GUANAJUATO"|"HUB SAN MIGUEL DE ALLENDE"|"HUB SAN MIGUEL DE ALLENDE"|"SAN JOSE ITURBIDE"||||"Sin RPT"||"OFF RED"
3220||3|||"TELECABLE"|"SUR"|"INTERIOR"|"OCCIDENTE"|"OCCIDENTE"|"JALISCO"|"HUB TEPATITLAN"|"HUB TEPATITLAN"|"SAN MIGUEL EL ALTO"||||"Sin RPT"||"ON NET"
3224||3|||"TVI"|"SUR"|"INTERIOR"|"OCCIDENTE"|"SURESTE"|"OAXACA"|"HUB TUXTEPEC"|"HUB TUXTEPEC"|"IXTLAN DE JUAREZ"||||"Sin RPT"||"OFF RED"
3228||3|||"CABLEMAS"|"METRO"|"METRO"|"METROPOLITANA"|"MXSUR"|"MORELOS"|"HUB CUAUTLA"|"HUB CUAUTLA"|"YAUTEPEC"||||"Sin RPT"||"ON NET"
3232||3|||"CABLEMAS"|"SUR"|"INTERIOR"|"OCCIDENTE"|"SURESTE"|"OAXACA"|"HUB TUXTEPEC"|"HUB TUXTEPEC"|"TUXTEPEC"||||"Sin RPT"||"OFF NET"
3237||3|||"SKY"|"SUR"|"INTERIOR"|"SURESTE"|"GOLFO"|"PUEBLA"|"HUB IZUCAR DE MATAMOROS"|"HUB IZUCAR DE MATAMOROS"|"TEHUITZINGO"||||"Sin RPT"||"OFF RED"
3241||3|||"SKY"|"NORTE"|"INTERIOR"|"NORESTE"|"GOLFO"|"SAN LUIS POTOSI"|"HUB SAN LUIS POTOSI"|"HUB SAN LUIS POTOSI"|"SANTA MARIA DEL RIO"||||"Sin RPT"||"OFF RED"
3245||3|||"CABLEMAS"|"NORTE"|"INTERIOR"|"PACIFICO"|"CENTRO"|"ZACATECAS"|"HUB NOCHISTLAN"|"HUB NOCHISTLAN"|"NOCHISTLAN"||||"Sin RPT"||"ON NET"
3249||3|||"CABLEMAS"|"SUR"|"INTERIOR"|"SURESTE"|"GOLFO"|"PUEBLA"|"HUB TEZIUTLAN"|"HUB TEZIUTLAN"|"XIUTETELCO"||||"Sin RPT"||"ON NET"
3253||3|||"SKY"|"SUR"|"INTERIOR"|"SURESTE"|"SURESTE"|"TABASCO"|"HUB MACUSPANA"|"HUB MACUSPANA"|"TEAPA"||||"Sin RPT"||"OFF NET"
3257||3|||"CABLEMAS"|"SUR"|"INTERIOR"|"SURESTE"|"SURESTE"|"YUCATAN"|"HUB IZAMAL"|"HUB IZAMAL"|"TEKANTO"||||"Sin RPT"||"OFF NET"
3261||3|||"CABLECOM"|"SUR"|"INTERIOR"|"SURESTE"|"GOLFO"|"TLAXCALA"|"HUB SAN PABLO DEL MONTE"|"HUB SAN PABLO DEL MONTE"|"NATIVITAS"||||"Sin RPT"||"ON NET"
3266||3|||"CABLEMAS"|"SUR"|"INTERIOR"|"SURESTE"|"SURESTE"|"YUCATAN"|"HUB MERIDA"|"HUB MERIDA"|"KANASIN"||||"Sin RPT"||"ON NET"
3271||3|||"CABLEMAS"|"SUR"|"INTERIOR"|"SURESTE"|"GOLFO"|"VERACRUZ"|"HUB XALAPA"|"HUB XALAPA"|"TECOLUTLA"||||"Sin RPT"||"OFF RED"
3276||3|||"CABLECOM"|"NORTE"|"INTERIOR"|"PACIFICO"|"CENTRO"|"ZACATECAS"|"HUB GUADALUPE"|"HUB GUADALUPE"|"ZACATECAS"||||"Sin RPT"||"ON NET"
3280||3|||"SKY"|"SUR"|"INTERIOR"|"SURESTE"|"SURESTE"|"CHIAPAS"|"HUB REFORMA"|"HUB REFORMA"|"SOLISTAHUACAN"||||"Sin RPT"||"OFF NET"
3284||3|||"CABLEMAS"|"NORTE"|"INTERIOR"|"NORESTE"|"CENTRO"|"GUANAJUATO"|"HUB IRAPUATO"|"HUB IRAPUATO"|"CORTAZAR"||||"Sin RPT"||"OFF NET"
3289||3|||"TELECABLE"|"SUR"|"INTERIOR"|"OCCIDENTE"|"OCCIDENTE"|"JALISCO"|"HUB GUADALAJARA"|"HUB GUADALAJARA"|"ZAPOPAN"||||"Sin RPT"||"ON NET"
3657||5|||"TVI"|"NORTE"||"NORESTE"||"NUEVO LEON"|"HUB MONTERREY"|"HUB MONTERREY"|"EL CARMEN"||||||"ON NET"
3661||5|||"SKY"|"SUR"||"OCCIDENTE"||"OAXACA"|"HUB HUAJUAPAN"|"HUB HUAJUAPAN"|"CUICATLAN"||||||"OFF NET"
3665||5|||"SKY"|"SUR"||"SURESTE"||"CHIAPAS"|"HUB REFORMA"|"HUB REFORMA"|"TECPATAN"||||||"OFF RED"
3048||3|||"TELECABLE"|"METRO"|"METRO"|"METROPOLITANA"|"MXNORTE"|"HIDALGO"|"HUB HUEJUTLA"|"HUB HUEJUTLA"|"HUEJUTLA"||||"Sin RPT"||"OFF RED"
3053||3|||"CABLEMAS"|"SUR"|"INTERIOR"|"SURESTE"|"GOLFO"|"TLAXCALA"|"HUB HUAMANTLA"|"HUB HUAMANTLA"|"TZOMPANTEPEC"||||"Sin RPT"||"OFF NET"
3057||3|||"CABLEMAS"|"SUR"|"INTERIOR"|"SURESTE"|"GOLFO"|"VERACRUZ"|"HUB TIERRA BLANCA"|"HUB TIERRA BLANCA"|"COSAMALOAPAN"||||"Sin RPT"||"OFF NET"
3061||3|||"TELECABLE"|"NORTE"|"INTERIOR"|"NORESTE"|"CENTRO"|"GUANAJUATO"|"HUB GUANAJUATO"|"HUB GUANAJUATO"|"GUANAJUATO"||||"Sin RPT"||"OFF NET"
3066||3|||"CABLECOM"|"METRO"|"METRO"|"METROPOLITANA"|"MXNORTE"|"HIDALGO"|"HUB PACHUCA"|"HUB PACHUCA"|"ATOTONILCO EL GRANDE"||||"Sin RPT"||"OFF RED"
3071||3|||"CABLEMAS"|"METRO"|"METRO"|"METROPOLITANA"|"MXSUR"|"MEXICO"|"HUB CHALCO"|"HUB CHALCO"|"AYAPANGO"||||"Sin RPT"||"OFF RED"
3325||3||||"METRO"|"METRO"|"METROPOLITANA"|"MXNORTE"|"MEXICO"|"HUB IXTLAHUACA"|"HUB IXTLAHUACA"|"ATLACOMULCO"||||"Sin RPT"||"OFF NET"
3330||3|||"CABLEMAS"|"METRO"|"METRO"|"METROPOLITANA"|"MXSUR"|"MEXICO"|"HUB CHALCO"|"HUB CHALCO"|"TENANGO DEL AIRE"||||"Sin RPT"||"OFF NET"
3334||3|||"SKY"|"SUR"|"INTERIOR"|"OCCIDENTE"|"SURESTE"|"OAXACA"|"HUB JUXTLAHUACA"|"HUB JUXTLAHUACA"|"CONSTANCIA DEL ROSARIO"||||"Sin RPT"||"OFF NET"
3338||3|||"CABLECOM"|"NORTE"|"INTERIOR"|"NORESTE"|"GOLFO"|"SAN LUIS POTOSI"|"HUB RIOVERDE"|"HUB RIOVERDE"|"RIOVERDE"||||"Sin RPT"||"OFF NET"
3342||3|||"SKY"|"SUR"|"INTERIOR"|"OCCIDENTE"|"SURESTE"|"OAXACA"|"HUB HUATULCO"|"HUB HUATULCO"|"POCHUTLA"||||"Sin RPT"||"OFF RED"
3346||3|||"CABLEMAS"|"SUR"|"INTERIOR"|"SURESTE"|"GOLFO"|"VERACRUZ"|"HUB TIERRA BLANCA"|"HUB TIERRA BLANCA"|"ALVARADO"||||"Sin RPT"||"OFF NET"
3350||3|||"SKY"|"SUR"|"INTERIOR"|"SURESTE"|"GOLFO"|"VERACRUZ"|"HUB SAN ANDRES TUXTLA"|"HUB SAN ANDRES TUXTLA"|"ISLA"||||"Sin RPT"||"OFF NET"
3354||3|||"SKY"|"SUR"|"INTERIOR"|"SURESTE"|"GOLFO"|"TLAXCALA"|"HUB CALPULALPAN"|"HUB CALPULALPAN"|"ESPAÑITA"||||"Sin RPT"||"OFF RED"
3358||3|||"CABLEMAS"|"SUR"|"INTERIOR"|"SURESTE"|"GOLFO"|"VERACRUZ"|"HUB POZA RICA"|"HUB POZA RICA"|"TUXPAN VER"||||"Sin RPT"||"ON NET"
3362||3|||"CABLEMAS"|"SUR"|"INTERIOR"|"OCCIDENTE"|"CENTRO"|"AGUASCALIENTES"|"HUB AGUASCALIENTES"|"HUB AGUASCALIENTES"|"RINCON DE ROMOS"||||"Sin RPT"||"OFF NET"
3366||3|||"TELECABLE"|"NORTE"|"INTERIOR"|"NORESTE"|"CENTRO"|"GUANAJUATO"|"HUB IRAPUATO"|"HUB IRAPUATO"|"IRAPUATO"||||"Sin RPT"||"ON NET"
3371||3|||"CABLEMAS"|"METRO"|"METRO"|"METROPOLITANA"|"MXNORTE"|"HIDALGO"|"HUB TULANCINGO"|"HUB TULANCINGO"|"ZEMPOALA"||||"Sin RPT"||"OFF NET"
3375||3|||"TELECABLE"|"SUR"|"INTERIOR"|"OCCIDENTE"|"OCCIDENTE"|"JALISCO"|"HUB CIUDAD GUZMAN"|"HUB CIUDAD GUZMAN"|"CIUDAD GUZMAN"||||"Sin RPT"||"ON NET"
3380||3|||"SKY"|"SUR"|"INTERIOR"|"SURESTE"|"GOLFO"|"PUEBLA"|"HUB TECAMACHALCO"|"HUB TECAMACHALCO"|"TECAMACHALCO"||||"Sin RPT"||"OFF NET"
3385||3|||"CABLECOM"|"NORTE"|"INTERIOR"|"NORESTE"|"GOLFO"|"SAN LUIS POTOSI"|"HUB MEXQUITIC"|"HUB MEXQUITIC"|"CERRITOS"||||"Sin RPT"||"OFF NET"
3389||3|||"SKY"|"SUR"|"INTERIOR"|"OCCIDENTE"|"SURESTE"|"OAXACA"|"HUB HUATULCO"|"HUB HUATULCO"|"HUAMELULA"||||"Sin RPT"||"OFF RED"
3394||3|||"CABLECOM"|"NORTE"|"INTERIOR"|"PACIFICO"|"CENTRO"|"ZACATECAS"|"HUB FRESNILLO"|"HUB FRESNILLO"|"FRESNILLO"||||"Sin RPT"||"ON NET"
3398||3|||"CABLEMAS"|"SUR"|"INTERIOR"|"OCCIDENTE"|"SURESTE"|"OAXACA"|"HUB OAXACA"|"HUB OAXACA"|"SAN JUAN BAUTISTA GUELACHE"||||"Sin RPT"||"ON NET"
3402||3|||"CABLECOM"|"METRO"|"METRO"|"METROPOLITANA"|"MXSUR"|"CIUDAD DE MEXICO"|"HUB VENUSTIANO CARRANZA"|"HUB VENUSTIANO CARRANZA"|"VENUSTIANO CARRANZA CDMX"||||"Sin RPT"||"ON NET"
3407||3||||"NORTE"|"NORTE"|"NORESTE"|"NORESTE"|"COAHUILA"|"HUB MORELOS"|"HUB MORELOS"|"VILLA UNION"||||"Sin RPT"||"OFF NET"
3411||3|||"CABLEMAS"|"NORTE"|"NORTE"|"NORESTE"|"NORESTE"|"COAHUILA"|"HUB SAN BUENAVENTURA"|"HUB SAN BUENAVENTURA"|"OCAMPO COAH"||||"Sin RPT"||"OFF NET"
3416||3|||"CABLEMAS"|"NORTE"|"NORTE"|"PACIFICO"|"PACIFICO"|"CHIHUAHUA"|"HUB CUAUHTEMOC CHIH"|"HUB CUAUHTEMOC CHIH"|"CUAUHTEMOC CHIH"||||"Sin RPT"||"ON NET"
3420||3|||"CABLEMAS"|"SUR"|"INTERIOR"|"OCCIDENTE"|"OCCIDENTE"|"GUERRERO"|"HUB COYUCA"|"HUB COYUCA"|"CHILPANCINGO"||||"Sin RPT"||"ON NET"
3424||3|||"CABLEMAS"|"NORTE"|"INTERIOR"|"NORESTE"|"CENTRO"|"GUANAJUATO"|"HUB IRAPUATO"|"HUB IRAPUATO"|"VALLE DE SANTIAGO"||||"Sin RPT"||"OFF NET"
3429||3|||"SKY"|"NORTE"|"INTERIOR"|"PACIFICO"|"CENTRO"|"DURANGO"|"HUB DURANGO"|"HUB DURANGO"|"CONETO DE COMONFORT"||||"Sin RPT"||"OFF NET"
3433||3|||"TELECABLE"|"SUR"|"INTERIOR"|"OCCIDENTE"|"OCCIDENTE"|"JALISCO"|"HUB LAGOS DE MORENO"|"HUB LAGOS DE MORENO"|"SAN JUAN DE LOS LAGOS"||||"Sin RPT"||"ON NET"
3437||3|||"TELECABLE"|"SUR"|"INTERIOR"|"OCCIDENTE"|"OCCIDENTE"|"JALISCO"|"HUB TEPATITLAN"|"HUB TEPATITLAN"|"JESUS MARIA"||||"Sin RPT"||"OFF NET"
3442||3|||"SKY"|"SUR"|"INTERIOR"|"OCCIDENTE"|"SURESTE"|"OAXACA"|"HUB TUXTEPEC"|"HUB TUXTEPEC"|"SAN PEDRO YOLOX"||||"Sin RPT"||"OFF RED"
3820||5|||"CABLEMAS"|"SUR"||"SURESTE"||"PUEBLA"|"HUB TEHUACAN"|"HUB TEHUACAN"|"TEHUACAN"||||||"ON NET"
3824||5|||"CABLEMAS"|"NORTE"||"NORESTE"||"SAN LUIS POTOSI"|"HUB VALLES"|"HUB VALLES"|"CIUDAD VALLES"||||||"ON NET"
3828||5|||"CABLEMAS"|"SUR"||"SURESTE"||"PUEBLA"|"HUB ATLIXCO"|"HUB ATLIXCO"|"HUAQUECHULA"||||||"OFF NET"
3832||5|||"CABLECOM"|"SUR"||"SURESTE"||"TLAXCALA"|"HUB SAN PABLO DEL MONTE"|"HUB SAN PABLO DEL MONTE"|"SANTA APOLONIA"||||||"OFF NET"
3836||5|||"SKY"|"SUR"||"SURESTE"||"TLAXCALA"|"HUB CALPULALPAN"|"HUB CALPULALPAN"|"HUEYOTLIPAN"||||||"OFF NET"
3840||5|||"CABLEMAS"|"SUR"||"SURESTE"||"YUCATAN"|"HUB MERIDA"|"HUB MERIDA"|"MOTUL"||||||"OFF NET"
3844||5|||"CABLEMAS"|"SUR"||"SURESTE"||"VERACRUZ"|"HUB PANUCO"|"HUB PANUCO"|"NARANJOS"||||||"OFF NET"
3848||5|||"CABLEMAS"|"SUR"||"SURESTE"||"VERACRUZ"|"HUB POZA RICA"|"HUB POZA RICA"|"PAPANTLA"||||||"OFF NET"
3852||5|||"CABLECOM"|"SUR"||"SURESTE"||"VERACRUZ"|"HUB SAN ANDRES TUXTLA"|"HUB SAN ANDRES TUXTLA"|"ACAYUCAN"||||||"OFF NET"
3856||5|||"CABLECOM"|"SUR"||"SURESTE"||"CHIAPAS"|"HUB TUXTLA GUTIERREZ"|"HUB TUXTLA GUTIERREZ"|"TUXTLA GUTIERREZ"||||||"OFF NET"
3860||5|||"SKY"|"SUR"||"OCCIDENTE"||"MICHOACAN"|"HUB LAZARO CARDENAS"|"HUB LAZARO CARDENAS"|"LAZARO CARDENAS MICH"||||||"OFF NET"
3864||5|||"CABLEMAS"|"METRO"||"METROPOLITANA"||"HIDALGO"|"HUB TULA"|"HUB TULA"|"TEZONTEPEC"||||||"OFF NET"
3868||5|||"TELECABLE"|"SUR"||"OCCIDENTE"||"JALISCO"|"HUB CIUDAD GUZMAN"|"HUB CIUDAD GUZMAN"|"TAMAZULA JAL"||||||"OFF NET"
3872||5|||"CABLEMAS"|"METRO"||"METROPOLITANA"||"MEXICO"|"HUB TULTITLAN"|"HUB TULTITLAN"|"TULTITLAN"||||||"ON NET"
3876||5|||"CABLEMAS"|"SUR"||"SURESTE"||"QUINTANA ROO"|"HUB CANCUN"|"HUB CANCUN"|"CANCUN"||||||"ON NET"
3880||5|||"TELECABLE"|"NORTE"||"NORESTE"||"TAMAULIPAS"|"HUB VICTORIA"|"HUB VICTORIA"|"VICTORIA"||||||"ON NET"
3884||5|||"CABLEVISIÓN"|"METRO"||"METROPOLITANA"||"CIUDAD DE MEXICO"|"HUB AZCAPOTZALCO"|"HUB AZCAPOTZALCO"|"AZCAPOTZALCO"||||||"ON NET"
3888||5|||"CABLECOM"|"NORTE"||"PACIFICO"||"ZACATECAS"|"HUB FRESNILLO"|"HUB FRESNILLO"|"FRESNILLO"||||||"ON NET"
3892||5|||"SKY"|"NORTE"||"NORESTE"||"NUEVO LEON"|"HUB LINARES"|"HUB LINARES"|"RAYONES"||||||"OFF NET"
3896||5|||"CABLEMAS"|"SUR"||"OCCIDENTE"||"OAXACA"|"HUB SALINA CRUZ"|"HUB SALINA CRUZ"|"ASUNCION IXTALTEPEC"||||||"OFF RED"
3900||5|||"CABLECOM"|"NORTE"||"NORESTE"||"COAHUILA"|"HUB SALTILLO"|"HUB SALTILLO"|"ARTEAGA"||||||"OFF NET"
3904||5|||"CABLEMAS"|"NORTE"||"PACIFICO"||"CHIHUAHUA"|"HUB CHIHUAHUA"|"HUB CHIHUAHUA"|"SAUCILLO"||||||"OFF NET"
3908||5|||"TELECABLE"|"SUR"||"OCCIDENTE"||"JALISCO"|"HUB TEPATITLAN"|"HUB TEPATITLAN"|"VALLE DE GUADALUPE"||||||"OFF NET"
3912||5|||"SKY"|"METRO"||"METROPOLITANA"||"HIDALGO"|"HUB PACHUCA"|"HUB PACHUCA"|"SAN SALVADOR"||||||"OFF RED"
3916||5|||"TELECABLE"|"NORTE"||"PACIFICO"||"NAYARIT"|"HUB TEPIC"|"HUB TEPIC"|"ROSAMORADA"||||||"OFF RED"
3920||5|||"CABLEMAS"|"NORTE"||"PACIFICO"||"NAYARIT"|"HUB DEL NAYAR"|"HUB DEL NAYAR"|"JALA"||||||"OFF NET"
3924||5|||"CABLECOM"|"METRO"||"METROPOLITANA"||"MEXICO"|"HUB TOLUCA"|"HUB TOLUCA"|"TENANGO"||||||"OFF NET"
3928||5|||"SKY"|"SUR"||"OCCIDENTE"||"OAXACA"|"HUB SALINA CRUZ"|"HUB SALINA CRUZ"|"SAN MATEO DEL MAR"||||||"OFF RED"
3932||5|||"SKY"|"NORTE"||"NORESTE"||"SAN LUIS POTOSI"|"HUB RIOVERDE"|"HUB RIOVERDE"|"TAMASOPO"||||||"OFF NET"
3936||5|||"CABLEMAS"|"SUR"||"SURESTE"||"PUEBLA"|"HUB ATLIXCO"|"HUB ATLIXCO"|"OCOYUCAN"||||||"OFF NET"
3940||5|||"SKY"|"SUR"||"OCCIDENTE"||"OAXACA"|"HUB OAXACA"|"HUB OAXACA"|"OCOTLAN DE MORELOS"||||||"OFF NET"
3073||3||||"SUR"|"INTERIOR"|"SURESTE"|"GOLFO"|"PUEBLA"|"HUB TEZIUTLAN"|"HUB TEZIUTLAN"|"IXTACAMAXTITLAN"||||"Sin RPT"||"OFF RED"
3077||3|||"SKY"|"NORTE"|"NORTE"|"PACIFICO"|"PACIFICO"|"SONORA"|"HUB NAVOJOA"|"HUB NAVOJOA"|"ALAMOS"||||"Sin RPT"||"OFF RED"
3081||3|||"TVI"|"NORTE"|"INTERIOR"|"NORESTE"|"GOLFO"|"TAMAULIPAS"|"HUB VICTORIA"|"HUB VICTORIA"|"LLERA"||||"Sin RPT"||"OFF RED"
3085||3|||"CABLEVISIÓN"|"METRO"|"METRO"|"METROPOLITANA"|"MXSUR"|"CIUDAD DE MEXICO"|"HUB ALVARO OBREGON"|"HUB ALVARO OBREGON"|"ALVARO OBREGON CDMX"||||"Sin RPT"||"ON NET"
3089||3|||"TVI"|"NORTE"|"NORTE"|"NORESTE"|"NORESTE"|"NUEVO LEON"|"HUB LINARES"|"HUB LINARES"|"LINARES"||||"Sin RPT"||"ON NET"
3093||3|||"CABLEVISIÓN"|"METRO"|"METRO"|"METROPOLITANA"|"MXSUR"|"CIUDAD DE MEXICO"|"HUB XOCHIMILCO"|"HUB XOCHIMILCO"|"XOCHIMILCO"||||"Sin RPT"||"ON NET"
3097||3|||"SKY"|"SUR"|"INTERIOR"|"SURESTE"|"SURESTE"|"CHIAPAS"|"HUB REFORMA"|"HUB REFORMA"|"TECPATAN"||||"Sin RPT"||"OFF RED"
3101||3|||"SKY"|"SUR"|"INTERIOR"|"SURESTE"|"SURESTE"|"CHIAPAS"|"HUB TAPACHULA"|"HUB TAPACHULA"|"ESCUINTLA"||||"Sin RPT"||"OFF RED"
3105||3|||"TELECABLE"|"NORTE"|"INTERIOR"|"NORESTE"|"CENTRO"|"GUANAJUATO"|"HUB IRAPUATO"|"HUB IRAPUATO"|"SALAMANCA"||||"Sin RPT"||"ON NET"
3109||3|||"SKY"|"NORTE"|"INTERIOR"|"NORESTE"|"CENTRO"|"GUANAJUATO"|"HUB IRAPUATO"|"HUB IRAPUATO"|"HUANIMARO"||||"Sin RPT"||"OFF RED"
3113||3|||"SKY"|"NORTE"|"INTERIOR"|"NORESTE"|"CENTRO"|"GUANAJUATO"|"HUB GUANAJUATO"|"HUB GUANAJUATO"|"SAN FELIPE"||||"Sin RPT"||"OFF RED"
3117||3|||"TELECABLE"|"SUR"|"INTERIOR"|"OCCIDENTE"|"OCCIDENTE"|"JALISCO"|"HUB PUERTO VALLARTA"|"HUB PUERTO VALLARTA"|"CASIMIRO CASTILLO"||||"Sin RPT"||"OFF NET"
3121||3|||"SKY"|"SUR"|"INTERIOR"|"OCCIDENTE"|"OCCIDENTE"|"MICHOACAN"|"HUB ZITACUARO"|"HUB ZITACUARO"|"MICH OCAMPO"||||"Sin RPT"||"OFF RED"
3125||3|||"CABLEMAS"|"METRO"|"METRO"|"METROPOLITANA"|"MXSUR"|"MEXICO"|"HUB CHIMALHUACAN"|"HUB CHIMALHUACAN"|"CHIMALHUACAN"||||"Sin RPT"||"ON NET"
3131||3|||"TELECABLE"|"METRO"|"METRO"|"METROPOLITANA"|"MXNORTE"|"MEXICO"|"HUB TLALNEPANTLA"|"HUB TLALNEPANTLA"|"TLALNEPANTLA"||||"Sin RPT"||"ON NET"
3135||3|||"SKY"|"SUR"|"INTERIOR"|"SURESTE"|"GOLFO"|"PUEBLA"|"HUB TEZIUTLAN"|"HUB TEZIUTLAN"|"NAUZONTLA"||||"Sin RPT"||"OFF NET"
3140||3|||"SKY"|"SUR"|"INTERIOR"|"SURESTE"|"GOLFO"|"PUEBLA"|"HUB AMOZOC"|"HUB AMOZOC"|"GUADALUPE VICTORIA PUE"||||"Sin RPT"||"OFF NET"
3144||3|||"SKY"|"NORTE"|"NORTE"|"PACIFICO"|"PACIFICO"|"SONORA"|"HUB NAVOJOA"|"HUB NAVOJOA"|"SON BENITO JUAREZ"||||"Sin RPT"||"OFF NET"
3150||3|||"SKY"|"SUR"|"INTERIOR"|"SURESTE"|"GOLFO"|"TLAXCALA"|"HUB ATLTZAYANCA"|"HUB ATLTZAYANCA"|"CUAPIAXTLA"||||"Sin RPT"||"OFF NET"
3154||3|||"SKY"|"SUR"|"INTERIOR"|"SURESTE"|"GOLFO"|"TLAXCALA"|"HUB SAN PABLO DEL MONTE"|"HUB SAN PABLO DEL MONTE"|"SANTA CRUZ QUILEHTLA"||||"Sin RPT"||"OFF NET"
3158||3|||"CABLECOM"|"SUR"|"INTERIOR"|"SURESTE"|"GOLFO"|"TLAXCALA"|"HUB TLAXCALA"|"HUB TLAXCALA"|"APIZACO"||||"Sin RPT"||"ON NET"
3163||3||||"SUR"|"INTERIOR"|"SURESTE"|"GOLFO"|"VERACRUZ"|"HUB VERACRUZ"|"HUB VERACRUZ"|"VERACRUZ"||||"Sin RPT"||"OFF NET"
3167||3|||"SKY"|"SUR"|"INTERIOR"|"SURESTE"|"GOLFO"|"VERACRUZ"|"HUB SAN ANDRES TUXTLA"|"HUB SAN ANDRES TUXTLA"|"HUEYAPAN DE OCAMPO"||||"Sin RPT"||"OFF RED"
3552||3|||"SKY"|"SUR"|"INTERIOR"|"SURESTE"|"GOLFO"|"PUEBLA"|"HUB IZUCAR DE MATAMOROS"|"HUB IZUCAR DE MATAMOROS"|"TULCINGO"||||"Sin RPT"||"OFF NET"
3556||3|||"CABLECOM"|"SUR"|"INTERIOR"|"SURESTE"|"SURESTE"|"TABASCO"|"HUB COMALCALCO"|"HUB COMALCALCO"|"NACAJUCA"||||"Sin RPT"||"OFF NET"
3561||3|||"SKY"|"SUR"|"INTERIOR"|"SURESTE"|"GOLFO"|"PUEBLA"|"HUB PUEBLA"|"HUB PUEBLA"|"CUAUTINCHAN"||||"Sin RPT"||"OFF RED"
3565||3|||"SKY"|"SUR"|"INTERIOR"|"SURESTE"|"SURESTE"|"TABASCO"|"HUB CENTLA"|"HUB CENTLA"|"CENTLA"||||"Sin RPT"||"OFF RED"
3570||3|||"SKY"|"SUR"|"INTERIOR"|"SURESTE"|"SURESTE"|"CHIAPAS"|"HUB TAPACHULA"|"HUB TAPACHULA"|"MAZATAN"||||"Sin RPT"||"OFF RED"
3574||3|||"CABLEMAS"|"NORTE"|"NORTE"|"PACIFICO"|"PACIFICO"|"CHIHUAHUA"|"HUB CHIHUAHUA"|"HUB CHIHUAHUA"|"MEOQUI"||||"Sin RPT"||"OFF NET"
3578||3|||"CABLEMAS"|"SUR"|"INTERIOR"|"OCCIDENTE"|"OCCIDENTE"|"GUERRERO"|"HUB CHILAPA"|"HUB CHILAPA"|"CHILAPA DE ALVAREZ"||||"Sin RPT"||"OFF RED"
3582||3|||"CABLEMAS"|"NORTE"|"NORTE"|"PACIFICO"|"PACIFICO"|"CHIHUAHUA"|"HUB PARRAL"|"HUB PARRAL"|"LA CRUZ"||||"Sin RPT"||"OFF NET"
3586||3|||"SKY"|"SUR"|"INTERIOR"|"OCCIDENTE"|"SURESTE"|"OAXACA"|"HUB JUXTLAHUACA"|"HUB JUXTLAHUACA"|"SAN PEDRO Y SAN PABLO TEPOSCOLULA"||||"Sin RPT"||"OFF NET"
3590||3|||"CABLEMAS"|"METRO"|"METRO"|"METROPOLITANA"|"MXSUR"|"MEXICO"|"HUB CHALCO"|"HUB CHALCO"|"CHALCO"||||"Sin RPT"||"ON NET"
3594||3|||"SKY"|"SUR"|"INTERIOR"|"OCCIDENTE"|"SURESTE"|"OAXACA"|"HUB HUATULCO"|"HUB HUATULCO"|"SANTOS REYES NOPALA"||||"Sin RPT"||"OFF RED"
3598||3|||"CABLEMAS"|"NORTE"|"INTERIOR"|"NORESTE"|"GOLFO"|"TAMAULIPAS"|"HUB SOTO LA MARINA"|"HUB SOTO LA MARINA"|"HIDALGO TAM"||||"Sin RPT"||"OFF RED"
3602||3|||"SKY"|"SUR"|"INTERIOR"|"SURESTE"|"GOLFO"|"PUEBLA"|"HUB TECAMACHALCO"|"HUB TECAMACHALCO"|"CHILA"||||"Sin RPT"||"OFF NET"
3606||3|||"TELECABLE"|"NORTE"|"INTERIOR"|"NORESTE"|"CENTRO"|"QUERETARO"|"HUB SAN JUAN DEL RIO"|"HUB SAN JUAN DEL RIO"|"AMEALCO DE BONFIL"||||"Sin RPT"||"OFF NET"
3610||3|||"SKY"|"SUR"|"INTERIOR"|"SURESTE"|"GOLFO"|"PUEBLA"|"HUB IZUCAR DE MATAMOROS"|"HUB IZUCAR DE MATAMOROS"|"TILAPA"||||"Sin RPT"||"OFF RED"
3614||3|||"CABLEMAS"|"SUR"|"INTERIOR"|"SURESTE"|"SURESTE"|"YUCATAN"|"HUB IZAMAL"|"HUB IZAMAL"|"TEMAX"||||"Sin RPT"||"OFF NET"
3618||3|||"SKY"|"SUR"|"INTERIOR"|"SURESTE"|"GOLFO"|"TLAXCALA"|"HUB HUAMANTLA"|"HUB HUAMANTLA"|"ZITLALTEPEC"||||"Sin RPT"||"OFF NET"
3622||3|||"CABLECOM"|"SUR"|"INTERIOR"|"SURESTE"|"GOLFO"|"TLAXCALA"|"HUB YAHUQUEMEHCAN"|"HUB YAHUQUEMEHCAN"|"TETLA"||||"Sin RPT"||"OFF NET"
3626||5|||"SKY"|"SUR"||"SURESTE"||"VERACRUZ"|"HUB POZA RICA"|"HUB POZA RICA"|"HUAYACOCOTLA"||||||"OFF RED"
3630||5|||"CABLEMAS"|"NORTE"||"PACIFICO"||"BAJA CALIFORNIA"|"HUB ENSENADA"|"HUB ENSENADA"|"ENSENADA"||||||"ON NET"
3634||5|||"SKY"|"NORTE"||"PACIFICO"||"CHIHUAHUA"|"HUB GUACHOCHI"|"HUB GUACHOCHI"|"URIQUE"||||||"OFF RED"
3638||5|||"SKY"|"SUR"||"OCCIDENTE"||"GUERRERO"|"HUB ACAPULCO"|"HUB ACAPULCO"|"COYUCA BENITEZ"||||||"OFF NET"
3642||5|||"CABLECOM"|"METRO"||"METROPOLITANA"||"HIDALGO"|"HUB PACHUCA"|"HUB PACHUCA"|"ATOTONILCO EL GRANDE"||||||"OFF RED"
3646||5|||"CABLEVISIÓN"|"SUR"||"OCCIDENTE"||"JALISCO"|"HUB PUERTO VALLARTA"|"HUB PUERTO VALLARTA"|"TOMATLAN"||||||"OFF NET"
3650||5||||"NORTE"||"PACIFICO"||"SINALOA"|"HUB CULIACAN"|"HUB CULIACAN"|"CULIACAN"||||||"OFF NET"
3654||5|||"CABLEVISIÓN"|"METRO"||"METROPOLITANA"||"CIUDAD DE MEXICO"|"HUB ALVARO OBREGON"|"HUB ALVARO OBREGON"|"ALVARO OBREGON CDMX"||||||"ON NET"
4148||5|||"CABLEMAS"|"SUR"||"SURESTE"||"VERACRUZ"|"HUB POZA RICA"|"HUB POZA RICA"|"ALAMO TEMAPACHE"||||||"OFF RED"
4152||5|||"CABLECOM"|"SUR"||"SURESTE"||"TLAXCALA"|"HUB SAN PABLO DEL MONTE"|"HUB SAN PABLO DEL MONTE"|"SAN PABLO DEL MONTE"||||||"ON NET"
4156||5|||"TELECABLE"|"NORTE"||"PACIFICO"||"ZACATECAS"|"HUB GUADALUPE"|"HUB GUADALUPE"|"CALERA"||||||"OFF NET"
4160||5|||"SKY"|"SUR"||"SURESTE"||"TLAXCALA"|"HUB CALPULALPAN"|"HUB CALPULALPAN"|"ESPAÑITA"||||||"OFF RED"
4164||5|||"CABLEMAS"|"SUR"||"SURESTE"||"VERACRUZ"|"HUB XALAPA"|"HUB XALAPA"|"PEROTE"||||||"OFF NET"
3670||5|||"SKY"|"NORTE"||"PACIFICO"||"CHIHUAHUA"|"HUB CHIHUAHUA"|"HUB CHIHUAHUA"|"AGUILES SERDAN"||||||"OFF NET"
3674||5||||"NORTE"||"NORESTE"||"GUANAJUATO"|"HUB SAN MIGUEL DE ALLENDE"|"HUB SAN MIGUEL DE ALLENDE"|"SAN MIGUEL DE ALLENDE"||||||"OFF NET"
3678||5|||"SKY"|"METRO"||"METROPOLITANA"||"HIDALGO"|"HUB IXMIQUILPAN"|"HUB IXMIQUILPAN"|"IXMIQUILPAN"||||||"OFF NET"
3682||5|||"CABLEMAS"|"NORTE"||"PACIFICO"||"DURANGO"|"HUB SANTIAGO PAPASQUIARO"|"HUB SANTIAGO PAPASQUIARO"|"TEPEHUANES"||||||"OFF NET"
3686||5|||"SKY"|"SUR"||"OCCIDENTE"||"MICHOACAN"|"HUB ZITACUARO"|"HUB ZITACUARO"|"APORO"||||||"OFF NET"
3690||5|||"CABLEMAS"|"SUR"||"OCCIDENTE"||"OAXACA"|"HUB OAXACA"|"HUB OAXACA"|"TELIXTLAHUACA"||||||"OFF NET"
3694||5|||"CABLEMAS"|"METRO"||"METROPOLITANA"||"MORELOS"|"HUB CUAUTLA"|"HUB CUAUTLA"|"YAUTEPEC"||||||"ON NET"
3698||5|||"CABLEMAS"|"SUR"||"OCCIDENTE"||"OAXACA"|"HUB HUAJUAPAN"|"HUB HUAJUAPAN"|"ACATLAN DE PEREZ"||||||"OFF RED"
3702||5|||"SKY"|"SUR"||"SURESTE"||"PUEBLA"|"HUB TEZIUTLAN"|"HUB TEZIUTLAN"|"HUEYTAMALCO"||||||"OFF RED"
3706||5|||"SKY"|"SUR"||"SURESTE"||"YUCATAN"|"HUB IZAMAL"|"HUB IZAMAL"|"CENOTILLO"||||||"OFF NET"
3710||5|||"CABLEMAS"|"SUR"||"SURESTE"||"PUEBLA"|"HUB TEHUACAN"|"HUB TEHUACAN"|"AJALPAN"||||||"OFF NET"
3714||5|||"SKY"|"SUR"||"SURESTE"||"TABASCO"|"HUB MACUSPANA"|"HUB MACUSPANA"|"TEAPA"||||||"OFF NET"
3718||5|||"SKY"|"SUR"||"SURESTE"||"YUCATAN"|"HUB MERIDA"|"HUB MERIDA"|"TIXKOKOB"||||||"OFF NET"
3722||5|||"SKY"|"NORTE"||"PACIFICO"||"ZACATECAS"|"HUB GUADALUPE"|"HUB GUADALUPE"|"TEPETONGO"||||||"OFF RED"
3726||5|||"SKY"|"SUR"||"SURESTE"||"TLAXCALA"|"HUB CALPULALPAN"|"HUB CALPULALPAN"|"CALPULALPAN"||||||"OFF NET"
3730||5|||"CABLEMAS"|"NORTE"||"NORESTE"||"TAMAULIPAS"|"HUB VICTORIA"|"HUB VICTORIA"|"MANTE"||||||"ON NET"
3734||5|||"SKY"|"SUR"||"SURESTE"||"YUCATAN"|"HUB UMAN"|"HUB UMAN"|"CELESTUM"||||||"OFF NET"
3738||5|||"CABLECOM"|"NORTE"||"NORESTE"||"COAHUILA"|"HUB PIEDRAS NEGRAS"|"HUB PIEDRAS NEGRAS"|"PIEDRAS NEGRAS"||||||"ON NET"
3742||5|||"CABLEMAS"|"NORTE"||"PACIFICO"||"CHIHUAHUA"|"HUB JUAREZ"|"HUB JUAREZ"|"AHUMADA"||||||"OFF NET"
3746||5|||"CABLEMAS"|"SUR"||"OCCIDENTE"||"MICHOACAN"|"HUB ZITACUARO"|"HUB ZITACUARO"|"HIDALGO MICH"||||||"OFF NET"
3750||5|||"SKY"|"SUR"||"OCCIDENTE"||"GUERRERO"|"HUB CHILAPA"|"HUB CHILAPA"|"TLAPA DE COMONFORT"||||||"OFF NET"
3754||5|||"CABLECOM"|"METRO"||"METROPOLITANA"||"MEXICO"|"HUB TOLUCA"|"HUB TOLUCA"|"ZINACANTEPEC"||||||"OFF NET"
3758||5|||"SKY"|"NORTE"||"PACIFICO"||"SONORA"|"HUB NAVOJOA"|"HUB NAVOJOA"|"ALAMOS"||||||"OFF RED"
3762||5|||"SKY"|"SUR"||"OCCIDENTE"||"OAXACA"|"HUB PINOTEPA"|"HUB PINOTEPA"|"CACAHUATEPEC"||||||"OFF NET"
3766||5|||"SKY"|"NORTE"||"PACIFICO"||"ZACATECAS"|"HUB GUADALUPE"|"HUB GUADALUPE"|"GENARO CODINA"||||||"OFF RED"
3770||5|||"CABLECOM"|"SUR"||"OCCIDENTE"||"OAXACA"|"HUB TUXTEPEC"|"HUB TUXTEPEC"|"VALLE NACIONAL"||||||"OFF RED"
3774||5|||"CABLEMAS"|"NORTE"||"PACIFICO"||"BAJA CALIFORNIA"|"HUB ENSENADA"|"HUB ENSENADA"|"SAN QUINTIN"||||||"OFF NET"
3778||5||||"NORTE"||"NORESTE"||"COAHUILA"|"HUB SAN BUENAVENTURA"|"HUB SAN BUENAVENTURA"|"CUATRO CIENEGAS"||||||"OFF NET"
3782||5|||"SKY"|"SUR"||"SURESTE"||"CHIAPAS"|"HUB SAN CRISTOBAL"|"HUB SAN CRISTOBAL"|"YAJALON"||||||"OFF NET"
3786||5|||"SKY"|"NORTE"||"NORESTE"||"GUANAJUATO"|"HUB CELAYA"|"HUB CELAYA"|"APASEO EL GRANDE"||||||"OFF NET"
3790||5|||"CABLEMAS"|"SUR"||"OCCIDENTE"||"JALISCO"|"HUB TEPATITLAN"|"HUB TEPATITLAN"|"MEXTICACAN"||||||"ON NET"
3794||5|||"SKY"|"NORTE"||"NORESTE"||"GUANAJUATO"|"HUB GUANAJUATO"|"HUB GUANAJUATO"|"SAN FELIPE"||||||"OFF RED"
3798||5|||"TELECABLE"|"SUR"||"OCCIDENTE"||"JALISCO"|"HUB PUERTO VALLARTA"|"HUB PUERTO VALLARTA"|"CUAUTITLAN DE GARCIA BARRAGAN"||||||"OFF RED"
3802||5|||"TVI"|"NORTE"||"NORESTE"||"NUEVO LEON"|"HUB MONTERREY"|"HUB MONTERREY"|"DOCTOR GONZALEZ"||||||"OFF NET"
3806||5|||"SKY"|"SUR"||"OCCIDENTE"||"MICHOACAN"|"HUB TACAMBARO"|"HUB TACAMBARO"|"TACAMBARO"||||||"OFF NET"
3810||5|||"SKY"|"SUR"||"OCCIDENTE"||"OAXACA"|"HUB JUXTLAHUACA"|"HUB JUXTLAHUACA"|"ZAHUATLAN"||||||"OFF NET"
3814||5|||"CABLECOM"|"NORTE"||"NORESTE"||"SAN LUIS POTOSI"|"HUB MATEHUALA"|"HUB MATEHUALA"|"CEDRAL"||||||"OFF NET"
3818||5|||"SKY"|"NORTE"||"NORESTE"||"SAN LUIS POTOSI"|"HUB MATEHUALA"|"HUB MATEHUALA"|"SANTO DOMINGO"||||||"OFF RED"
4322||5|||"CABLEMAS"|"SUR"||"OCCIDENTE"||"GUERRERO"|"HUB IGUALA"|"HUB IGUALA"|"IGUALA"||||||"ON NET"
4326||5||||"METRO"||"METROPOLITANA"||"MEXICO"|"HUB IXTLAHUACA"|"HUB IXTLAHUACA"|"ACULCO"||||||"OFF RED"
4330||5|||"SKY"|"SUR"||"OCCIDENTE"||"MICHOACAN"|"HUB MORELIA"|"HUB MORELIA"|"MADERO"||||||"OFF RED"
4334||5|||"TVI"|"NORTE"||"NORESTE"||"NUEVO LEON"|"HUB MONTERREY"|"HUB MONTERREY"|"MONTERREY"||||||"ON NET"
4338||5|||"SKY"|"SUR"||"SURESTE"||"PUEBLA"|"HUB TEZIUTLAN"|"HUB TEZIUTLAN"|"CUETZALAN"||||||"OFF RED"
4342||5|||"CABLECOM"|"NORTE"||"NORESTE"||"SAN LUIS POTOSI"|"HUB RIOVERDE"|"HUB RIOVERDE"|"CARDENAS SLP"||||||"OFF NET"
4346||5|||"CABLEMAS"|"SUR"||"SURESTE"||"VERACRUZ"|"HUB TIERRA BLANCA"|"HUB TIERRA BLANCA"|"ALVARADO"||||||"OFF NET"
4350||5|||"CABLEMAS"|"SUR"||"SURESTE"||"TLAXCALA"|"HUB HUAMANTLA"|"HUB HUAMANTLA"|"IXTENCO"||||||"ON NET"
4354||5|||"SKY"|"SUR"||"SURESTE"||"TLAXCALA"|"HUB SAN PABLO DEL MONTE"|"HUB SAN PABLO DEL MONTE"|"SANTA CRUZ QUILEHTLA"||||||"OFF NET"
4358||5|||"TELECABLE"|"NORTE"||"NORESTE"||"TAMAULIPAS"|"HUB TAMPICO"|"HUB TAMPICO"|"TAMPICO"||||||"ON NET"
4362||5|||"TELECABLE"|"SUR"||"SURESTE"||"VERACRUZ"|"HUB COATZACOALCOS"|"HUB COATZACOALCOS"|"JESUS CARRANZA"||||||"OFF RED"
4366||5|||"CABLEVISIÓN"|"METRO"||"METROPOLITANA"||"CIUDAD DE MEXICO"|"HUB MIGUEL HIDALGO"|"HUB MIGUEL HIDALGO"|"MIGUEL HIDALGO"||||||"ON NET"
4370||5|||"SKY"|"NORTE"||"PACIFICO"||"CHIHUAHUA"|"HUB CUAUHTEMOC CHIH"|"HUB CUAUHTEMOC CHIH"|"MATACHI"||||||"OFF NET"
4374||5|||"CABLECOM"|"METRO"||"METROPOLITANA"||"HIDALGO"|"HUB PACHUCA"|"HUB PACHUCA"|"PACHUCA"||||||"ON NET"
4378||5|||"TELECABLE"|"SUR"||"OCCIDENTE"||"JALISCO"|"HUB GUADALAJARA"|"HUB GUADALAJARA"|"SAN MARTIN HIDALGO"||||||"OFF NET"
4382||5||||"SUR"||"SURESTE"||"PUEBLA"|"HUB TECAMACHALCO"|"HUB TECAMACHALCO"|"TEPEACA"||||||"OFF NET"
4386||5|||"CABLECOM"|"NORTE"||"PACIFICO"||"SONORA"|"HUB HERMOSILLO"|"HUB HERMOSILLO"|"HERMOSILLO"||||||"OFF NET"
4390||5|||"CABLEMAS"|"SUR"||"OCCIDENTE"||"OAXACA"|"HUB OAXACA"|"HUB OAXACA"|"ZIMATLAN"||||||"OFF NET"
4394||5|||"SKY"|"NORTE"||"NORESTE"||"NUEVO LEON"|"HUB GENERAL TERAN"|"HUB GENERAL TERAN"|"CHINA"||||||"OFF NET"
4398||5|||"SKY"|"SUR"||"SURESTE"||"CHIAPAS"|"HUB REFORMA"|"HUB REFORMA"|"SAN FERNANDO CHIS"||||||"OFF RED"
4402||5|||"SKY"|"NORTE"||"PACIFICO"||"CHIHUAHUA"|"HUB CUAUHTEMOC CHIH"|"HUB CUAUHTEMOC CHIH"|"TEMOSACHIC"||||||"OFF NET"
4406||5|||"TELECABLE"|"SUR"||"OCCIDENTE"||"JALISCO"|"HUB TEPATITLAN"|"HUB TEPATITLAN"|"TEPATITLAN"||||||"ON NET"
4410||5|||"TELECABLE"|"SUR"||"OCCIDENTE"||"JALISCO"|"HUB PUERTO VALLARTA"|"HUB PUERTO VALLARTA"|"CIHUATLAN"||||||"OFF NET"
4414||5|||"SKY"|"SUR"||"OCCIDENTE"||"MICHOACAN"|"HUB ZITACUARO"|"HUB ZITACUARO"|"JUNGAPEO"||||||"OFF RED"
4418||5|||"CABLEMAS"|"METRO"||"METROPOLITANA"||"MORELOS"|"HUB CUAUTLA"|"HUB CUAUTLA"|"CUAUTLA"||||||"ON NET"
4422||5|||"SKY"|"SUR"||"OCCIDENTE"||"OAXACA"|"HUB PINOTEPA"|"HUB PINOTEPA"|"ATALAHUCA"||||||"OFF NET"
4426||5|||"SKY"|"SUR"||"OCCIDENTE"||"MICHOACAN"|"HUB URUAPAN"|"HUB URUAPAN"|"TANCITARO"||||||"OFF RED"
4430||5|||"CABLEMAS"|"NORTE"||"PACIFICO"||"SONORA"|"HUB SAN LUIS RIO COLORADO"|"HUB SAN LUIS RIO COLORADO"|"SAN LUIS RIO COLORADO"||||||"ON NET"
4434||5|||"SKY"|"SUR"||"OCCIDENTE"||"OAXACA"|"HUB HUATULCO"|"HUB HUATULCO"|"AMATLAN"||||||"OFF RED"
4438||5|||"CABLECOM"|"SUR"||"SURESTE"||"PUEBLA"|"HUB PUEBLA"|"HUB PUEBLA"|"SAN ANDRES CHOLULA"||||||"OFF NET"
4442||5|||"SKY"|"NORTE"||"PACIFICO"||"ZACATECAS"|"HUB NOCHISTLAN"|"HUB NOCHISTLAN"|"TLALTENANGO"||||||"OFF NET"
3947||5|||"SKY"|"NORTE"||"PACIFICO"||"ZACATECAS"|"HUB FRESNILLO"|"HUB FRESNILLO"|"SAIN ALTO"||||||"OFF RED"
3951||5|||"CABLEMAS"|"SUR"||"SURESTE"||"YUCATAN"|"HUB IZAMAL"|"HUB IZAMAL"|"BUCTZOTZ"||||||"ON NET"
3955||3|||"CABLEMAS"|"METRO"|"METRO"|"METROPOLITANA"|"MXNORTE"|"MEXICO"|"HUB TULTITLAN"|"HUB TULTITLAN"|"TULTITLAN"||||"Sin RPT"||"ON NET"
3959||3|||"CABLECOM"|"NORTE"|"INTERIOR"|"NORESTE"|"CENTRO"|"QUERETARO"|"HUB SAN JUAN DEL RIO"|"HUB SAN JUAN DEL RIO"|"PEDRO ESCOBEDO"||||"Sin RPT"||"OFF NET"
3963||3|||"TVI"|"NORTE"|"INTERIOR"|"NORESTE"|"GOLFO"|"SAN LUIS POTOSI"|"HUB MATEHUALA"|"HUB MATEHUALA"|"MATEHUALA"||||"Sin RPT"||"ON NET"
3967||3|||"CABLEVISIÓN"|"METRO"|"METRO"|"METROPOLITANA"|"MXSUR"|"CIUDAD DE MEXICO"|"HUB COYOACAN"|"HUB COYOACAN"|"COYOACAN"||||"Sin RPT"||"ON NET"
3971||3|||"CABLEMAS"|"NORTE"|"NORTE"|"PACIFICO"|"PACIFICO"|"BAJA CALIFORNIA"|"HUB TIJUANA"|"HUB TIJUANA"|"ROSARITO"||||"Sin RPT"||"ON NET"
3975||3|||"SKY"|"SUR"|"INTERIOR"|"SURESTE"|"SURESTE"|"CHIAPAS"|"HUB TAPACHULA"|"HUB TAPACHULA"|"METAPA"||||"Sin RPT"||"OFF NET"
3979||3|||"CABLECOM"|"NORTE"|"INTERIOR"|"NORESTE"|"CENTRO"|"GUANAJUATO"|"HUB PENJAMO"|"HUB PENJAMO"|"SANTA ANA PACUECO"||||"Sin RPT"||"OFF NET"
3983||3|||"SKY"|"NORTE"|"INTERIOR"|"NORESTE"|"CENTRO"|"GUANAJUATO"|"HUB PENJAMO"|"HUB PENJAMO"|"ROMITA"||||"Sin RPT"||"OFF RED"
3987||3|||"SKY"|"SUR"|"INTERIOR"|"OCCIDENTE"|"OCCIDENTE"|"GUERRERO"|"HUB COYUCA"|"HUB COYUCA"|"SAN MIGUEL TOTOLAPAN"||||"Sin RPT"||"OFF NET"
3991||3|||"CABLECOM"|"SUR"|"INTERIOR"|"OCCIDENTE"|"OCCIDENTE"|"JALISCO"|"HUB TEPATITLAN"|"HUB TEPATITLAN"|"LA BARCA"||||"Sin RPT"||"ON NET"
3995||3|||"TVI"|"NORTE"|"NORTE"|"NORESTE"|"NORESTE"|"NUEVO LEON"|"HUB MONTERREY"|"HUB MONTERREY"|"APODACA"||||"Sin RPT"||"ON NET"
3999||3|||"TVI"|"NORTE"|"NORTE"|"NORESTE"|"NORESTE"|"NUEVO LEON"|"HUB MONTERREY"|"HUB MONTERREY"|"GARCIA"||||"Sin RPT"||"ON NET"
4004||3|||"CABLEMAS"|"METRO"|"METRO"|"METROPOLITANA"|"MXNORTE"|"MEXICO"|"HUB TOLUCA"|"HUB TOLUCA"|"TENANCINGO"||||"Sin RPT"||"OFF NET"
4008||3||||"NORTE"|"NORTE"|"PACIFICO"|"PACIFICO"|"SONORA"|"HUB CUMPAS"|"HUB CUMPAS"|"LA COLORADA"||||"Sin RPT"||"OFF NET"
4013||3|||"SKY"|"SUR"|"INTERIOR"|"SURESTE"|"SURESTE"|"YUCATAN"|"HUB TEKAX"|"HUB TEKAX"|"TECOH"||||"Sin RPT"||"OFF RED"
4017||3|||"CABLEMAS"|"SUR"|"INTERIOR"|"SURESTE"|"GOLFO"|"PUEBLA"|"HUB ATLIXCO"|"HUB ATLIXCO"|"SAN MARTIN TEXMELUCAN"||||"Sin RPT"||"ON NET"
4022||3|||"SKY"|"NORTE"|"INTERIOR"|"PACIFICO"|"CENTRO"|"ZACATECAS"|"HUB VALPARAISO"|"HUB VALPARAISO"|"JIMENEZ DE TEUL"||||"Sin RPT"||"OFF NET"
3535||3|||"SKY"|"SUR"|"INTERIOR"|"OCCIDENTE"|"OCCIDENTE"|"MICHOACAN"|"HUB ZITACUARO"|"HUB ZITACUARO"|"JUNGAPEO"||||"Sin RPT"||"OFF RED"
3539||3|||"CABLEMAS"|"METRO"|"METRO"|"METROPOLITANA"|"MXSUR"|"MORELOS"|"HUB AXOCHIAPAN"|"HUB AXOCHIAPAN"|"AXOCHIAPAN"||||"Sin RPT"||"OFF NET"
3544||3|||"SKY"|"SUR"|"INTERIOR"|"OCCIDENTE"|"OCCIDENTE"|"MICHOACAN"|"HUB ZITACUARO"|"HUB ZITACUARO"|"MARAVATIO"||||"Sin RPT"||"OFF RED"
3548||3|||"TELECABLE"|"NORTE"|"INTERIOR"|"PACIFICO"|"CENTRO"|"NAYARIT"|"HUB TECUALA"|"HUB TECUALA"|"TECUALA"||||"Sin RPT"||"OFF NET"
4051||3|||"SKY"|"SUR"|"INTERIOR"|"OCCIDENTE"|"OCCIDENTE"|"MICHOACAN"|"HUB URUAPAN"|"HUB URUAPAN"|"APATZINGAN"||||"Sin RPT"||"OFF NET"
4056||3|||"TELECABLE"|"SUR"|"INTERIOR"|"OCCIDENTE"|"OCCIDENTE"|"JALISCO"|"HUB TEPATITLAN"|"HUB TEPATITLAN"|"PONCITLAN"||||"Sin RPT"||"OFF NET"
4061||3|||"CABLECOM"|"METRO"|"METRO"|"METROPOLITANA"|"MXNORTE"|"MEXICO"|"HUB TOLUCA"|"HUB TOLUCA"|"ZINACANTEPEC"||||"Sin RPT"||"OFF NET"
4065||3|||"CABLECOM"|"NORTE"|"INTERIOR"|"NORESTE"|"GOLFO"|"SAN LUIS POTOSI"|"HUB VALLES"|"HUB VALLES"|"TAMANZUNCHALE"||||"Sin RPT"||"OFF RED"
4072||3|||"SKY"|"NORTE"|"NORTE"|"NORESTE"|"NORESTE"|"NUEVO LEON"|"HUB GENERAL TERAN"|"HUB GENERAL TERAN"|"LOS RAMONES"||||"Sin RPT"||"OFF NET"
4076||3|||"SKY"|"SUR"|"INTERIOR"|"OCCIDENTE"|"CENTRO"|"AGUASCALIENTES"|"HUB CALVILLO"|"HUB CALVILLO"|"SAN JOSE DE GRACIA"||||"Sin RPT"||"OFF NET"
4080||3|||"SKY"|"SUR"|"INTERIOR"|"SURESTE"|"SURESTE"|"CHIAPAS"|"HUB REFORMA"|"HUB REFORMA"|"SAN FERNANDO CHIS"||||"Sin RPT"||"OFF RED"
4084||5||||"NORTE"||"PACIFICO"||"SONORA"|"HUB NAVOJOA"|"HUB NAVOJOA"|"NAVOJOA"||||||"OFF NET"
4088||5|||"SKY"|"SUR"||"OCCIDENTE"||"OAXACA"|"HUB SALINA CRUZ"|"HUB SALINA CRUZ"|"CIUDAD IXTEPEC"||||||"OFF NET"
4092||5|||"CABLEMAS"|"SUR"||"OCCIDENTE"||"OAXACA"|"HUB JUXTLAHUACA"|"HUB JUXTLAHUACA"|"JUXTLAHUACA"||||||"OFF RED"
4096||5|||"CABLEMAS"|"NORTE"||"PACIFICO"||"BAJA CALIFORNIA SUR"|"HUB LA PAZ"|"HUB LA PAZ"|"LA PAZ"||||||"OFF NET"
4100||5|||"SKY"|"SUR"||"SURESTE"||"CHIAPAS"|"HUB OCOSINGO"|"HUB OCOSINGO"|"OCOSINGO"||||||"OFF RED"
4104||5|||"SKY"|"NORTE"||"PACIFICO"||"CHIHUAHUA"|"HUB PARRAL"|"HUB PARRAL"|"SANTA ISABEL"||||||"OFF NET"
4108||5|||"SKY"|"NORTE"||"PACIFICO"||"CHIHUAHUA"|"HUB PARRAL"|"HUB PARRAL"|"LOPEZ"||||||"OFF NET"
4112||5|||"SKY"|"SUR"||"OCCIDENTE"||"JALISCO"|"HUB LAGOS DE MORENO"|"HUB LAGOS DE MORENO"|"UNION DE SAN ANTONIO"||||||"OFF NET"
4116||5|||"SKY"|"SUR"||"OCCIDENTE"||"MICHOACAN"|"HUB ZITACUARO"|"HUB ZITACUARO"|"ANGANGUEO"||||||"OFF NET"
4120||5||||"NORTE"||"NORESTE"||"TAMAULIPAS"|"HUB SOTO LA MARINA"|"HUB SOTO LA MARINA"|"BURGOS"||||||"OFF NET"
4124||5|||"TELECABLE"|"SUR"||"OCCIDENTE"||"MICHOACAN"|"HUB URUAPAN"|"HUB URUAPAN"|"COTIJA"||||||"OFF NET"
4128||5|||"SKY"|"SUR"||"OCCIDENTE"||"OAXACA"|"HUB HUATULCO"|"HUB HUATULCO"|"SANTOS REYES NOPALA"||||||"OFF RED"
4132||5|||"TELECABLE"|"SUR"||"SURESTE"||"TABASCO"|"HUB TENOSIQUE"|"HUB TENOSIQUE"|"TENOSIQUE"||||||"OFF NET"
4136||5||||"SUR"||"SURESTE"||"PUEBLA"|"HUB TECAMACHALCO"|"HUB TECAMACHALCO"|"IXCAQUIXTLA"||||||"OFF NET"
4140||5|||"SKY"|"NORTE"||"PACIFICO"||"SINALOA"|"HUB AHOME"|"HUB AHOME"|"CHOIX"||||||"OFF NET"
4144||5|||"CABLECOM"|"SUR"||"SURESTE"||"PUEBLA"|"HUB IZUCAR DE MATAMOROS"|"HUB IZUCAR DE MATAMOROS"|"CHIETLA"||||||"OFF NET"
4638||16|||"SKY"|"NORTE"||"NORESTE"||"SAN LUIS POTOSI"|"HUB SAN LUIS POTOSI"|"HUB SAN LUIS POTOSI"|"SANTA MARIA DEL RIO"||||||"OFF RED"
4642||16|||"CABLECOM"|"SUR"||"SURESTE"||"PUEBLA"|"HUB PUEBLA"|"HUB PUEBLA"|"SAN ANDRES CHOLULA"||||||"OFF NET"
4646||16|||"CABLEMAS"|"SUR"||"SURESTE"||"PUEBLA"|"HUB ATLIXCO"|"HUB ATLIXCO"|"HUAQUECHULA"||||||"OFF NET"
4650||16|||"SKY"|"SUR"||"SURESTE"||"PUEBLA"|"HUB ATLIXCO"|"HUB ATLIXCO"|"ACTEOPAN"||||||"OFF NET"
4654||16|||"SKY"|"SUR"||"SURESTE"||"YUCATAN"|"HUB MERIDA"|"HUB MERIDA"|"MUXUPIP"||||||"OFF NET"
4658||16|||"CABLECOM"|"NORTE"||"NORESTE"||"TAMAULIPAS"|"HUB VICTORIA"|"HUB VICTORIA"|"XICONTENCATL"||||||"ON NET"
4662||16|||"CABLEMAS"|"SUR"||"SURESTE"||"YUCATAN"|"HUB MERIDA"|"HUB MERIDA"|"MOTUL"||||||"OFF NET"
4167||5||||"SUR"||"SURESTE"||"VERACRUZ"|"HUB VERACRUZ"|"HUB VERACRUZ"|"VERACRUZ"||||||"OFF NET"
4171||5|||"CABLEMAS"|"SUR"||"OCCIDENTE"||"AGUASCALIENTES"|"HUB AGUASCALIENTES"|"HUB AGUASCALIENTES"|"RINCON DE ROMOS"||||||"OFF NET"
4175||5|||"SKY"|"NORTE"||"PACIFICO"||"CHIHUAHUA"|"HUB JUAREZ"|"HUB JUAREZ"|"ASCENSION"||||||"OFF NET"
4179||5|||"TELECABLE"|"SUR"||"OCCIDENTE"||"GUERRERO"|"HUB OMETEPEC"|"HUB OMETEPEC"|"SAN MARCOS"||||||"OFF NET"
4183||5|||"CABLEMAS"|"METRO"||"METROPOLITANA"||"MEXICO"|"HUB CHALCO"|"HUB CHALCO"|"AYAPANGO"||||||"OFF RED"
4187||5|||"SKY"|"NORTE"||"PACIFICO"||"SONORA"|"HUB NOGALES"|"HUB NOGALES"|"BAVIACORA"||||||"OFF NET"
4191||5|||"CABLEMAS"|"METRO"||"METROPOLITANA"||"CIUDAD DE MEXICO"|"HUB GUSTAVO A MADERO"|"HUB GUSTAVO A MADERO"|"GUSTAVO A MADERO"||||||"ON NET"
4195||5|||"CABLEVISIÓN"|"NORTE"||"NORESTE"||"NUEVO LEON"|"HUB LINARES"|"HUB LINARES"|"MIER Y NORIEGA"||||||"OFF NET"
4199||5|||"CABLEMAS"|"NORTE"||"PACIFICO"||"BAJA CALIFORNIA"|"HUB MEXICALI"|"HUB MEXICALI"|"MEXICALI"||||||"ON NET"
4203||5|||"SKY"|"SUR"||"SURESTE"||"CHIAPAS"|"HUB REFORMA"|"HUB REFORMA"|"CHIS JUAREZ"||||||"OFF RED"
4207||5|||"SKY"|"SUR"||"SURESTE"||"CHIAPAS"|"HUB TAPACHULA"|"HUB TAPACHULA"|"ESCUINTLA"||||||"OFF RED"
4211||5|||"TELECABLE"|"NORTE"||"PACIFICO"||"CHIHUAHUA"|"HUB PARRAL"|"HUB PARRAL"|"CAMARGO CHIH"||||||"ON NET"
4215||5|||"CABLEMAS"|"SUR"||"OCCIDENTE"||"GUERRERO"|"HUB OMETEPEC"|"HUB OMETEPEC"|"AYUTLA"||||||"OFF RED"
4219||5|||"TELECABLE"|"NORTE"||"NORESTE"||"GUANAJUATO"|"HUB PENJAMO"|"HUB PENJAMO"|"MANUEL DOBLADO"||||||"OFF NET"
4223||5|||"CABLECOM"|"SUR"||"OCCIDENTE"||"JALISCO"|"HUB TEPATITLAN"|"HUB TEPATITLAN"|"LA BARCA"||||||"ON NET"
4227||5|||"SKY"|"SUR"||"OCCIDENTE"||"MICHOACAN"|"HUB ZITACUARO"|"HUB ZITACUARO"|"MICH OCAMPO"||||||"OFF RED"
4231||5|||"SKY"|"NORTE"||"PACIFICO"||"NAYARIT"|"HUB DEL NAYAR"|"HUB DEL NAYAR"|"SANTA MARIA DEL ORO"||||||"OFF RED"
4235||5|||"SKY"|"SUR"||"OCCIDENTE"||"OAXACA"|"HUB JUXTLAHUACA"|"HUB JUXTLAHUACA"|"SAN MARTIN ITUNYOSO"||||||"OFF NET"
4239||5|||"CABLECOM"|"NORTE"||"NORESTE"||"QUERETARO"|"HUB CADEREYTA DE MONTES"|"HUB CADEREYTA DE MONTES"|"CADEREYTA DE MONTES"||||||"OFF RED"
4243||5|||"SKY"|"SUR"||"SURESTE"||"YUCATAN"|"HUB TEKAX"|"HUB TEKAX"|"SOTUTA"||||||"OFF NET"
4247||5|||"CABLEMAS"|"SUR"||"SURESTE"||"PUEBLA"|"HUB ATLIXCO"|"HUB ATLIXCO"|"HUEJOTZINGO"||||||"OFF NET"
4251||5|||"CABLECOM"|"SUR"||"SURESTE"||"PUEBLA"|"HUB IZUCAR DE MATAMOROS"|"HUB IZUCAR DE MATAMOROS"|"IZUCAR DE MATAMOROS"||||||"OFF NET"
4255||5|||"CABLEMAS"|"SUR"||"SURESTE"||"VERACRUZ"|"HUB POZA RICA"|"HUB POZA RICA"|"CASTILLO DE TEAYO"||||||"OFF NET"
4259||5|||"SKY"|"NORTE"||"PACIFICO"||"ZACATECAS"|"HUB FRESNILLO"|"HUB FRESNILLO"|"RIO GRANDE"||||||"OFF NET"
4263||5|||"CABLEMAS"|"SUR"||"SURESTE"||"VERACRUZ"|"HUB TIERRA BLANCA"|"HUB TIERRA BLANCA"|"COSAMALOAPAN"||||||"OFF NET"
4267||5|||"TELECABLE"|"NORTE"||"NORESTE"||"GUANAJUATO"|"HUB PENJAMO"|"HUB PENJAMO"|"SAN FRANCISCO DEL RINCON"||||||"ON NET"
4271||5|||"SKY"|"NORTE"||"NORESTE"||"NUEVO LEON"|"HUB SABINAS"|"HUB SABINAS"|"LAMPAZOS DE NARANJO"||||||"OFF NET"
4275||5|||"TELECABLE"|"SUR"||"OCCIDENTE"||"JALISCO"|"HUB GUADALAJARA"|"HUB GUADALAJARA"|"ZAPOPAN"||||||"ON NET"
4279||5|||"CABLEMAS"|"SUR"||"OCCIDENTE"||"JALISCO"|"HUB CIUDAD GUZMAN"|"HUB CIUDAD GUZMAN"|"TIZAPAN"||||||"OFF NET"
4283||5||||"SUR"||"SURESTE"||"PUEBLA"|"HUB ZACATLAN"|"HUB ZACATLAN"|"HUTIZILAN"||||||"OFF RED"
4287||5|||"CABLECOM"|"NORTE"||"NORESTE"||"SAN LUIS POTOSI"|"HUB SAN LUIS POTOSI"|"HUB SAN LUIS POTOSI"|"SAN NICOLAS TOLENTINO"||||||"OFF NET"
4291||5|||"CABLEMAS"|"NORTE"||"NORESTE"||"TAMAULIPAS"|"HUB SOTO LA MARINA"|"HUB SOTO LA MARINA"|"SOTO"||||||"OFF NET"
4295||5|||"CABLECOM"|"SUR"||"SURESTE"||"PUEBLA"|"HUB ZACATLAN"|"HUB ZACATLAN"|"TLAOLA"||||||"OFF RED"
4299||5|||"SKY"|"NORTE"||"PACIFICO"||"BAJA CALIFORNIA SUR"|"HUB COMONDU"|"HUB COMONDU"|"MULEGE"||||||"OFF NET"
4303||5|||"TELECABLE"|"SUR"||"OCCIDENTE"||"COLIMA"|"HUB MANZANILLO"|"HUB MANZANILLO"|"MANZANILLO"||||||"ON NET"
4307||5|||"SKY"|"SUR"||"SURESTE"||"CHIAPAS"|"HUB TAPACHULA"|"HUB TAPACHULA"|"BEJUCAL DE OCAMPO"||||||"OFF NET"
4311||5|||"CABLECOM"|"METRO"||"METROPOLITANA"||"HIDALGO"|"HUB TULANCINGO"|"HUB TULANCINGO"|"ACAXOCHITLAN"||||||"OFF RED"
4315||5|||"SKY"|"NORTE"||"PACIFICO"||"DURANGO"|"HUB DURANGO"|"HUB DURANGO"|"PUEBLO NUEVO"||||||"OFF NET"
4693||16||||"NORTE"||"PACIFICO"||"SINALOA"|"HUB CULIACAN"|"HUB CULIACAN"|"CULIACAN"||||||"OFF NET"
4697||16||||"SUR"||"SURESTE"||"PUEBLA"|"HUB ATLIXCO"|"HUB ATLIXCO"|"CORONANGO"||||||"OFF NET"
4701||16|||"TVI"|"NORTE"||"NORESTE"||"NUEVO LEON"|"HUB MONTERREY"|"HUB MONTERREY"|"GENERAL ZUAZUA"||||||"ON NET"
4705||16|||"CABLEMAS"|"NORTE"||"PACIFICO"||"BAJA CALIFORNIA"|"HUB TIJUANA"|"HUB TIJUANA"|"TECATE"||||||"ON NET"
4709||16|||"SKY"|"SUR"||"SURESTE"||"CHIAPAS"|"HUB OCOSINGO"|"HUB OCOSINGO"|"OCOSINGO"||||||"OFF RED"
4713||16|||"CABLEMAS"|"NORTE"||"PACIFICO"||"DURANGO"|"HUB DURANGO"|"HUB DURANGO"|"DUR GUADALUPE VICTORIA"||||||"OFF NET"
4717||16|||"CABLEMAS"|"NORTE"||"NORESTE"||"GUANAJUATO"|"HUB IRAPUATO"|"HUB IRAPUATO"|"VALLE DE SANTIAGO"||||||"OFF NET"
4721||16|||"SKY"|"NORTE"||"PACIFICO"||"DURANGO"|"HUB DURANGO"|"HUB DURANGO"|"CANATLAN"||||||"OFF RED"
4725||16|||"SKY"|"NORTE"||"PACIFICO"||"NAYARIT"|"HUB DEL NAYAR"|"HUB DEL NAYAR"|"DEL NAYAR"||||||"OFF NET"
4729||16|||"SKY"|"NORTE"||"NORESTE"||"NUEVO LEON"|"HUB MONTERREY"|"HUB MONTERREY"|"HIGUERAS"||||||"OFF NET"
4733||16|||"TVI"|"NORTE"||"NORESTE"||"NUEVO LEON"|"HUB MONTERREY"|"HUB MONTERREY"|"GARCIA"||||||"ON NET"
4737||16|||"SKY"|"SUR"||"SURESTE"||"PUEBLA"|"HUB TEZIUTLAN"|"HUB TEZIUTLAN"|"NAUZONTLA"||||||"OFF NET"
4741||16|||"SKY"|"SUR"||"SURESTE"||"PUEBLA"|"HUB TEZIUTLAN"|"HUB TEZIUTLAN"|"XOCHIAPULCO"||||||"OFF NET"
4745||16|||"SKY"|"NORTE"||"NORESTE"||"SAN LUIS POTOSI"|"HUB RIOVERDE"|"HUB RIOVERDE"|"CIUDAD DEL MAIZ"||||||"OFF NET"
4749||16|||"CABLEMAS"|"SUR"||"SURESTE"||"VERACRUZ"|"HUB SAN ANDRES TUXTLA"|"HUB SAN ANDRES TUXTLA"|"JUAN RODRIGUEZ"||||||"OFF RED"
4753||16|||"SKY"|"SUR"||"SURESTE"||"VERACRUZ"|"HUB XALAPA"|"HUB XALAPA"|"PUENTE NACIONAL"||||||"OFF RED"
4757||16|||"SKY"|"NORTE"||"NORESTE"||"TAMAULIPAS"|"HUB VICTORIA"|"HUB VICTORIA"|"BUSTAMANTE"||||||"OFF NET"
4761||16|||"TELECABLE"|"NORTE"||"PACIFICO"||"ZACATECAS"|"HUB FRESNILLO"|"HUB FRESNILLO"|"JUAN ALDAMA"||||||"OFF NET"
4765||16|||"CABLEMAS"|"SUR"||"SURESTE"||"VERACRUZ"|"HUB POZA RICA"|"HUB POZA RICA"|"PAPANTLA"||||||"OFF NET"
4769||16|||"CABLEMAS"|"NORTE"||"PACIFICO"||"BAJA CALIFORNIA"|"HUB ENSENADA"|"HUB ENSENADA"|"ENSENADA"||||||"ON NET"
4773||16|||"SKY"|"SUR"||"SURESTE"||"CHIAPAS"|"HUB SAN CRISTOBAL"|"HUB SAN CRISTOBAL"|"CHAMULA"||||||"OFF RED"
4777||16|||"CABLECOM"|"NORTE"||"PACIFICO"||"DURANGO"|"HUB SANTIAGO PAPASQUIARO"|"HUB SANTIAGO PAPASQUIARO"|"SAN DIMAS"||||||"OFF NET"
4781||16|||"SKY"|"NORTE"||"NORESTE"||"NUEVO LEON"|"HUB SABINAS"|"HUB SABINAS"|"LAMPAZOS DE NARANJO"||||||"OFF NET"
4785||16|||"TELECABLE"|"SUR"||"OCCIDENTE"||"JALISCO"|"HUB GUADALAJARA"|"HUB GUADALAJARA"|"TONALA JAL"||||||"OFF NET"
5042||16|||"CABLEMAS"|"SUR"||"OCCIDENTE"||"JALISCO"|"HUB LAGOS DE MORENO"|"HUB LAGOS DE MORENO"|"TEOCALTICHE"||||||"ON NET"
5046||16|||"CABLEMAS"|"METRO"||"METROPOLITANA"||"MORELOS"|"HUB PUENTE DE IXTLA"|"HUB PUENTE DE IXTLA"|"MIACATLAN"||||||"OFF NET"
5050||16|||"CABLEMAS"|"METRO"||"METROPOLITANA"||"MORELOS"|"HUB CUAUTLA"|"HUB CUAUTLA"|"CUAUTLA"||||||"ON NET"
5054||16|||"SKY"|"SUR"||"OCCIDENTE"||"MICHOACAN"|"HUB ZITACUARO"|"HUB ZITACUARO"|"MARAVATIO"||||||"OFF RED"
5058||16|||"SKY"|"SUR"||"OCCIDENTE"||"OAXACA"|"HUB PINOTEPA"|"HUB PINOTEPA"|"MESONES HIDALGO"||||||"OFF NET"
5062||16||||"SUR"||"SURESTE"||"PUEBLA"|"HUB IZUCAR DE MATAMOROS"|"HUB IZUCAR DE MATAMOROS"|"GUADALUPE PUE"||||||"OFF NET"
5066||16|||"CABLECOM"|"NORTE"||"NORESTE"||"SAN LUIS POTOSI"|"HUB SAN LUIS POTOSI"|"HUB SAN LUIS POTOSI"|"SAN LUIS POTOSI"||||||"ON NET"
4443||5|||"SKY"|"SUR"||"SURESTE"||"PUEBLA"|"HUB HUAUCHINANGO"|"HUB HUAUCHINANGO"|"VENUSTIANO CARRANZA PUE"||||||"OFF NET"
4447||5|||"SKY"|"NORTE"||"PACIFICO"||"ZACATECAS"|"HUB VALPARAISO"|"HUB VALPARAISO"|"CHALCHIHUITES"||||||"OFF RED"
4451||5|||"SKY"|"SUR"||"SURESTE"||"VERACRUZ"|"HUB XALAPA"|"HUB XALAPA"|"URSULO GALVAN"||||||"OFF NET"
4455||16|||"CABLECOM"|"SUR"||"SURESTE"||"TLAXCALA"|"HUB TLAXCALA"|"HUB TLAXCALA"|"APIZACO"||||||"ON NET"
4459||16|||"CABLEMAS"|"SUR"||"SURESTE"||"VERACRUZ"|"HUB SAN ANDRES TUXTLA"|"HUB SAN ANDRES TUXTLA"|"SANTIAGO TUXTLA"||||||"OFF NET"
4463||16|||"TELECABLE"|"SUR"||"SURESTE"||"CHIAPAS"|"HUB TAPACHULA"|"HUB TAPACHULA"|"TAPACHULA"||||||"OFF NET"
4467||16|||"TELECABLE"|"SUR"||"OCCIDENTE"||"JALISCO"|"HUB GUADALAJARA"|"HUB GUADALAJARA"|"EL SALTO"||||||"ON NET"
4471||5|||"SKY"|"SUR"||"SURESTE"||"YUCATAN"|"HUB TEKAX"|"HUB TEKAX"|"YAXCABA"||||||"OFF RED"
4475||5|||"SKY"|"SUR"||"SURESTE"||"VERACRUZ"|"HUB POZA RICA"|"HUB POZA RICA"|"CAZONES DE HERRERA"||||||"OFF RED"
4479||5|||"SKY"|"NORTE"||"PACIFICO"||"CHIHUAHUA"|"HUB CUAUHTEMOC CHIH"|"HUB CUAUHTEMOC CHIH"|"IGNACIO ZARAGOZA"||||||"OFF NET"
4483||5|||"SKY"|"SUR"||"OCCIDENTE"||"MICHOACAN"|"HUB AQUILA"|"HUB AQUILA"|"AQUILA"||||||"OFF NET"
4487||5|||"CABLEMAS"|"SUR"||"OCCIDENTE"||"JALISCO"|"HUB TEPATITLAN"|"HUB TEPATITLAN"|"YAHUALICA JAL"||||||"ON NET"
4491||5|||"CABLEMAS"|"METRO"||"METROPOLITANA"||"MEXICO"|"HUB IXTLAHUACA"|"HUB IXTLAHUACA"|"JILOTEPEC"||||||"OFF NET"
4495||5|||"CABLEMAS"|"SUR"||"SURESTE"||"QUINTANA ROO"|"HUB PLAYA DEL CARMEN"|"HUB PLAYA DEL CARMEN"|"PLAYA DEL CARMEN"||||||"ON NET"
4499||5|||"SKY"|"NORTE"||"PACIFICO"||"SINALOA"|"HUB MAZATLAN"|"HUB MAZATLAN"|"ESCUINAPA"||||||"OFF NET"
4503||5|||"CABLECOM"|"NORTE"||"PACIFICO"||"ZACATECAS"|"HUB NOCHISTLAN"|"HUB NOCHISTLAN"|"JALPA"||||||"OFF NET"
4507||5|||"TELECABLE"|"SUR"||"OCCIDENTE"||"AGUASCALIENTES"|"HUB AGUASCALIENTES"|"HUB AGUASCALIENTES"|"SAN FRANCISCO DE LOS ROMO"||||||"ON NET"
4511||5|||"CABLEMAS"|"SUR"||"SURESTE"||"CHIAPAS"|"HUB SAN CRISTOBAL"|"HUB SAN CRISTOBAL"|"COMITAN"||||||"OFF NET"
4025||3|||"CABLEMAS"|"SUR"|"INTERIOR"|"SURESTE"|"GOLFO"|"VERACRUZ"|"HUB POZA RICA"|"HUB POZA RICA"|"ALAMO TEMAPACHE"||||"Sin RPT"||"OFF RED"
4029||3|||"SKY"|"NORTE"|"INTERIOR"|"NORESTE"|"GOLFO"|"TAMAULIPAS"|"HUB VICTORIA"|"HUB VICTORIA"|"BUSTAMANTE"||||"Sin RPT"||"OFF NET"
4033||3|||"SKY"|"SUR"|"INTERIOR"|"SURESTE"|"SURESTE"|"YUCATAN"|"HUB UMAN"|"HUB UMAN"|"TICUL"||||"Sin RPT"||"OFF NET"
4037||3|||"SKY"|"SUR"|"INTERIOR"|"SURESTE"|"GOLFO"|"TLAXCALA"|"HUB YAHUQUEMEHCAN"|"HUB YAHUQUEMEHCAN"|"XALTOCAN"||||"Sin RPT"||"OFF NET"
4041||3|||"CABLEMAS"|"SUR"|"INTERIOR"|"SURESTE"|"GOLFO"|"VERACRUZ"|"HUB VERACRUZ"|"HUB VERACRUZ"|"ORIZABA"||||"Sin RPT"||"ON NET"
4045||3|||"CABLEMAS"|"SUR"|"INTERIOR"|"SURESTE"|"GOLFO"|"VERACRUZ"|"HUB COATZACOALCOS"|"HUB COATZACOALCOS"|"JALTIPAN"||||"Sin RPT"||"OFF NET"
4049||3|||"CABLEMAS"|"NORTE"|"INTERIOR"|"NORESTE"|"CENTRO"|"GUANAJUATO"|"HUB CELAYA"|"HUB CELAYA"|"SALVATIERRA"||||"Sin RPT"||"OFF NET"
4792||16|||"SKY"|"NORTE"||"PACIFICO"||"SINALOA"|"HUB MAZATLAN"|"HUB MAZATLAN"|"ESCUINAPA"||||||"OFF NET"
4796||16|||"CABLEVISIÓN"|"METRO"||"METROPOLITANA"||"CIUDAD DE MEXICO"|"HUB BENITO JUAREZ"|"HUB BENITO JUAREZ"|"BENITO JUAREZ CDMX"||||||"ON NET"
4800||16|||"CABLEMAS"|"SUR"||"OCCIDENTE"||"OAXACA"|"HUB JUXTLAHUACA"|"HUB JUXTLAHUACA"|"JUXTLAHUACA"||||||"OFF RED"
4804||16|||"TVI"|"NORTE"||"NORESTE"||"COAHUILA"|"HUB SALTILLO"|"HUB SALTILLO"|"CASTAÑOS"||||||"ON NET"
4808||16||||"NORTE"||"NORESTE"||"COAHUILA"|"HUB SAN BUENAVENTURA"|"HUB SAN BUENAVENTURA"|"CUATRO CIENEGAS"||||||"OFF NET"
4812||16|||"TELECABLE"|"SUR"||"SURESTE"||"CHIAPAS"|"HUB TUXTLA GUTIERREZ"|"HUB TUXTLA GUTIERREZ"|"VILLAFLORES"||||||"OFF NET"
4816||16||||"SUR"||"OCCIDENTE"||"GUERRERO"|"HUB CHILAPA"|"HUB CHILAPA"|"TIXTLA DE GUERRERO"||||||"OFF NET"
4820||16||||"NORTE"||"PACIFICO"||"CHIHUAHUA"|"HUB CHIHUAHUA"|"HUB CHIHUAHUA"|"JULIMES"||||||"OFF RED"
4824||16|||"CABLEMAS"|"SUR"||"OCCIDENTE"||"OAXACA"|"HUB HUAJUAPAN"|"HUB HUAJUAPAN"|"CUYAMECALCO"||||||"OFF RED"
4828||16|||"CABLEMAS"|"SUR"||"OCCIDENTE"||"OAXACA"|"HUB OAXACA"|"HUB OAXACA"|"TELIXTLAHUACA"||||||"OFF NET"
4832||16|||"TVI"|"NORTE"||"NORESTE"||"NUEVO LEON"|"HUB MONTERREY"|"HUB MONTERREY"|"MONTERREY"||||||"ON NET"
4836||16|||"CABLECOM"|"SUR"||"OCCIDENTE"||"MICHOACAN"|"HUB ZAMORA"|"HUB ZAMORA"|"BRISEÑAS"||||||"ON NET"
4840||16|||"SKY"|"SUR"||"SURESTE"||"PUEBLA"|"HUB TEZIUTLAN"|"HUB TEZIUTLAN"|"HUEYTAMALCO"||||||"OFF RED"
4844||16|||"CABLECOM"|"SUR"||"SURESTE"||"PUEBLA"|"HUB ATLIXCO"|"HUB ATLIXCO"|"CUATLANCINGO"||||||"OFF NET"
4848||16|||"SKY"|"NORTE"||"NORESTE"||"SAN LUIS POTOSI"|"HUB SAN LUIS POTOSI"|"HUB SAN LUIS POTOSI"|"VILLA JUAREZ"||||||"OFF RED"
4852||16|||"CABLEMAS"|"SUR"||"SURESTE"||"VERACRUZ"|"HUB XALAPA"|"HUB XALAPA"|"MARTINEZ DE LA TORRE"||||||"OFF NET"
4856||16|||"SKY"|"SUR"||"OCCIDENTE"||"JALISCO"|"HUB CIUDAD GUZMAN"|"HUB CIUDAD GUZMAN"|"MAZAMITLA"||||||"OFF NET"
4860||16|||"SKY"|"SUR"||"SURESTE"||"PUEBLA"|"HUB ZACATLAN"|"HUB ZACATLAN"|"CHIGNAHUAPAN"||||||"OFF RED"
4864||16||||"SUR"||"SURESTE"||"QUINTANA ROO"|"HUB CARRILLO PUERTO"|"HUB CARRILLO PUERTO"|"CARRILLO PUERTO"||||||"OFF RED"
4868||16|||"TVI"|"NORTE"||"NORESTE"||"TAMAULIPAS"|"HUB MATAMOROS"|"HUB MATAMOROS"|"TAM SAN FERNANDO"||||||"OFF NET"
4872||16|||"CABLECOM"|"SUR"||"SURESTE"||"PUEBLA"|"HUB HUAUCHINANGO"|"HUB HUAUCHINANGO"|"HUEHUETLA"||||||"OFF RED"
4876||16|||"CABLEVISIÓN"|"METRO"||"METROPOLITANA"||"CIUDAD DE MEXICO"|"HUB LA MAGDALENA CONTRERAS"|"HUB LA MAGDALENA CONTRERAS"|"LA MAGDALENA CONTRERAS"||||||"ON NET"
4880||16|||"TVI"|"NORTE"||"NORESTE"||"COAHUILA"|"HUB SALTILLO"|"HUB SALTILLO"|"MONCLOVA"||||||"ON NET"
4884||16|||"SKY"|"SUR"||"SURESTE"||"CHIAPAS"|"HUB TAPACHULA"|"HUB TAPACHULA"|"MAZATAN"||||||"OFF RED"
4888||16|||"TELECABLE"|"NORTE"||"NORESTE"||"GUANAJUATO"|"HUB IRAPUATO"|"HUB IRAPUATO"|"SALAMANCA"||||||"ON NET"
4892||16|||"CABLEMAS"|"NORTE"||"NORESTE"||"GUANAJUATO"|"HUB CELAYA"|"HUB CELAYA"|"ACAMBARO"||||||"OFF NET"
4896||16|||"TELECABLE"|"SUR"||"OCCIDENTE"||"JALISCO"|"HUB TEPATITLAN"|"HUB TEPATITLAN"|"SAN MIGUEL EL ALTO"||||||"ON NET"
4900||16|||"TVI"|"NORTE"||"NORESTE"||"NUEVO LEON"|"HUB MONTERREY"|"HUB MONTERREY"|"APODACA"||||||"ON NET"
4904||16|||"SKY"|"METRO"||"METROPOLITANA"||"MEXICO"|"HUB TOLUCA"|"HUB TOLUCA"|"OCUILAN"||||||"OFF RED"
4908||16|||"SKY"|"SUR"||"OCCIDENTE"||"OAXACA"|"HUB OAXACA"|"HUB OAXACA"|"SAN BALTAZAR"||||||"OFF RED"
4912||16|||"SKY"|"SUR"||"SURESTE"||"YUCATAN"|"HUB TEKAX"|"HUB TEKAX"|"SOTUTA"||||||"OFF NET"
4916||16|||"CABLECOM"|"SUR"||"SURESTE"||"PUEBLA"|"HUB HUAUCHINANGO"|"HUB HUAUCHINANGO"|"PAHUATLAN"||||||"OFF RED"
4920||16|||"SKY"|"NORTE"||"PACIFICO"||"ZACATECAS"|"HUB VALPARAISO"|"HUB VALPARAISO"|"JIMENEZ DE TEUL"||||||"OFF NET"
4924||16|||"SKY"|"SUR"||"SURESTE"||"TLAXCALA"|"HUB ATLTZAYANCA"|"HUB ATLTZAYANCA"|"CUAPIAXTLA"||||||"OFF NET"
4928||16|||"SKY"|"SUR"||"SURESTE"||"TLAXCALA"|"HUB SAN PABLO DEL MONTE"|"HUB SAN PABLO DEL MONTE"|"TEPETITLA DE LARDIZABAL"||||||"OFF NET"
4932||16|||"SKY"|"SUR"||"SURESTE"||"YUCATAN"|"HUB MERIDA"|"HUB MERIDA"|"ACANCEH"||||||"OFF NET"
4936||16|||"TELECABLE"|"SUR"||"SURESTE"||"VERACRUZ"|"HUB PANUCO"|"HUB PANUCO"|"PANUCO"||||||"OFF NET"
4940||16|||"CABLEVISIÓN"|"SUR"||"SURESTE"||"VERACRUZ"|"HUB VERACRUZ"|"HUB VERACRUZ"|"TEZONAPA"||||||"OFF RED"
4944||16|||"SKY"|"NORTE"||"PACIFICO"||"BAJA CALIFORNIA SUR"|"HUB LOS CABOS"|"HUB LOS CABOS"|"LOS CABOS"||||||"OFF NET"
4948||16|||"SKY"|"NORTE"||"PACIFICO"||"CHIHUAHUA"|"HUB CUAUHTEMOC CHIH"|"HUB CUAUHTEMOC CHIH"|"GUERRERO"||||||"OFF NET"
4952||16|||"SKY"|"SUR"||"OCCIDENTE"||"GUERRERO"|"HUB ACAPULCO"|"HUB ACAPULCO"|"COYUCA BENITEZ"||||||"OFF NET"
4956||16|||"TELECABLE"|"SUR"||"OCCIDENTE"||"JALISCO"|"HUB CIUDAD GUZMAN"|"HUB CIUDAD GUZMAN"|"TAMAZULA JAL"||||||"OFF NET"
4960||16|||"SKY"|"SUR"||"OCCIDENTE"||"MICHOACAN"|"HUB ZAMORA"|"HUB ZAMORA"|"SAHUAYO"||||||"OFF NET"
4964||16|||"CABLECOM"|"NORTE"||"NORESTE"||"SAN LUIS POTOSI"|"HUB VALLES"|"HUB VALLES"|"TAMANZUNCHALE"||||||"OFF RED"
4968||16|||"TVI"|"NORTE"||"NORESTE"||"TAMAULIPAS"|"HUB VICTORIA"|"HUB VICTORIA"|"LLERA"||||||"OFF RED"
4972||16|||"CABLECOM"|"SUR"||"OCCIDENTE"||"OAXACA"|"HUB TUXTEPEC"|"HUB TUXTEPEC"|"VALLE NACIONAL"||||||"OFF RED"
4976||16|||"TELECABLE"|"SUR"||"OCCIDENTE"||"AGUASCALIENTES"|"HUB AGUASCALIENTES"|"HUB AGUASCALIENTES"|"SAN FRANCISCO DE LOS ROMO"||||||"ON NET"
4980||16|||"SKY"|"SUR"||"SURESTE"||"CHIAPAS"|"HUB SAN CRISTOBAL"|"HUB SAN CRISTOBAL"|"SIMOJOVEL"||||||"OFF RED"
4984||16|||"CABLEMAS"|"SUR"||"SURESTE"||"PUEBLA"|"HUB AMOZOC"|"HUB AMOZOC"|"LIBRES"||||||"OFF NET"
4988||16|||"SKY"|"NORTE"||"NORESTE"||"SAN LUIS POTOSI"|"HUB MEXQUITIC"|"HUB MEXQUITIC"|"VILLA DE GUADALUPE"||||||"OFF RED"
4992||16|||"CABLECOM"|"NORTE"||"PACIFICO"||"SONORA"|"HUB HERMOSILLO"|"HUB HERMOSILLO"|"HERMOSILLO"||||||"OFF NET"
4996||16|||"CABLECOM"|"SUR"||"SURESTE"||"TABASCO"|"HUB CARDENAS"|"HUB CARDENAS"|"TAB CARDENAS"||||||"OFF NET"
5000||16|||"CABLEMAS"|"METRO"||"METROPOLITANA"||"CIUDAD DE MEXICO"|"HUB GUSTAVO A MADERO"|"HUB GUSTAVO A MADERO"|"GUSTAVO A MADERO"||||||"ON NET"
4516||5|||"SKY"|"SUR"||"SURESTE"||"CHIAPAS"|"HUB SAN CRISTOBAL"|"HUB SAN CRISTOBAL"|"TILA"||||||"OFF RED"
4520||5|||"SKY"|"NORTE"||"PACIFICO"||"CHIHUAHUA"|"HUB GUACHOCHI"|"HUB GUACHOCHI"|"CARICHI"||||||"OFF RED"
4524||5|||"CABLEMAS"|"SUR"||"OCCIDENTE"||"JALISCO"|"HUB LAGOS DE MORENO"|"HUB LAGOS DE MORENO"|"ENCARNACION DE DIAZ"||||||"OFF NET"
4528||5|||"CABLEMAS"|"SUR"||"OCCIDENTE"||"JALISCO"|"HUB CIUDAD GUZMAN"|"HUB CIUDAD GUZMAN"|"JOCOTEPEC"||||||"ON NET"
4532||5|||"CABLECOM"|"SUR"||"OCCIDENTE"||"JALISCO"|"HUB TEPATITLAN"|"HUB TEPATITLAN"|"JAMAY"||||||"ON NET"
4536||5|||"TVI"|"NORTE"||"NORESTE"||"NUEVO LEON"|"HUB MONTERREY"|"HUB MONTERREY"|"APODACA"||||||"ON NET"
4540||5|||"TVI"|"NORTE"||"NORESTE"||"NUEVO LEON"|"HUB MONTERREY"|"HUB MONTERREY"|"JUAREZ NL"||||||"ON NET"
4544||5|||"SKY"|"SUR"||"OCCIDENTE"||"OAXACA"|"HUB JUXTLAHUACA"|"HUB JUXTLAHUACA"|"CONSTANCIA DEL ROSARIO"||||||"OFF NET"
4665||16|||"CABLEMAS"|"SUR"||"SURESTE"||"VERACRUZ"|"HUB PANUCO"|"HUB PANUCO"|"TAMIAHUA"||||||"OFF RED"
4669||16|||"CABLEMAS"|"SUR"||"SURESTE"||"YUCATAN"|"HUB MERIDA"|"HUB MERIDA"|"MERIDA"||||||"ON NET"
4673||16|||"SKY"|"NORTE"||"PACIFICO"||"CHIHUAHUA"|"HUB GUACHOCHI"|"HUB GUACHOCHI"|"OCAMPO CHIH"||||||"OFF NET"
4677||16|||"CABLEMAS"|"METRO"||"METROPOLITANA"||"MORELOS"|"HUB CUERNAVACA"|"HUB CUERNAVACA"|"CUERNAVACA"||||||"ON NET"
4681||16|||"CABLEMAS"|"SUR"||"OCCIDENTE"||"JALISCO"|"HUB PUERTO VALLARTA"|"HUB PUERTO VALLARTA"|"MASCOTA"||||||"OFF NET"
4685||16|||"CABLECOM"|"METRO"||"METROPOLITANA"||"MEXICO"|"HUB TOLUCA"|"HUB TOLUCA"|"CALPUHUAC"||||||"ON NET"
4689||16|||"SKY"|"SUR"||"SURESTE"||"PUEBLA"|"HUB TEHUACAN"|"HUB TEHUACAN"|"VICENTE GUERRERO"||||||"OFF RED"
4576||5|||"TELECABLE"|"SUR"||"SURESTE"||"CHIAPAS"|"HUB TUXTLA GUTIERREZ"|"HUB TUXTLA GUTIERREZ"|"JIQUIPILAS"||||||"OFF RED"
4580||5|||"CABLECOM"|"SUR"||"OCCIDENTE"||"GUERRERO"|"HUB IGUALA"|"HUB IGUALA"|"TAXCO"||||||"OFF NET"
4584||5|||"TELECABLE"|"SUR"||"OCCIDENTE"||"JALISCO"|"HUB GUADALAJARA"|"HUB GUADALAJARA"|"TLAJOMULCO"||||||"OFF NET"
4588||5|||"CABLEMAS"|"METRO"||"METROPOLITANA"||"MEXICO"|"HUB TECAMAC"|"HUB TECAMAC"|"TECAMAC"||||||"ON NET"
4592||5|||"CABLECOM"|"SUR"||"SURESTE"||"PUEBLA"|"HUB TEZIUTLAN"|"HUB TEZIUTLAN"|"ZACAPOAXTLA"||||||"OFF RED"
4596||5|||"CABLEMAS"|"NORTE"||"PACIFICO"||"SINALOA"|"HUB AHOME"|"HUB AHOME"|"AHOME"||||||"OFF NET"
4600||16|||"SKY"|"NORTE"||"PACIFICO"||"CHIHUAHUA"|"HUB JUAREZ"|"HUB JUAREZ"|"CASAS GRANDES"||||||"OFF NET"
4604||16|||"CABLECOM"|"METRO"||"METROPOLITANA"||"HIDALGO"|"HUB TULANCINGO"|"HUB TULANCINGO"|"ACAXOCHITLAN"||||||"OFF RED"
4608||16|||"CABLEMAS"|"SUR"||"OCCIDENTE"||"JALISCO"|"HUB TEPATITLAN"|"HUB TEPATITLAN"|"MEXTICACAN"||||||"ON NET"
4612||16|||"TELECABLE"|"NORTE"||"NORESTE"||"GUANAJUATO"|"HUB IRAPUATO"|"HUB IRAPUATO"|"MOROLEON"||||||"ON NET"
4616||16|||"CABLEMAS"|"METRO"||"METROPOLITANA"||"MEXICO"|"HUB ZUMPANGO"|"HUB ZUMPANGO"|"ZUMPANGO"||||||"OFF NET"
4620||16||||"METRO"||"METROPOLITANA"||"MEXICO"|"HUB IXTLAHUACA"|"HUB IXTLAHUACA"|"ACULCO"||||||"OFF RED"
4624||16|||"CABLEMAS"|"NORTE"||"PACIFICO"||"NAYARIT"|"HUB BAHIA DE BANDERAS"|"HUB BAHIA DE BANDERAS"|"BAHIA DE BANDERAS"||||||"ON NET"
4628||16|||"TELECABLE"|"NORTE"||"PACIFICO"||"NAYARIT"|"HUB DEL NAYAR"|"HUB DEL NAYAR"|"IXTLAN DEL RIO"||||||"ON NET"
4632||16|||"TELECABLE"|"NORTE"||"PACIFICO"||"NAYARIT"|"HUB TECUALA"|"HUB TECUALA"|"TECUALA"||||||"OFF NET"
5123||16|||"CABLEMAS"|"NORTE"||"PACIFICO"||"CHIHUAHUA"|"HUB PARRAL"|"HUB PARRAL"|"SAN FCO DEL ORO"||||||"OFF NET"
5127||16|||"TELECABLE"|"SUR"||"OCCIDENTE"||"JALISCO"|"HUB TEPATITLAN"|"HUB TEPATITLAN"|"ACATIC"||||||"ON NET"
5131||16|||"SKY"|"NORTE"||"NORESTE"||"GUANAJUATO"|"HUB GUANAJUATO"|"HUB GUANAJUATO"|"DOLORES HIDALGO"||||||"OFF NET"
5135||16|||"CABLEMAS"|"SUR"||"OCCIDENTE"||"JALISCO"|"HUB TEPATITLAN"|"HUB TEPATITLAN"|"OCOTLAN"||||||"ON NET"
5139||16|||"TELECABLE"|"NORTE"||"NORESTE"||"GUANAJUATO"|"HUB PENJAMO"|"HUB PENJAMO"|"MANUEL DOBLADO"||||||"OFF NET"
5143||16|||"CABLEMAS"|"SUR"||"OCCIDENTE"||"MICHOACAN"|"HUB ZITACUARO"|"HUB ZITACUARO"|"ZITACUARO"||||||"OFF NET"
5147||16|||"CABLEMAS"|"METRO"||"METROPOLITANA"||"MORELOS"|"HUB AXOCHIAPAN"|"HUB AXOCHIAPAN"|"AXOCHIAPAN"||||||"OFF NET"
5151||16|||"CABLECOM"|"METRO"||"METROPOLITANA"||"MEXICO"|"HUB TOLUCA"|"HUB TOLUCA"|"TENANGO"||||||"OFF NET"
5155||16|||"SKY"|"NORTE"||"NORESTE"||"SAN LUIS POTOSI"|"HUB MATEHUALA"|"HUB MATEHUALA"|"SANTO DOMINGO"||||||"OFF RED"
5159||16|||"SKY"|"SUR"||"OCCIDENTE"||"OAXACA"|"HUB HUATULCO"|"HUB HUATULCO"|"SAN CARLOS YAUTEPEC"||||||"OFF RED"
5163||16|||"SKY"|"NORTE"||"NORESTE"||"SAN LUIS POTOSI"|"HUB RIOVERDE"|"HUB RIOVERDE"|"ALAQUINES"||||||"OFF NET"
5167||16|||"SKY"|"SUR"||"SURESTE"||"VERACRUZ"|"HUB POZA RICA"|"HUB POZA RICA"|"FILOMENO MATA"||||||"OFF NET"
5171||16|||"TELECABLE"|"NORTE"||"NORESTE"||"TAMAULIPAS"|"HUB NUEVO LAREDO"|"HUB NUEVO LAREDO"|"NUEVO LAREDO"||||||"ON NET"
5175||16|||"TELECABLE"|"SUR"||"SURESTE"||"VERACRUZ"|"HUB COATZACOALCOS"|"HUB COATZACOALCOS"|"JESUS CARRANZA"||||||"OFF RED"
5179||16|||"CABLECOM"|"NORTE"||"NORESTE"||"COAHUILA"|"HUB PIEDRAS NEGRAS"|"HUB PIEDRAS NEGRAS"|"PIEDRAS NEGRAS"||||||"ON NET"
5183||16|||"TELECABLE"|"SUR"||"OCCIDENTE"||"GUERRERO"|"HUB OMETEPEC"|"HUB OMETEPEC"|"SAN MARCOS"||||||"OFF NET"
5187||16|||"CABLEMAS"|"METRO"||"METROPOLITANA"||"HIDALGO"|"HUB TULA"|"HUB TULA"|"HUICHAPAN"||||||"OFF RED"
5191||16|||"CABLECOM"|"METRO"||"METROPOLITANA"||"MEXICO"|"HUB TOLUCA"|"HUB TOLUCA"|"ZINACANTEPEC"||||||"OFF NET"
5195||16|||"SKY"|"SUR"||"OCCIDENTE"||"MICHOACAN"|"HUB ZAMORA"|"HUB ZAMORA"|"COENEO"||||||"OFF RED"
5199||16|||"SKY"|"NORTE"||"PACIFICO"||"SONORA"|"HUB NAVOJOA"|"HUB NAVOJOA"|"ALAMOS"||||||"OFF RED"
5203||16|||"CABLEMAS"|"SUR"||"OCCIDENTE"||"OAXACA"|"HUB OAXACA"|"HUB OAXACA"|"OAXACA"||||||"ON NET"
5207||16|||"TELECABLE"|"NORTE"||"PACIFICO"||"ZACATECAS"|"HUB FRESNILLO"|"HUB FRESNILLO"|"GRAL FCO R MURGUIA"||||||"OFF RED"
5211||16|||"TVI"|"NORTE"||"NORESTE"||"NUEVO LEON"|"HUB GENERAL TERAN"|"HUB GENERAL TERAN"|"GENERAL BRAVO"||||||"OFF NET"
5215||16|||"SKY"|"SUR"||"SURESTE"||"CHIAPAS"|"HUB REFORMA"|"HUB REFORMA"|"OSUMACINTA"||||||"OFF NET"
5219||16|||"SKY"|"SUR"||"SURESTE"||"CHIAPAS"|"HUB TAPACHULA"|"HUB TAPACHULA"|"BEJUCAL DE OCAMPO"||||||"OFF NET"
5223||16|||"CABLEMAS"|"NORTE"||"PACIFICO"||"CHIHUAHUA"|"HUB PARRAL"|"HUB PARRAL"|"CHIH JIMENEZ"||||||"OFF NET"
5227||16|||"TELECABLE"|"SUR"||"OCCIDENTE"||"JALISCO"|"HUB GUADALAJARA"|"HUB GUADALAJARA"|"TEQUILA"||||||"ON NET"
5231||16|||"SKY"|"SUR"||"OCCIDENTE"||"GUERRERO"|"HUB ZIHUATANEJO"|"HUB ZIHUATANEJO"|"ZIHUATANEJO"||||||"OFF NET"
5235||16|||"TELECABLE"|"SUR"||"OCCIDENTE"||"JALISCO"|"HUB LAGOS DE MORENO"|"HUB LAGOS DE MORENO"|"SAN JULIAN"||||||"ON NET"
5239||16|||"CABLECOM"|"SUR"||"OCCIDENTE"||"MICHOACAN"|"HUB ZAMORA"|"HUB ZAMORA"|"PURANDIRO"||||||"OFF NET"
5243||16|||"TELECABLE"|"SUR"||"OCCIDENTE"||"MICHOACAN"|"HUB URUAPAN"|"HUB URUAPAN"|"COTIJA"||||||"OFF NET"
5247||16|||"CABLEMAS"|"METRO"||"METROPOLITANA"||"MEXICO"|"HUB ZUMPANGO"|"HUB ZUMPANGO"|"NEXTLALPAN"||||||"ON NET"
5251||16|||"TVI"|"NORTE"||"NORESTE"||"NUEVO LEON"|"HUB MONTERREY"|"HUB MONTERREY"|"MINA"||||||"OFF NET"
5255||16|||"SKY"|"SUR"||"OCCIDENTE"||"OAXACA"|"HUB SALINA CRUZ"|"HUB SALINA CRUZ"|"SAN MATEO DEL MAR"||||||"OFF RED"
5259||16|||"SKY"|"SUR"||"SURESTE"||"PUEBLA"|"HUB TECAMACHALCO"|"HUB TECAMACHALCO"|"CHILA"||||||"OFF NET"
5263||16|||"CABLEMAS"|"NORTE"||"NORESTE"||"QUERETARO"|"HUB SAN JUAN DEL RIO"|"HUB SAN JUAN DEL RIO"|"HUIMILPAN"||||||"OFF RED"
5267||16|||"SKY"|"SUR"||"SURESTE"||"TABASCO"|"HUB MACUSPANA"|"HUB MACUSPANA"|"TEAPA"||||||"OFF NET"
5271||16|||"SKY"|"SUR"||"SURESTE"||"YUCATAN"|"HUB IZAMAL"|"HUB IZAMAL"|"DZILAM DE BRAVO"||||||"OFF NET"
5275||16|||"CABLEMAS"|"NORTE"||"NORESTE"||"TAMAULIPAS"|"HUB VICTORIA"|"HUB VICTORIA"|"TULA TAM"||||||"OFF RED"
5279||16|||"SKY"|"NORTE"||"PACIFICO"||"ZACATECAS"|"HUB FRESNILLO"|"HUB FRESNILLO"|"CAÑITAS DE FELIPE PESCADOR"||||||"OFF NET"
5283||16|||"SKY"|"SUR"||"SURESTE"||"VERACRUZ"|"HUB XALAPA"|"HUB XALAPA"|"ALTO LUCERO"||||||"OFF RED"
5287||16|||"SKY"|"NORTE"||"NORESTE"||"TAMAULIPAS"|"HUB TAMPICO"|"HUB TAMPICO"|"GONZALEZ"||||||"OFF NET"
5291||16|||"CABLEMAS"|"SUR"||"SURESTE"||"VERACRUZ"|"HUB VERACRUZ"|"HUB VERACRUZ"|"ACULTZINGO"||||||"OFF NET"
5295||16|||"CABLEVISIÓN"|"NORTE"||"PACIFICO"||"BAJA CALIFORNIA SUR"|"HUB COMONDU"|"HUB COMONDU"|"COMONDU"||||||"OFF NET"
5299||16|||"SKY"|"SUR"||"OCCIDENTE"||"MICHOACAN"|"HUB URUAPAN"|"HUB URUAPAN"|"APATZINGAN"||||||"OFF NET"
5303||16|||"TVI"|"NORTE"||"NORESTE"||"NUEVO LEON"|"HUB SABINAS"|"HUB SABINAS"|"ANAHUAC"||||||"OFF NET"
5307||16|||"SKY"|"SUR"||"OCCIDENTE"||"GUERRERO"|"HUB OMETEPEC"|"HUB OMETEPEC"|"OMETEPEC"||||||"OFF NET"
5311||16|||"CABLEVISIÓN"|"SUR"||"OCCIDENTE"||"JALISCO"|"HUB PUERTO VALLARTA"|"HUB PUERTO VALLARTA"|"TOMATLAN"||||||"OFF NET"
5072||16|||"CABLECOM"|"SUR"||"SURESTE"||"TABASCO"|"HUB CARDENAS"|"HUB CARDENAS"|"CUNDUACAN"||||||"OFF NET"
5076||16|||"CABLEMAS"|"SUR"||"SURESTE"||"YUCATAN"|"HUB IZAMAL"|"HUB IZAMAL"|"TEKANTO"||||||"OFF NET"
5080||16|||"CABLECOM"|"SUR"||"SURESTE"||"TLAXCALA"|"HUB SAN PABLO DEL MONTE"|"HUB SAN PABLO DEL MONTE"|"TETLAHUACA"||||||"ON NET"
5084||16|||"CABLEMAS"|"NORTE"||"NORESTE"||"TAMAULIPAS"|"HUB VICTORIA"|"HUB VICTORIA"|"MANTE"||||||"ON NET"
5088||16|||"CABLEMAS"|"SUR"||"SURESTE"||"VERACRUZ"|"HUB POZA RICA"|"HUB POZA RICA"|"POZA RICA"||||||"ON NET"
5092||16|||"CABLEMAS"|"SUR"||"SURESTE"||"CAMPECHE"|"HUB CAMPECHE"|"HUB CAMPECHE"|"CAMPECHE"||||||"ON NET"
5096||16|||"CABLEVISIÓN"|"NORTE"||"PACIFICO"||"DURANGO"|"HUB SANTIAGO PAPASQUIARO"|"HUB SANTIAGO PAPASQUIARO"|"EL ORO"||||||"OFF NET"
5100||16|||"TVI"|"NORTE"||"NORESTE"||"NUEVO LEON"|"HUB MONTERREY"|"HUB MONTERREY"|"GENERAL ESCOBEDO"||||||"ON NET"
5104||16|||"CABLEMAS"|"SUR"||"SURESTE"||"QUINTANA ROO"|"HUB CANCUN"|"HUB CANCUN"|"LAZARO CARDENAS QROO"||||||"OFF RED"
5108||16|||"SKY"|"SUR"||"OCCIDENTE"||"OAXACA"|"HUB OAXACA"|"HUB OAXACA"|"SANTA CRUZ MIXTEPEC"||||||"OFF NET"
5112||16|||"SKY"|"NORTE"||"NORESTE"||"NUEVO LEON"|"HUB LINARES"|"HUB LINARES"|"GENERAL ZARAGOZA"||||||"OFF NET"
5116||16|||"SKY"|"SUR"||"SURESTE"||"CHIAPAS"|"HUB REFORMA"|"HUB REFORMA"|"PICHUCALCO"||||||"OFF NET"
5120||16|||"SKY"|"NORTE"||"PACIFICO"||"CHIHUAHUA"|"HUB JUAREZ"|"HUB JUAREZ"|"BUENAVENTURA"||||||"OFF NET"
5369||16|||"CABLEMAS"|"SUR"||"SURESTE"||"PUEBLA"|"HUB TEZIUTLAN"|"HUB TEZIUTLAN"|"TEZIUTLAN"||||||"ON NET"
5373||16|||"SKY"|"NORTE"||"PACIFICO"||"ZACATECAS"|"HUB NOCHISTLAN"|"HUB NOCHISTLAN"|"TLALTENANGO"||||||"OFF NET"
5377||16|||"SKY"|"NORTE"||"NORESTE"||"QUERETARO"|"HUB JALPA DE SERRA"|"HUB JALPA DE SERRA"|"JALPAN DE SERRA"||||||"OFF NET"
5381||16|||"CABLEMAS"|"SUR"||"SURESTE"||"VERACRUZ"|"HUB POZA RICA"|"HUB POZA RICA"|"TIHUATLAN"||||||"ON NET"
5385||16|||"SKY"|"SUR"||"SURESTE"||"YUCATAN"|"HUB UMAN"|"HUB UMAN"|"TETIZ"||||||"OFF RED"
5389||16|||"SKY"|"SUR"||"SURESTE"||"VERACRUZ"|"HUB XALAPA"|"HUB XALAPA"|"ACTOPAN VER"||||||"OFF RED"
5393||16|||"CABLEMAS"|"SUR"||"SURESTE"||"YUCATAN"|"HUB MERIDA"|"HUB MERIDA"|"PROGRESO"||||||"ON NET"
5397||16|||"SKY"|"SUR"||"SURESTE"||"CHIAPAS"|"HUB OCOSINGO"|"HUB OCOSINGO"|"LAS MARGARITAS"||||||"OFF RED"
5401||16|||"CABLEMAS"|"SUR"||"OCCIDENTE"||"GUERRERO"|"HUB COYUCA"|"HUB COYUCA"|"ZUMPANGO DEL RIO"||||||"OFF NET"
5405||16|||"CABLEMAS"|"SUR"||"OCCIDENTE"||"MICHOACAN"|"HUB TACAMBARO"|"HUB TACAMBARO"|"MUGICA"||||||"OFF NET"
5409||16|||"SKY"|"SUR"||"OCCIDENTE"||"GUERRERO"|"HUB CHILAPA"|"HUB CHILAPA"|"MALINALTEPEC"||||||"OFF RED"
4548||5|||"SKY"|"SUR"||"OCCIDENTE"||"OAXACA"|"HUB PINOTEPA"|"HUB PINOTEPA"|"ZENZONTEPEC"||||||"OFF RED"
4552||5|||"SKY"|"SUR"||"SURESTE"||"PUEBLA"|"HUB PUEBLA"|"HUB PUEBLA"|"CUAUTINCHAN"||||||"OFF RED"
4556||5|||"SKY"|"SUR"||"SURESTE"||"PUEBLA"|"HUB ZACATLAN"|"HUB ZACATLAN"|"AHUAZOTEPEC"||||||"OFF RED"
4560||5|||"SKY"|"NORTE"||"PACIFICO"||"ZACATECAS"|"HUB VALPARAISO"|"HUB VALPARAISO"|"MONTE ESCOBEDO"||||||"OFF NET"
4564||5|||"SKY"|"SUR"||"SURESTE"||"VERACRUZ"|"HUB XALAPA"|"HUB XALAPA"|"ALTO LUCERO"||||||"OFF RED"
4568||5|||"CABLECOM"|"SUR"||"SURESTE"||"TLAXCALA"|"HUB YAHUQUEMEHCAN"|"HUB YAHUQUEMEHCAN"|"ATLANGATEPEC"||||||"OFF NET"
4572||5|||"CABLEMAS"|"SUR"||"SURESTE"||"VERACRUZ"|"HUB VERACRUZ"|"HUB VERACRUZ"|"ORIZABA"||||||"ON NET"
5412||3|"AGU"|"759"|"TVI"|"NORTE"|"OFFNET"|"OCCIDENTE"|"OFFNET"|"AGUASCALIENTES"|"AGUASCALIENTES"|"AGUASCALIENTES"|"AGUASCALIENTES"||||"OFFNET"|"SIN PLAZA WR"|"OFF NET"
5416||3|"BCN"|"760"|"SKY"|"NORTE"|"OFFNET"|"PACIFICO"|"OFFNET"|"BAJA CALIFORNIA"|"BAJA CALIFORNIA"|"BAJA CALIFORNIA"|"BAJA CALIFORNIA"||||"OFFNET SKY"|"SIN PLAZA WR"|"OFF NET"
5420||3|"CAM"|"759"|"TVI"|"SUR"|"OFFNET"|"SURESTE"|"OFFNET"|"CAMPECHE"|"CAMPECHE"|"CAMPECHE"|"CAMPECHE"||||"OFFNET"|"SIN PLAZA WR"|"OFF NET"
5424||3|"CE"|"760"|"SKY"|"METRO"|"METRO"|"METROPOLITANA"|"MXSUR"|"CIUDAD DE MEXICO"|"CIUDAD DE MEXICO"|"CIUDAD DE MEXICO"|"CIUDAD DE MEXICO"||||"OFFNET SKY"|"SIN PLAZA WR"|"OFF NET"
5428||3|"CHIA"|"760"|"SKY"|"SUR"|"OFFNET"|"SURESTE"|"OFFNET"|"CHIAPAS"|"CHIAPAS"|"CHIAPAS"|"CHIAPAS"||||"OFFNET SKY"|"SIN PLAZA WR"|"OFF NET"
5432||3|"COL"|"759"|"TVI"|"SUR"|"OFFNET"|"OCCIDENTE"|"OFFNET"|"COLIMA"|"COLIMA"|"COLIMA"|"COLIMA"||||"OFFNET"|"SIN PLAZA WR"|"OFF NET"
5436||3|"DUR"|"759"|"TVI"|"NORTE"|"OFFNET"|"PACIFICO"|"OFFNET"|"DURANGO"|"DURANGO"|"DURANGO"|"DURANGO"||||"OFFNET"|"SIN PLAZA WR"|"OFF NET"
5440||3|"GRO"|"759"|"TVI"|"SUR"|"OFFNET"|"OCCIDENTE"|"OFFNET"|"GUERRERO"|"GUERRERO"|"GUERRERO"|"GUERRERO"||||"OFFNET"|"SIN PLAZA WR"|"OFF NET"
5444||3|"HGO"|"759"|"TVI"|"METRO"|"OFFNET"|"METROPOLITANA"|"OFFNET"|"HIDALGO"|"HIDALGO"|"HIDALGO"|"HIDALGO"||||"OFFNET"|"SIN PLAZA WR"|"OFF NET"
5448||3|"JUA"|"759"|"TVI"|"NORTE"|"NORTE"|"NORESTE"|"NORESTE"|"NUEVO LEON"|"NUEVO LEON"|"NUEVO LEON"|"NUEVO LEON"||||"OFFNET"|"SIN PLAZA WR"|"OFF NET"
5452||3|"MOR"|"760"|"SKY"|"METRO"|"INTERIOR"|"METROPOLITANA"|"CENTRO"|"MORELOS"|"MORELOS"|"MORELOS"|"MORELOS"||||"OFFNET SKY"|"SIN PLAZA WR"|"OFF NET"
5456||3|"MTH"|"759"|"TVI"|"NORTE"|"INTERIOR"|"NORESTE"|"GOLFO"|"SAN LUIS POTOSI"|"SAN LUIS POTOSI"|"SAN LUIS POTOSI"|"SAN LUIS POTOSI"||||"OFFNET"|"SIN PLAZA WR"|"OFF NET"
5460||3|"NLE"|"759"|"TVI"|"NORTE"|"OFFNET"|"NORESTE"|"OFFNET"|"NUEVO LEON"|"NUEVO LEON"|"NUEVO LEON"|"NUEVO LEON"||||"OFFNET"|"SIN PLAZA WR"|"OFF NET"
5464||3|"PUE"|"760"|"SKY"|"SUR"|"OFFNET"|"SURESTE"|"OFFNET"|"PUEBLA"|"PUEBLA"|"PUEBLA"|"PUEBLA"||||"OFFNET SKY"|"SIN PLAZA WR"|"OFF NET"
5468||3|"QUE"|"760"|"SKY"|"NORTE"|"OFFNET"|"NORESTE"|"OFFNET"|"QUERETARO"|"QUERETARO"|"QUERETARO"|"QUERETARO"||||"OFFNET SKY"|"SIN PLAZA WR"|"OFF NET"
5472||3|"SIN"|"760"|"SKY"|"NORTE"|"OFFNET"|"PACIFICO"|"OFFNET"|"SINALOA"|"SINALOA"|"SINALOA"|"SINALOA"||||"OFFNET SKY"|"SIN PLAZA WR"|"OFF NET"
5476||3|"SLPO"|"760"|"SKY"|"NORTE"|"OFFNET"|"NORESTE"|"OFFNET"|"SAN LUIS POTOSI"|"SAN LUIS POTOSI"|"SAN LUIS POTOSI"|"SAN LUIS POTOSI"||||"OFFNET SKY"|"SIN PLAZA WR"|"OFF NET"
5480||3|"ST"|"759"|"TVI"|"METRO"|"METRO"|"METROPOLITANA"|"MXNORTE"|"ESTADO DE MEXICO"|"ESTADO DE MEXICO"|"ESTADO DE MEXICO"|"ESTADO DE MEXICO"||||"OFFNET"|"SIN PLAZA WR"|"OFF NET"
5484||3|"TAMS"|"760"|"SKY"|"NORTE"|"OFFNET"|"NORESTE"|"OFFNET"|"TAMAULIPAS"|"TAMAULIPAS"|"TAMAULIPAS"|"TAMAULIPAS"||||"OFFNET SKY"|"SIN PLAZA WR"|"OFF NET"
5488||3|"TLQ"|"760"|"SKY"|"SUR"|"INTERIOR"|"OCCIDENTE"|"OCCIDENTE"|"JALISCO"|"JALISCO"|"JALISCO"|"JALISCO"||||"OFFNET SKY"|"SIN PLAZA WR"|"OFF NET"
5492||3|"VO"|"759"|"TVI"|"METRO"|"METRO"|"METROPOLITANA"|"MXNORTE"|"ESTADO DE MEXICO"|"ESTADO DE MEXICO"|"ESTADO DE MEXICO"|"ESTADO DE MEXICO"||||"OFFNET"|"SIN PLAZA WR"|"OFF NET"
5496||3|"ZACS"|"759"|"TVI"|"NORTE"|"OFFNET"|"PACIFICO"|"OFFNET"|"ZACATECAS"|"ZACATECAS"|"ZACATECAS"|"ZACATECAS"||||"OFFNET"|"SIN PLAZA WR"|"OFF NET"
5500||5|"ATX"|"759"|"TVI"|"SUR"||"SURESTE"||"PUEBLA"|"PUEBLA"|"PUEBLA"|"PUEBLA"|||||"SIN PLAZA WR"|"OFF NET"
5504||5|"BCS"|"759"|"TVI"|"NORTE"||"PACIFICO"||"BAJA CALIFORNIA SUR"|"BAJA CALIFORNIA SUR"|"BAJA CALIFORNIA SUR"|"BAJA CALIFORNIA SUR"|||||"SIN PLAZA WR"|"OFF NET"
5508||5|"CDMX"|"760"|"SKY"|"METRO"||"METROPOLITANA"||"CIUDAD DE MEXICO"|"CIUDAD DE MEXICO"|"CIUDAD DE MEXICO"|"CIUDAD DE MEXICO"|||||"SIN PLAZA WR"|"OFF NET"
5512||5|"CHH"|"760"|"SKY"|"NORTE"||"PACIFICO"||"CHIHUAHUA"|"CHIHUAHUA"|"CHIHUAHUA"|"CHIHUAHUA"|||||"SIN PLAZA WR"|"OFF NET"
5516||5|"COAH"|"760"|"SKY"|"NORTE"||"NORESTE"||"COAHUILA"|"COAHUILA"|"COAHUILA"|"COAHUILA"|||||"SIN PLAZA WR"|"OFF NET"
5520||5|"CUN"|"759"|"TVI"|"SUR"||"SURESTE"||"TABASCO"|"TABASCO"|"TABASCO"|"TABASCO"|||||"SIN PLAZA WR"|"OFF NET"
5314||16|||"CABLECOM"|"SUR"||"SURESTE"||"PUEBLA"|"HUB TEZIUTLAN"|"HUB TEZIUTLAN"|"ZACAPOAXTLA"||||||"OFF RED"
5318||16|||"CABLEMAS"|"SUR"||"OCCIDENTE"||"OAXACA"|"HUB OAXACA"|"HUB OAXACA"|"ZIMATLAN"||||||"OFF NET"
5322||16|||"CABLEVISIÓN"|"METRO"||"METROPOLITANA"||"CIUDAD DE MEXICO"|"HUB ALVARO OBREGON"|"HUB ALVARO OBREGON"|"ALVARO OBREGON CDMX"||||||"ON NET"
5326||16|||"TVI"|"NORTE"||"NORESTE"||"NUEVO LEON"|"HUB LINARES"|"HUB LINARES"|"MONTEMORELOS"||||||"ON NET"
5330||16|||"CABLEVISIÓN"|"METRO"||"METROPOLITANA"||"CIUDAD DE MEXICO"|"HUB TLAHUAC"|"HUB TLAHUAC"|"TLAHUAC"||||||"ON NET"
5334||16|||"SKY"|"SUR"||"SURESTE"||"CHIAPAS"|"HUB TAPACHULA"|"HUB TAPACHULA"|"FRONTERA HIDALGO"||||||"OFF RED"
5338||16|||"TELECABLE"|"SUR"||"OCCIDENTE"||"JALISCO"|"HUB CIUDAD GUZMAN"|"HUB CIUDAD GUZMAN"|"SAYULA"||||||"OFF NET"
5342||16|||"CABLEMAS"|"SUR"||"OCCIDENTE"||"GUERRERO"|"HUB IGUALA"|"HUB IGUALA"|"IGUALA"||||||"ON NET"
5346||16|||"CABLEMAS"|"METRO"||"METROPOLITANA"||"MEXICO"|"HUB TEPOTZOTLAN"|"HUB TEPOTZOTLAN"|"TEOLOYUCAN"||||||"ON NET"
5350||16|||"SKY"|"NORTE"||"PACIFICO"||"SINALOA"|"HUB CULIACAN"|"HUB CULIACAN"|"SAN IGNACIO"||||||"OFF NET"
5354||16|||"CABLEMAS"|"METRO"||"METROPOLITANA"||"MEXICO"|"HUB TOLUCA"|"HUB TOLUCA"|"TENANCINGO"||||||"OFF NET"
5358||16|||"SKY"|"SUR"||"SURESTE"||"PUEBLA"|"HUB IZUCAR DE MATAMOROS"|"HUB IZUCAR DE MATAMOROS"|"COATZINGO"||||||"OFF NET"
5362||16|||"CABLEMAS"|"NORTE"||"NORESTE"||"TAMAULIPAS"|"HUB SOTO LA MARINA"|"HUB SOTO LA MARINA"|"HIDALGO TAM"||||||"OFF RED"
5366||16|||"SKY"|"SUR"||"SURESTE"||"YUCATAN"|"HUB TEKAX"|"HUB TEKAX"|"KANTUNIL"||||||"OFF RED"
5004||16|||"CABLEMAS"|"NORTE"||"NORESTE"||"NUEVO LEON"|"HUB GENERAL TERAN"|"HUB GENERAL TERAN"|"GENERAL TERAN"||||||"OFF NET"
5008||16|||"SKY"|"SUR"||"OCCIDENTE"||"OAXACA"|"HUB TUXTEPEC"|"HUB TUXTEPEC"|"COTZOCON"||||||"OFF RED"
5012||16|||"CABLEMAS"|"NORTE"||"PACIFICO"||"BAJA CALIFORNIA"|"HUB ENSENADA"|"HUB ENSENADA"|"SAN QUINTIN"||||||"OFF NET"
5016||16|||"SKY"|"NORTE"||"NORESTE"||"COAHUILA"|"HUB TORREON"|"HUB TORREON"|"PARRAS"||||||"OFF NET"
5020||16|||"SKY"|"SUR"||"SURESTE"||"CHIAPAS"|"HUB REFORMA"|"HUB REFORMA"|"AMATAN"||||||"OFF RED"
5024||16|||"SKY"|"SUR"||"SURESTE"||"CHIAPAS"|"HUB SAN CRISTOBAL"|"HUB SAN CRISTOBAL"|"YAJALON"||||||"OFF NET"
5028||16|||"SKY"|"NORTE"||"PACIFICO"||"CHIHUAHUA"|"HUB CUAUHTEMOC CHIH"|"HUB CUAUHTEMOC CHIH"|"TEMOSACHIC"||||||"OFF NET"
5032||16|||"SKY"|"SUR"||"OCCIDENTE"||"GUERRERO"|"HUB IGUALA"|"HUB IGUALA"|"APAXTLA"||||||"OFF NET"
5036||16|||"TELECABLE"|"SUR"||"OCCIDENTE"||"JALISCO"|"HUB CIUDAD GUZMAN"|"HUB CIUDAD GUZMAN"|"CHAPALA"||||||"OFF NET"
5040||16|||"TELECABLE"|"SUR"||"OCCIDENTE"||"JALISCO"|"HUB TEPATITLAN"|"HUB TEPATITLAN"|"JESUS MARIA"||||||"OFF NET"
3148||3|||"CABLECOM"|"SUR"|"INTERIOR"|"SURESTE"|"GOLFO"|"TLAXCALA"|"HUB YAHUQUEMEHCAN"|"HUB YAHUQUEMEHCAN"|"YAUHQUEMEHCAN"||||"Sin RPT"||"ON NET"
3270||3|||"CABLECOM"|"SUR"|"INTERIOR"|"SURESTE"|"GOLFO"|"VERACRUZ"|"HUB XALAPA"|"HUB XALAPA"|"XALAPA"||||"Sin RPT"||"OFF NET"
3233||3|||"TVI"|"NORTE"|"NORTE"|"NORESTE"|"NORESTE"|"NUEVO LEON"|"HUB MONTERREY"|"HUB MONTERREY"|"SANTA CATARINA"||||"Sin RPT"||"ON NET"
5581||5|"ZACS"|"760"|"SKY"|"NORTE"||"PACIFICO"||"ZACATECAS"|"ZACATECAS"|"ZACATECAS"|"ZACATECAS"|||||"SIN PLAZA WR"|"OFF NET"
5594||3|"GUAI"|"760"|"SKY"|"NORTE"|"INTERIOR"|"NORESTE"|"CENTRO"|"GUANAJUATO"|"HUB IRAPUATO"|"IRAPUATO"|"IRAPUATO"||||"OFFNET SKY"||"ON NET"
5630||5|"TOL"|"759"|"TVI"|"METRO"||"METROPOLITANA"||"MEXICO"|"HUB TOLUCA"|"TOLUCA"|"TOLUCA"||||"OFFNET"||"ON NET"
3025||3|||"TELECABLE"|"SUR"|"INTERIOR"|"SURESTE"|"GOLFO"|"VERACRUZ"|"HUB PANUCO"|"HUB PANUCO"|"OZULUAMA"||||"Sin RPT"||"OFF RED"
3310||3|||"CABLECOM"|"SUR"|"INTERIOR"|"OCCIDENTE"|"SURESTE"|"OAXACA"|"HUB SALINA CRUZ"|"HUB SALINA CRUZ"|"JUCHITAN"||||"Sin RPT"||"OFF NET"
3513||3|||"TVI"|"NORTE"|"NORTE"|"NORESTE"|"NORESTE"|"NUEVO LEON"|"HUB MONTERREY"|"HUB MONTERREY"|"SAN PEDRO GARZA GARCIA"||||"Sin RPT"||"ON NET"
3189||3|||"SKY"|"SUR"|"INTERIOR"|"OCCIDENTE"|"SURESTE"|"OAXACA"|"HUB PINOTEPA"|"HUB PINOTEPA"|"PINOTEPA"||||"Sin RPT"||"OFF NET"
3285||3|||"SKY"|"SUR"|"INTERIOR"|"OCCIDENTE"|"OCCIDENTE"|"GUERRERO"|"HUB CHILAPA"|"HUB CHILAPA"|"ACATEPEC"||||"Sin RPT"||"OFF RED"
3370||3|||"SKY"|"SUR"|"INTERIOR"|"OCCIDENTE"|"OCCIDENTE"|"GUERRERO"|"HUB OMETEPEC"|"HUB OMETEPEC"|"OMETEPEC"||||"Sin RPT"||"OFF NET"
3415||3|||"SKY"|"SUR"|"INTERIOR"|"SURESTE"|"SURESTE"|"CHIAPAS"|"HUB OCOSINGO"|"HUB OCOSINGO"|"MARAVILLA TENEJAPA"||||"Sin RPT"||"OFF RED"
3138||3|||"CABLEMAS"|"NORTE"|"INTERIOR"|"NORESTE"|"GOLFO"|"SAN LUIS POTOSI"|"HUB VALLES"|"HUB VALLES"|"CIUDAD VALLES"||||"Sin RPT"||"ON NET"
3560||3|||"SKY"|"NORTE"|"INTERIOR"|"PACIFICO"|"CENTRO"|"ZACATECAS"|"HUB NOCHISTLAN"|"HUB NOCHISTLAN"|"TLALTENANGO"||||"Sin RPT"||"OFF NET"
4021||3|||"SKY"|"NORTE"|"INTERIOR"|"PACIFICO"|"CENTRO"|"ZACATECAS"|"HUB FRESNILLO"|"HUB FRESNILLO"|"SAIN ALTO"||||"Sin RPT"||"OFF RED"
5524||5|"EMEX"|"760"|"SKY"|"METRO"||"METROPOLITANA"||"ESTADO DE MEXICO"|"ESTADO DE MEXICO"|"ESTADO DE MEXICO"|"ESTADO DE MEXICO"|||||"SIN PLAZA WR"|"OFF NET"
5528||5|"GUA"|"759"|"TVI"|"NORTE"||"NORESTE"||"GUANAJUATO"|"GUANAJUATO"|"GUANAJUATO"|"GUANAJUATO"|||||"SIN PLAZA WR"|"OFF NET"
5532||5|"JAL"|"760"|"SKY"|"SUR"||"OCCIDENTE"||"JALISCO"|"JALISCO"|"JALISCO"|"JALISCO"|||||"SIN PLAZA WR"|"OFF NET"
5536||5|"MICH"|"759"|"TVI"|"SUR"||"OCCIDENTE"||"MICHOACAN DE OCAMPO"|"MICHOACAN DE OCAMPO"|"MICHOACAN DE OCAMPO"|"MICHOACAN DE OCAMPO"|||||"SIN PLAZA WR"|"OFF NET"
5540||5|"MORS"|"760"|"SKY"|"METRO"||"METROPOLITANA"||"MORELOS"|"MORELOS"|"MORELOS"|"MORELOS"|||||"SIN PLAZA WR"|"OFF NET"
5544||5|"NAY"|"760"|"SKY"|"NORTE"||"PACIFICO"||"NAYARIT"|"NAYARIT"|"NAYARIT"|"NAYARIT"|||||"SIN PLAZA WR"|"OFF NET"
5548||5|"OAX"|"759"|"TVI"|"SUR"||"OCCIDENTE"||"OAXACA"|"OAXACA"|"OAXACA"|"OAXACA"|||||"SIN PLAZA WR"|"OFF NET"
5552||5|"PZ"|"759"|"TVI"|"SUR"||"SURESTE"||"VERACRUZ"|"VERACRUZ DE IGNACIO DE LA LLAVE"|"VERACRUZ DE IGNACIO DE LA LLAVE"|"VERACRUZ DE IGNACIO DE LA LLAVE"|||||"SIN PLAZA WR"|"OFF NET"
5556||5|"ROO"|"760"|"SKY"|"SUR"||"SURESTE"||"QUINTANA ROO"|"QUINTANA ROO"|"QUINTANA ROO"|"QUINTANA ROO"|||||"SIN PLAZA WR"|"OFF NET"
5560||5|"SJR"|"759"|"TVI"|"NORTE"||"NORESTE"||"QUERETARO"|"QUERETARO"|"QUERETARO"|"QUERETARO"|||||"SIN PLAZA WR"|"OFF NET"
5564||5|"SON"|"760"|"SKY"|"NORTE"||"PACIFICO"||"SONORA"|"SONORA"|"SONORA"|"SONORA"|||||"SIN PLAZA WR"|"OFF NET"
5568||5|"TAB"|"759"|"TVI"|"SUR"||"SURESTE"||"TABASCO"|"TABASCO"|"TABASCO"|"TABASCO"|||||"SIN PLAZA WR"|"OFF NET"
5572||5|"TLAX"|"760"|"SKY"|"SUR"||"SURESTE"||"TLAXCALA"|"TLAXCALA"|"TLAXCALA"|"TLAXCALA"|||||"SIN PLAZA WR"|"OFF NET"
5576||5|"VER"|"759"|"TVI"|"SUR"||"SURESTE"||"VERACRUZ"|"VERACRUZ DE IGNACIO DE LA LLAVE"|"VERACRUZ DE IGNACIO DE LA LLAVE"|"VERACRUZ DE IGNACIO DE LA LLAVE"|||||"SIN PLAZA WR"|"OFF NET"
5580||5|"YUC"|"759"|"TVI"|"SUR"||"SURESTE"||"YUCATAN"|"YUCATAN"|"YUCATAN"|"YUCATAN"|||||"SIN PLAZA WR"|"OFF NET"
